file_name,strategy,splits,backtracks,clauses,variables,givens,unit_rule,pure_rule,execution_time
cnf/sudoku/1000-sudokus.txt/786.txt,Random,2,1,12014,729,26,4,4,1.3650991916656494
cnf/sudoku/1000-sudokus.txt/22.txt,Random,6,4,12011,729,23,11,11,1.3634836673736572
cnf/sudoku/1000-sudokus.txt/61.txt,Random,0,0,12011,729,23,1,1,1.3516578674316406
cnf/sudoku/1000-sudokus.txt/885.txt,Random,2,1,12014,729,26,4,4,1.333714246749878
cnf/sudoku/1000-sudokus.txt/925.txt,Random,1,1,12015,729,27,3,3,1.3373486995697021
cnf/sudoku/1000-sudokus.txt/327.txt,Random,7,1,12012,729,24,9,9,1.3299615383148193
cnf/sudoku/1000-sudokus.txt/237.txt,Random,0,0,12012,729,24,1,1,1.2582149505615234
cnf/sudoku/1000-sudokus.txt/78.txt,Random,26,24,12011,729,23,51,51,1.6433024406433105
cnf/sudoku/1000-sudokus.txt/869.txt,Random,2,1,12014,729,26,4,4,1.3802261352539062
cnf/sudoku/1000-sudokus.txt/771.txt,Random,16,13,12014,729,26,30,30,1.4741675853729248
cnf/sudoku/1000-sudokus.txt/368.txt,Random,3,3,12012,729,24,7,7,1.3749704360961914
cnf/sudoku/1000-sudokus.txt/693.txt,Random,6,2,12013,729,25,9,9,1.4669346809387207
cnf/sudoku/1000-sudokus.txt/826.txt,Random,0,0,12014,729,26,1,1,1.4448750019073486
cnf/sudoku/1000-sudokus.txt/596.txt,Random,0,0,12013,729,25,1,1,1.525864601135254
cnf/sudoku/1000-sudokus.txt/328.txt,Random,17,16,12012,729,24,34,34,1.5843250751495361
cnf/sudoku/1000-sudokus.txt/673.txt,Random,4,4,12013,729,25,9,9,1.4497101306915283
cnf/sudoku/1000-sudokus.txt/131.txt,Random,3,1,12011,729,23,5,5,1.4128031730651855
cnf/sudoku/1000-sudokus.txt/447.txt,Random,1,0,12013,729,25,2,2,1.4623479843139648
cnf/sudoku/1000-sudokus.txt/461.txt,Random,0,0,12013,729,25,1,1,1.3865540027618408
cnf/sudoku/1000-sudokus.txt/395.txt,Random,6,2,12012,729,24,9,9,1.4144067764282227
cnf/sudoku/1000-sudokus.txt/200.txt,Random,0,0,12012,729,24,1,1,1.429220199584961
cnf/sudoku/1000-sudokus.txt/434.txt,Random,1,1,12013,729,25,3,3,1.4353632926940918
cnf/sudoku/1000-sudokus.txt/35.txt,Random,33,32,12011,729,23,66,66,2.3646302223205566
cnf/sudoku/1000-sudokus.txt/912.txt,Random,6,6,12014,729,26,13,13,1.570934534072876
cnf/sudoku/1000-sudokus.txt/845.txt,Random,1,0,12014,729,26,2,2,1.4691216945648193
cnf/sudoku/1000-sudokus.txt/973.txt,Random,2,1,12015,729,27,4,4,1.4799866676330566
cnf/sudoku/1000-sudokus.txt/481.txt,Random,6,5,12013,729,25,12,12,1.4456787109375
cnf/sudoku/1000-sudokus.txt/298.txt,Random,13,9,12012,729,24,23,23,1.6624891757965088
cnf/sudoku/1000-sudokus.txt/1007.txt,Random,0,0,12016,729,28,1,1,1.4580378532409668
cnf/sudoku/1000-sudokus.txt/106.txt,Random,0,0,12011,729,23,1,1,1.4506199359893799
cnf/sudoku/1000-sudokus.txt/57.txt,Random,0,0,12011,729,23,1,1,1.528571605682373
cnf/sudoku/1000-sudokus.txt/871.txt,Random,3,0,12014,729,26,4,4,1.5326249599456787
cnf/sudoku/1000-sudokus.txt/398.txt,Random,8,6,12012,729,24,15,15,1.5048823356628418
cnf/sudoku/1000-sudokus.txt/617.txt,Random,9,9,12013,729,25,19,19,1.457688331604004
cnf/sudoku/1000-sudokus.txt/666.txt,Random,2,2,12013,729,25,5,5,1.4605867862701416
cnf/sudoku/1000-sudokus.txt/953.txt,Random,6,6,12015,729,27,13,13,1.6500296592712402
cnf/sudoku/1000-sudokus.txt/226.txt,Random,5,4,12012,729,24,10,10,1.4524247646331787
cnf/sudoku/1000-sudokus.txt/835.txt,Random,36,30,12014,729,26,67,67,2.223313808441162
cnf/sudoku/1000-sudokus.txt/14.txt,Random,1,0,12010,729,22,2,2,1.6587319374084473
cnf/sudoku/1000-sudokus.txt/85.txt,Random,1,0,12011,729,23,2,2,1.4797580242156982
cnf/sudoku/1000-sudokus.txt/442.txt,Random,11,10,12013,729,25,22,22,1.5939195156097412
cnf/sudoku/1000-sudokus.txt/890.txt,Random,5,4,12014,729,26,10,10,1.7078421115875244
cnf/sudoku/1000-sudokus.txt/998.txt,Random,5,2,12016,729,28,8,8,1.7036094665527344
cnf/sudoku/1000-sudokus.txt/10.txt,Random,3,2,12010,729,22,6,6,1.774068832397461
cnf/sudoku/1000-sudokus.txt/615.txt,Random,7,3,12013,729,25,11,11,1.7099993228912354
cnf/sudoku/1000-sudokus.txt/751.txt,Random,7,1,12014,729,26,9,9,1.712965965270996
cnf/sudoku/1000-sudokus.txt/823.txt,Random,9,4,12014,729,26,14,14,1.6310484409332275
cnf/sudoku/1000-sudokus.txt/146.txt,Random,0,0,12012,729,24,1,1,1.5307676792144775
cnf/sudoku/1000-sudokus.txt/212.txt,Random,2,0,12012,729,24,3,3,1.4279966354370117
cnf/sudoku/1000-sudokus.txt/924.txt,Random,18,13,12015,729,27,32,32,1.7414777278900146
cnf/sudoku/1000-sudokus.txt/873.txt,Random,7,5,12014,729,26,13,13,1.5780205726623535
cnf/sudoku/1000-sudokus.txt/930.txt,Random,9,2,12015,729,27,12,12,1.5498301982879639
cnf/sudoku/1000-sudokus.txt/231.txt,Random,14,11,12012,729,24,26,26,1.6168885231018066
cnf/sudoku/1000-sudokus.txt/415.txt,Random,6,1,12013,729,25,8,8,1.6254863739013672
cnf/sudoku/1000-sudokus.txt/964.txt,Random,1,1,12015,729,27,3,3,1.4733636379241943
cnf/sudoku/1000-sudokus.txt/225.txt,Random,1,0,12012,729,24,2,2,1.5183699131011963
cnf/sudoku/1000-sudokus.txt/767.txt,Random,2,0,12014,729,26,3,3,1.433030605316162
cnf/sudoku/1000-sudokus.txt/491.txt,Random,9,7,12013,729,25,17,17,1.474043369293213
cnf/sudoku/1000-sudokus.txt/504.txt,Random,3,1,12013,729,25,5,5,1.3603413105010986
cnf/sudoku/1000-sudokus.txt/121.txt,Random,9,3,12011,729,23,13,13,1.5788631439208984
cnf/sudoku/1000-sudokus.txt/420.txt,Random,4,2,12013,729,25,7,7,1.496631383895874
cnf/sudoku/1000-sudokus.txt/926.txt,Random,4,1,12015,729,27,6,6,1.5472514629364014
cnf/sudoku/1000-sudokus.txt/357.txt,Random,0,0,12012,729,24,1,1,1.3801209926605225
cnf/sudoku/1000-sudokus.txt/932.txt,Random,7,1,12015,729,27,9,9,1.3783595561981201
cnf/sudoku/1000-sudokus.txt/647.txt,Random,15,14,12013,729,25,30,30,1.7477054595947266
cnf/sudoku/1000-sudokus.txt/2.txt,Random,6,4,12010,729,22,11,11,1.5596888065338135
cnf/sudoku/1000-sudokus.txt/124.txt,Random,7,7,12011,729,23,15,15,1.5762133598327637
cnf/sudoku/1000-sudokus.txt/542.txt,Random,2,1,12013,729,25,4,4,1.4696323871612549
cnf/sudoku/1000-sudokus.txt/388.txt,Random,0,0,12012,729,24,1,1,1.375753402709961
cnf/sudoku/1000-sudokus.txt/539.txt,Random,3,2,12013,729,25,6,6,1.4251456260681152
cnf/sudoku/1000-sudokus.txt/548.txt,Random,2,1,12013,729,25,4,4,1.4213109016418457
cnf/sudoku/1000-sudokus.txt/909.txt,Random,9,5,12014,729,26,15,15,1.5724592208862305
cnf/sudoku/1000-sudokus.txt/567.txt,Random,9,4,12013,729,25,14,14,1.4618089199066162
cnf/sudoku/1000-sudokus.txt/583.txt,Random,1,1,12013,729,25,3,3,1.3714792728424072
cnf/sudoku/1000-sudokus.txt/702.txt,Random,16,16,12013,729,25,33,33,1.7168853282928467
cnf/sudoku/1000-sudokus.txt/790.txt,Random,11,3,12014,729,26,15,15,1.4633803367614746
cnf/sudoku/1000-sudokus.txt/526.txt,Random,0,0,12013,729,25,1,1,1.4353828430175781
cnf/sudoku/1000-sudokus.txt/249.txt,Random,1,0,12012,729,24,2,2,1.3385989665985107
cnf/sudoku/1000-sudokus.txt/612.txt,Random,7,5,12013,729,25,13,13,1.5363562107086182
cnf/sudoku/1000-sudokus.txt/291.txt,Random,1,0,12012,729,24,2,2,1.4371020793914795
cnf/sudoku/1000-sudokus.txt/935.txt,Random,3,1,12015,729,27,5,5,1.3784818649291992
cnf/sudoku/1000-sudokus.txt/385.txt,Random,4,2,12012,729,24,7,7,1.3546252250671387
cnf/sudoku/1000-sudokus.txt/1009.txt,Random,11,5,12017,729,29,17,17,1.395090103149414
cnf/sudoku/1000-sudokus.txt/243.txt,Random,6,4,12012,729,24,11,11,1.4275131225585938
cnf/sudoku/1000-sudokus.txt/220.txt,Random,7,3,12012,729,24,11,11,1.3699679374694824
cnf/sudoku/1000-sudokus.txt/611.txt,Random,11,10,12013,729,25,22,22,1.550938367843628
cnf/sudoku/1000-sudokus.txt/263.txt,Random,0,0,12012,729,24,1,1,1.398319959640503
cnf/sudoku/1000-sudokus.txt/877.txt,Random,5,4,12014,729,26,10,10,1.5507683753967285
cnf/sudoku/1000-sudokus.txt/704.txt,Random,4,1,12013,729,25,6,6,1.3891065120697021
cnf/sudoku/1000-sudokus.txt/536.txt,Random,25,19,12013,729,25,45,45,1.720158576965332
cnf/sudoku/1000-sudokus.txt/367.txt,Random,25,24,12012,729,24,50,50,1.776862621307373
cnf/sudoku/1000-sudokus.txt/878.txt,Random,1,0,12014,729,26,2,2,1.4817454814910889
cnf/sudoku/1000-sudokus.txt/370.txt,Random,9,3,12012,729,24,13,13,1.48866605758667
cnf/sudoku/1000-sudokus.txt/616.txt,Random,3,3,12013,729,25,7,7,1.4971392154693604
cnf/sudoku/1000-sudokus.txt/197.txt,Random,7,6,12012,729,24,14,14,1.5347065925598145
cnf/sudoku/1000-sudokus.txt/696.txt,Random,2,2,12013,729,25,5,5,1.5043370723724365
cnf/sudoku/1000-sudokus.txt/682.txt,Random,0,0,12013,729,25,1,1,1.3973608016967773
cnf/sudoku/1000-sudokus.txt/499.txt,Random,4,1,12013,729,25,6,6,1.5222949981689453
cnf/sudoku/1000-sudokus.txt/295.txt,Random,0,0,12012,729,24,1,1,1.430490493774414
cnf/sudoku/1000-sudokus.txt/213.txt,Random,1,0,12012,729,24,2,2,1.4386909008026123
cnf/sudoku/1000-sudokus.txt/656.txt,Random,0,0,12013,729,25,1,1,1.3589468002319336
cnf/sudoku/1000-sudokus.txt/416.txt,Random,21,18,12013,729,25,40,40,1.6869335174560547
cnf/sudoku/1000-sudokus.txt/288.txt,Random,8,6,12012,729,24,15,15,1.4567906856536865
cnf/sudoku/1000-sudokus.txt/738.txt,Random,8,6,12014,729,26,15,15,1.736969232559204
cnf/sudoku/1000-sudokus.txt/764.txt,Random,21,20,12014,729,26,42,42,1.7699203491210938
cnf/sudoku/1000-sudokus.txt/896.txt,Random,33,31,12014,729,26,65,65,2.093353748321533
cnf/sudoku/1000-sudokus.txt/940.txt,Random,7,5,12015,729,27,13,13,1.4714481830596924
cnf/sudoku/1000-sudokus.txt/584.txt,Random,33,30,12013,729,25,64,64,1.882516622543335
cnf/sudoku/1000-sudokus.txt/245.txt,Random,13,11,12012,729,24,25,25,1.5892949104309082
cnf/sudoku/1000-sudokus.txt/687.txt,Random,18,15,12013,729,25,34,34,1.897599458694458
cnf/sudoku/1000-sudokus.txt/340.txt,Random,0,0,12012,729,24,1,1,1.6796677112579346
cnf/sudoku/1000-sudokus.txt/91.txt,Random,3,2,12011,729,23,6,6,1.6006593704223633
cnf/sudoku/1000-sudokus.txt/937.txt,Random,0,0,12015,729,27,1,1,1.4752600193023682
cnf/sudoku/1000-sudokus.txt/460.txt,Random,6,3,12013,729,25,10,10,1.5782487392425537
cnf/sudoku/1000-sudokus.txt/66.txt,Random,0,0,12011,729,23,1,1,1.4795713424682617
cnf/sudoku/1000-sudokus.txt/302.txt,Random,0,0,12012,729,24,1,1,1.4771127700805664
cnf/sudoku/1000-sudokus.txt/755.txt,Random,15,13,12014,729,26,29,29,1.6595008373260498
cnf/sudoku/1000-sudokus.txt/479.txt,Random,0,0,12013,729,25,1,1,1.468346118927002
cnf/sudoku/1000-sudokus.txt/544.txt,Random,24,20,12013,729,25,45,45,1.6132760047912598
cnf/sudoku/1000-sudokus.txt/954.txt,Random,8,5,12015,729,27,14,14,1.5318779945373535
cnf/sudoku/1000-sudokus.txt/716.txt,Random,0,0,12014,729,26,1,1,1.403444766998291
cnf/sudoku/1000-sudokus.txt/51.txt,Random,0,0,12011,729,23,1,1,1.4419615268707275
cnf/sudoku/1000-sudokus.txt/651.txt,Random,0,0,12013,729,25,1,1,1.377427339553833
cnf/sudoku/1000-sudokus.txt/712.txt,Random,8,6,12014,729,26,15,15,1.4304823875427246
cnf/sudoku/1000-sudokus.txt/967.txt,Random,2,2,12015,729,27,5,5,1.3956871032714844
cnf/sudoku/1000-sudokus.txt/439.txt,Random,0,0,12013,729,25,1,1,1.350475549697876
cnf/sudoku/1000-sudokus.txt/104.txt,Random,0,0,12011,729,23,1,1,1.410468578338623
cnf/sudoku/1000-sudokus.txt/962.txt,Random,2,1,12015,729,27,4,4,1.3956451416015625
cnf/sudoku/1000-sudokus.txt/167.txt,Random,2,1,12012,729,24,4,4,1.3474395275115967
cnf/sudoku/1000-sudokus.txt/54.txt,Random,7,5,12011,729,23,13,13,1.4216623306274414
cnf/sudoku/1000-sudokus.txt/365.txt,Random,0,0,12012,729,24,1,1,1.406057596206665
cnf/sudoku/1000-sudokus.txt/230.txt,Random,3,1,12012,729,24,5,5,1.4036204814910889
cnf/sudoku/1000-sudokus.txt/247.txt,Random,0,0,12012,729,24,1,1,1.6517829895019531
cnf/sudoku/1000-sudokus.txt/56.txt,Random,0,0,12011,729,23,1,1,1.5442392826080322
cnf/sudoku/1000-sudokus.txt/922.txt,Random,2,0,12015,729,27,3,3,1.515995740890503
cnf/sudoku/1000-sudokus.txt/75.txt,Random,0,0,12011,729,23,1,1,1.4244272708892822
cnf/sudoku/1000-sudokus.txt/970.txt,Random,9,7,12015,729,27,17,17,1.63216233253479
cnf/sudoku/1000-sudokus.txt/522.txt,Random,0,0,12013,729,25,1,1,1.4628303050994873
cnf/sudoku/1000-sudokus.txt/48.txt,Random,28,27,12011,729,23,56,56,1.9410464763641357
cnf/sudoku/1000-sudokus.txt/783.txt,Random,13,13,12014,729,26,27,27,1.7339792251586914
cnf/sudoku/1000-sudokus.txt/899.txt,Random,2,0,12014,729,26,3,3,1.3951818943023682
cnf/sudoku/1000-sudokus.txt/13.txt,Random,4,3,12010,729,22,8,8,1.496335744857788
cnf/sudoku/1000-sudokus.txt/581.txt,Random,0,0,12013,729,25,1,1,1.3717515468597412
cnf/sudoku/1000-sudokus.txt/156.txt,Random,3,2,12012,729,24,6,6,1.3768894672393799
cnf/sudoku/1000-sudokus.txt/128.txt,Random,11,11,12011,729,23,23,23,1.484053373336792
cnf/sudoku/1000-sudokus.txt/721.txt,Random,22,18,12014,729,26,41,41,1.7722969055175781
cnf/sudoku/1000-sudokus.txt/805.txt,Random,9,9,12014,729,26,19,19,1.481353521347046
cnf/sudoku/1000-sudokus.txt/69.txt,Random,0,0,12011,729,23,1,1,1.3685827255249023
cnf/sudoku/1000-sudokus.txt/459.txt,Random,4,2,12013,729,25,7,7,1.4520080089569092
cnf/sudoku/1000-sudokus.txt/70.txt,Random,52,47,12011,729,23,100,100,2.4429633617401123
cnf/sudoku/1000-sudokus.txt/761.txt,Random,3,2,12014,729,26,6,6,1.5835039615631104
cnf/sudoku/1000-sudokus.txt/393.txt,Random,4,2,12012,729,24,7,7,1.589308500289917
cnf/sudoku/1000-sudokus.txt/875.txt,Random,7,4,12014,729,26,12,12,1.5663769245147705
cnf/sudoku/1000-sudokus.txt/335.txt,Random,19,16,12012,729,24,36,36,1.8429908752441406
cnf/sudoku/1000-sudokus.txt/350.txt,Random,2,0,12012,729,24,3,3,1.5759358406066895
cnf/sudoku/1000-sudokus.txt/750.txt,Random,37,37,12014,729,26,75,75,2.4657764434814453
cnf/sudoku/1000-sudokus.txt/531.txt,Random,6,1,12013,729,25,8,8,1.58843994140625
cnf/sudoku/1000-sudokus.txt/624.txt,Random,0,0,12013,729,25,1,1,1.460496425628662
cnf/sudoku/1000-sudokus.txt/828.txt,Random,20,14,12014,729,26,35,35,1.7329487800598145
cnf/sudoku/1000-sudokus.txt/880.txt,Random,10,8,12014,729,26,19,19,1.732973337173462
cnf/sudoku/1000-sudokus.txt/585.txt,Random,10,9,12013,729,25,20,20,1.7062187194824219
cnf/sudoku/1000-sudokus.txt/726.txt,Random,2,0,12014,729,26,3,3,1.5178542137145996
cnf/sudoku/1000-sudokus.txt/604.txt,Random,12,9,12013,729,25,22,22,1.6063973903656006
cnf/sudoku/1000-sudokus.txt/284.txt,Random,1,0,12012,729,24,2,2,1.3592007160186768
cnf/sudoku/1000-sudokus.txt/425.txt,Random,6,3,12013,729,25,10,10,1.4829514026641846
cnf/sudoku/1000-sudokus.txt/1006.txt,Random,5,5,12016,729,28,11,11,1.5112903118133545
cnf/sudoku/1000-sudokus.txt/486.txt,Random,1,1,12013,729,25,3,3,1.420680284500122
cnf/sudoku/1000-sudokus.txt/839.txt,Random,10,6,12014,729,26,17,17,1.5465672016143799
cnf/sudoku/1000-sudokus.txt/569.txt,Random,0,0,12013,729,25,1,1,1.4211628437042236
cnf/sudoku/1000-sudokus.txt/454.txt,Random,3,3,12013,729,25,7,7,1.4886016845703125
cnf/sudoku/1000-sudokus.txt/947.txt,Random,8,7,12015,729,27,16,16,1.5360429286956787
cnf/sudoku/1000-sudokus.txt/650.txt,Random,4,4,12013,729,25,9,9,1.365591049194336
cnf/sudoku/1000-sudokus.txt/576.txt,Random,0,0,12013,729,25,1,1,1.4200937747955322
cnf/sudoku/1000-sudokus.txt/402.txt,Random,2,1,12013,729,25,4,4,1.403841495513916
cnf/sudoku/1000-sudokus.txt/82.txt,Random,0,0,12011,729,23,1,1,1.4137272834777832
cnf/sudoku/1000-sudokus.txt/891.txt,Random,4,4,12014,729,26,9,9,1.6822607517242432
cnf/sudoku/1000-sudokus.txt/607.txt,Random,4,3,12013,729,25,8,8,1.6418921947479248
cnf/sudoku/1000-sudokus.txt/814.txt,Random,0,0,12014,729,26,1,1,1.4805409908294678
cnf/sudoku/1000-sudokus.txt/837.txt,Random,3,3,12014,729,26,7,7,1.7392652034759521
cnf/sudoku/1000-sudokus.txt/12.txt,Random,4,2,12010,729,22,7,7,1.4979121685028076
cnf/sudoku/1000-sudokus.txt/709.txt,Random,8,4,12014,729,26,13,13,1.5831515789031982
cnf/sudoku/1000-sudokus.txt/974.txt,Random,12,9,12015,729,27,22,22,1.6801586151123047
cnf/sudoku/1000-sudokus.txt/484.txt,Random,12,6,12013,729,25,19,19,1.5140550136566162
cnf/sudoku/1000-sudokus.txt/149.txt,Random,0,0,12012,729,24,1,1,1.5227088928222656
cnf/sudoku/1000-sudokus.txt/987.txt,Random,7,2,12015,729,27,10,10,1.4843740463256836
cnf/sudoku/1000-sudokus.txt/872.txt,Random,2,0,12014,729,26,3,3,1.4324951171875
cnf/sudoku/1000-sudokus.txt/643.txt,Random,0,0,12013,729,25,1,1,1.5577044486999512
cnf/sudoku/1000-sudokus.txt/449.txt,Random,0,0,12013,729,25,1,1,1.566476583480835
cnf/sudoku/1000-sudokus.txt/238.txt,Random,51,48,12012,729,24,100,100,2.4540414810180664
cnf/sudoku/1000-sudokus.txt/653.txt,Random,30,30,12013,729,25,61,61,2.0931477546691895
cnf/sudoku/1000-sudokus.txt/533.txt,Random,3,0,12013,729,25,4,4,1.6132547855377197
cnf/sudoku/1000-sudokus.txt/265.txt,Random,0,0,12012,729,24,1,1,1.6554193496704102
cnf/sudoku/1000-sudokus.txt/349.txt,Random,0,0,12012,729,24,1,1,1.617525339126587
cnf/sudoku/1000-sudokus.txt/410.txt,Random,0,0,12013,729,25,1,1,1.5805292129516602
cnf/sudoku/1000-sudokus.txt/519.txt,Random,11,9,12013,729,25,21,21,1.4910390377044678
cnf/sudoku/1000-sudokus.txt/545.txt,Random,9,7,12013,729,25,17,17,1.520684003829956
cnf/sudoku/1000-sudokus.txt/527.txt,Random,14,8,12013,729,25,23,23,1.8739268779754639
cnf/sudoku/1000-sudokus.txt/628.txt,Random,5,5,12013,729,25,11,11,1.8750593662261963
cnf/sudoku/1000-sudokus.txt/97.txt,Random,3,1,12011,729,23,5,5,1.6322219371795654
cnf/sudoku/1000-sudokus.txt/165.txt,Random,6,0,12012,729,24,7,7,1.4733755588531494
cnf/sudoku/1000-sudokus.txt/564.txt,Random,12,12,12013,729,25,25,25,1.6702628135681152
cnf/sudoku/1000-sudokus.txt/277.txt,Random,3,1,12012,729,24,5,5,1.4950497150421143
cnf/sudoku/1000-sudokus.txt/6.txt,Random,0,0,12010,729,22,1,1,1.5950157642364502
cnf/sudoku/1000-sudokus.txt/898.txt,Random,0,0,12014,729,26,1,1,1.5948944091796875
cnf/sudoku/1000-sudokus.txt/324.txt,Random,33,27,12012,729,24,61,61,2.2288947105407715
cnf/sudoku/1000-sudokus.txt/724.txt,Random,8,4,12014,729,26,13,13,1.8294668197631836
cnf/sudoku/1000-sudokus.txt/289.txt,Random,0,0,12012,729,24,1,1,1.6062531471252441
cnf/sudoku/1000-sudokus.txt/164.txt,Random,0,0,12012,729,24,1,1,1.5213756561279297
cnf/sudoku/1000-sudokus.txt/763.txt,Random,42,38,12014,729,26,81,81,2.5173752307891846
cnf/sudoku/1000-sudokus.txt/219.txt,Random,8,6,12012,729,24,15,15,1.6128721237182617
cnf/sudoku/1000-sudokus.txt/117.txt,Random,0,0,12011,729,23,1,1,1.5060029029846191
cnf/sudoku/1000-sudokus.txt/680.txt,Random,3,3,12013,729,25,7,7,1.5539028644561768
cnf/sudoku/1000-sudokus.txt/690.txt,Random,2,0,12013,729,25,3,3,1.4949474334716797
cnf/sudoku/1000-sudokus.txt/644.txt,Random,0,0,12013,729,25,1,1,1.4873297214508057
cnf/sudoku/1000-sudokus.txt/613.txt,Random,0,0,12013,729,25,1,1,1.5983104705810547
cnf/sudoku/1000-sudokus.txt/47.txt,Random,0,0,12011,729,23,1,1,1.671619176864624
cnf/sudoku/1000-sudokus.txt/16.txt,Random,0,0,12010,729,22,1,1,1.3817732334136963
cnf/sudoku/1000-sudokus.txt/448.txt,Random,4,2,12013,729,25,7,7,1.4331881999969482
cnf/sudoku/1000-sudokus.txt/274.txt,Random,2,2,12012,729,24,5,5,1.4197583198547363
cnf/sudoku/1000-sudokus.txt/37.txt,Random,4,1,12011,729,23,6,6,1.4096040725708008
cnf/sudoku/1000-sudokus.txt/23.txt,Random,0,0,12011,729,23,1,1,1.3841347694396973
cnf/sudoku/1000-sudokus.txt/334.txt,Random,23,18,12012,729,24,42,42,1.7518837451934814
cnf/sudoku/1000-sudokus.txt/588.txt,Random,3,1,12013,729,25,5,5,1.4678268432617188
cnf/sudoku/1000-sudokus.txt/116.txt,Random,1,0,12011,729,23,2,2,1.48036789894104
cnf/sudoku/1000-sudokus.txt/745.txt,Random,4,3,12014,729,26,8,8,1.5101799964904785
cnf/sudoku/1000-sudokus.txt/897.txt,Random,1,0,12014,729,26,2,2,1.4088454246520996
cnf/sudoku/1000-sudokus.txt/492.txt,Random,0,0,12013,729,25,1,1,1.4535088539123535
cnf/sudoku/1000-sudokus.txt/135.txt,Random,0,0,12011,729,23,1,1,1.4291658401489258
cnf/sudoku/1000-sudokus.txt/234.txt,Random,41,39,12012,729,24,81,81,2.0864365100860596
cnf/sudoku/1000-sudokus.txt/503.txt,Random,17,17,12013,729,25,35,35,1.6753928661346436
cnf/sudoku/1000-sudokus.txt/798.txt,Random,0,0,12014,729,26,1,1,1.417074203491211
cnf/sudoku/1000-sudokus.txt/874.txt,Random,9,4,12014,729,26,14,14,1.4603326320648193
cnf/sudoku/1000-sudokus.txt/221.txt,Random,0,0,12012,729,24,1,1,1.4546887874603271
cnf/sudoku/1000-sudokus.txt/824.txt,Random,19,16,12014,729,26,36,36,1.7734432220458984
cnf/sudoku/1000-sudokus.txt/538.txt,Random,3,2,12013,729,25,6,6,1.7942850589752197
cnf/sudoku/1000-sudokus.txt/41.txt,Random,0,0,12011,729,23,1,1,1.5325853824615479
cnf/sudoku/1000-sudokus.txt/948.txt,Random,19,10,12015,729,27,30,30,1.7560641765594482
cnf/sudoku/1000-sudokus.txt/753.txt,Random,31,22,12014,729,26,54,54,1.8519110679626465
cnf/sudoku/1000-sudokus.txt/774.txt,Random,49,48,12014,729,26,98,98,2.262802839279175
cnf/sudoku/1000-sudokus.txt/58.txt,Random,17,15,12011,729,23,33,33,1.7447259426116943
cnf/sudoku/1000-sudokus.txt/411.txt,Random,4,2,12013,729,25,7,7,1.5516674518585205
cnf/sudoku/1000-sudokus.txt/512.txt,Random,0,0,12013,729,25,1,1,1.55255126953125
cnf/sudoku/1000-sudokus.txt/645.txt,Random,5,2,12013,729,25,8,8,1.4229655265808105
cnf/sudoku/1000-sudokus.txt/992.txt,Random,2,0,12015,729,27,3,3,1.550201416015625
cnf/sudoku/1000-sudokus.txt/523.txt,Random,0,0,12013,729,25,1,1,1.4769513607025146
cnf/sudoku/1000-sudokus.txt/1001.txt,Random,26,24,12016,729,28,51,51,1.9310591220855713
cnf/sudoku/1000-sudokus.txt/945.txt,Random,0,0,12015,729,27,1,1,1.4658310413360596
cnf/sudoku/1000-sudokus.txt/173.txt,Random,0,0,12012,729,24,1,1,1.4312443733215332
cnf/sudoku/1000-sudokus.txt/472.txt,Random,26,25,12013,729,25,52,52,1.8304781913757324
cnf/sudoku/1000-sudokus.txt/194.txt,Random,9,5,12012,729,24,15,15,1.5297231674194336
cnf/sudoku/1000-sudokus.txt/122.txt,Random,50,45,12011,729,23,96,96,2.6964499950408936
cnf/sudoku/1000-sudokus.txt/441.txt,Random,11,8,12013,729,25,20,20,1.6875207424163818
cnf/sudoku/1000-sudokus.txt/760.txt,Random,10,5,12014,729,26,16,16,1.7544877529144287
cnf/sudoku/1000-sudokus.txt/240.txt,Random,0,0,12012,729,24,1,1,1.5919930934906006
cnf/sudoku/1000-sudokus.txt/105.txt,Random,0,0,12011,729,23,1,1,1.5778284072875977
cnf/sudoku/1000-sudokus.txt/664.txt,Random,0,0,12013,729,25,1,1,1.4996893405914307
cnf/sudoku/1000-sudokus.txt/505.txt,Random,6,2,12013,729,25,9,9,1.5040922164916992
cnf/sudoku/1000-sudokus.txt/557.txt,Random,1,1,12013,729,25,3,3,1.5509247779846191
cnf/sudoku/1000-sudokus.txt/488.txt,Random,5,2,12013,729,25,8,8,1.5314826965332031
cnf/sudoku/1000-sudokus.txt/89.txt,Random,1,0,12011,729,23,2,2,1.5143980979919434
cnf/sudoku/1000-sudokus.txt/715.txt,Random,6,4,12014,729,26,11,11,1.4987013339996338
cnf/sudoku/1000-sudokus.txt/140.txt,Random,1,0,12012,729,24,2,2,1.4193038940429688
cnf/sudoku/1000-sudokus.txt/161.txt,Random,0,0,12012,729,24,1,1,1.5084011554718018
cnf/sudoku/1000-sudokus.txt/638.txt,Random,3,1,12013,729,25,5,5,1.3464994430541992
cnf/sudoku/1000-sudokus.txt/506.txt,Random,8,4,12013,729,25,13,13,1.4978246688842773
cnf/sudoku/1000-sudokus.txt/860.txt,Random,1,0,12014,729,26,2,2,1.467921257019043
cnf/sudoku/1000-sudokus.txt/223.txt,Random,1,0,12012,729,24,2,2,1.5101797580718994
cnf/sudoku/1000-sudokus.txt/264.txt,Random,3,3,12012,729,24,7,7,1.5179519653320312
cnf/sudoku/1000-sudokus.txt/312.txt,Random,0,0,12012,729,24,1,1,1.517648696899414
cnf/sudoku/1000-sudokus.txt/431.txt,Random,0,0,12013,729,25,1,1,1.4683253765106201
cnf/sudoku/1000-sudokus.txt/907.txt,Random,12,10,12014,729,26,23,23,1.7694387435913086
cnf/sudoku/1000-sudokus.txt/785.txt,Random,18,17,12014,729,26,36,36,1.7702765464782715
cnf/sudoku/1000-sudokus.txt/369.txt,Random,3,1,12012,729,24,5,5,1.5333762168884277
cnf/sudoku/1000-sudokus.txt/916.txt,Random,0,0,12015,729,27,1,1,1.6454603672027588
cnf/sudoku/1000-sudokus.txt/137.txt,Random,0,0,12011,729,23,1,1,1.5414843559265137
cnf/sudoku/1000-sudokus.txt/887.txt,Random,0,0,12014,729,26,1,1,1.5937438011169434
cnf/sudoku/1000-sudokus.txt/171.txt,Random,9,6,12012,729,24,16,16,1.6562156677246094
cnf/sudoku/1000-sudokus.txt/727.txt,Random,4,0,12014,729,26,5,5,1.4422543048858643
cnf/sudoku/1000-sudokus.txt/614.txt,Random,12,9,12013,729,25,22,22,1.9637110233306885
cnf/sudoku/1000-sudokus.txt/235.txt,Random,0,0,12012,729,24,1,1,1.6887714862823486
cnf/sudoku/1000-sudokus.txt/999.txt,Random,8,6,12016,729,28,15,15,1.7957277297973633
cnf/sudoku/1000-sudokus.txt/686.txt,Random,45,38,12013,729,25,84,84,3.1031038761138916
cnf/sudoku/1000-sudokus.txt/371.txt,Random,1,1,12012,729,24,3,3,2.316408157348633
cnf/sudoku/1000-sudokus.txt/592.txt,Random,0,0,12013,729,25,1,1,1.8310716152191162
cnf/sudoku/1000-sudokus.txt/821.txt,Random,11,9,12014,729,26,21,21,1.6290385723114014
cnf/sudoku/1000-sudokus.txt/791.txt,Random,0,0,12014,729,26,1,1,1.489271879196167
cnf/sudoku/1000-sudokus.txt/309.txt,Random,3,2,12012,729,24,6,6,1.4772615432739258
cnf/sudoku/1000-sudokus.txt/251.txt,Random,31,26,12012,729,24,58,58,2.1877236366271973
cnf/sudoku/1000-sudokus.txt/757.txt,Random,10,10,12014,729,26,21,21,1.8520207405090332
cnf/sudoku/1000-sudokus.txt/590.txt,Random,12,10,12013,729,25,23,23,1.7447078227996826
cnf/sudoku/1000-sudokus.txt/257.txt,Random,0,0,12012,729,24,1,1,1.5346155166625977
cnf/sudoku/1000-sudokus.txt/688.txt,Random,2,0,12013,729,25,3,3,1.5839042663574219
cnf/sudoku/1000-sudokus.txt/228.txt,Random,15,10,12012,729,24,26,26,1.6053812503814697
cnf/sudoku/1000-sudokus.txt/355.txt,Random,6,4,12012,729,24,11,11,1.5452187061309814
cnf/sudoku/1000-sudokus.txt/254.txt,Random,1,1,12012,729,24,3,3,1.464439868927002
cnf/sudoku/1000-sudokus.txt/353.txt,Random,0,0,12012,729,24,1,1,1.4365520477294922
cnf/sudoku/1000-sudokus.txt/1002.txt,Random,15,8,12016,729,28,24,24,1.4914190769195557
cnf/sudoku/1000-sudokus.txt/723.txt,Random,1,0,12014,729,26,2,2,1.498103141784668
cnf/sudoku/1000-sudokus.txt/810.txt,Random,9,6,12014,729,26,16,16,1.6323168277740479
cnf/sudoku/1000-sudokus.txt/181.txt,Random,20,18,12012,729,24,39,39,1.9678475856781006
cnf/sudoku/1000-sudokus.txt/268.txt,Random,3,0,12012,729,24,4,4,1.615128517150879
cnf/sudoku/1000-sudokus.txt/204.txt,Random,1,0,12012,729,24,2,2,1.4939212799072266
cnf/sudoku/1000-sudokus.txt/509.txt,Random,8,8,12013,729,25,17,17,1.7420291900634766
cnf/sudoku/1000-sudokus.txt/991.txt,Random,5,2,12015,729,27,8,8,1.6719470024108887
cnf/sudoku/1000-sudokus.txt/599.txt,Random,10,3,12013,729,25,14,14,1.7039122581481934
cnf/sudoku/1000-sudokus.txt/176.txt,Random,7,4,12012,729,24,12,12,1.8456106185913086
cnf/sudoku/1000-sudokus.txt/719.txt,Random,0,0,12014,729,26,1,1,1.5517902374267578
cnf/sudoku/1000-sudokus.txt/444.txt,Random,10,7,12013,729,25,18,18,1.578941822052002
cnf/sudoku/1000-sudokus.txt/9.txt,Random,11,7,12010,729,22,19,19,1.7161779403686523
cnf/sudoku/1000-sudokus.txt/239.txt,Random,4,3,12012,729,24,8,8,1.5351924896240234
cnf/sudoku/1000-sudokus.txt/820.txt,Random,20,17,12014,729,26,38,38,1.6887009143829346
cnf/sudoku/1000-sudokus.txt/648.txt,Random,20,19,12013,729,25,40,40,1.8083069324493408
cnf/sudoku/1000-sudokus.txt/83.txt,Random,14,11,12011,729,23,26,26,1.8465602397918701
cnf/sudoku/1000-sudokus.txt/63.txt,Random,0,0,12011,729,23,1,1,1.5783324241638184
cnf/sudoku/1000-sudokus.txt/961.txt,Random,6,5,12015,729,27,12,12,1.5468134880065918
cnf/sudoku/1000-sudokus.txt/59.txt,Random,11,4,12011,729,23,16,16,1.5716280937194824
cnf/sudoku/1000-sudokus.txt/958.txt,Random,4,2,12015,729,27,7,7,1.8514559268951416
cnf/sudoku/1000-sudokus.txt/120.txt,Random,4,2,12011,729,23,7,7,1.6531600952148438
cnf/sudoku/1000-sudokus.txt/809.txt,Random,24,19,12014,729,26,44,44,2.235306739807129
cnf/sudoku/1000-sudokus.txt/18.txt,Random,0,0,12010,729,22,1,1,1.5887503623962402
cnf/sudoku/1000-sudokus.txt/248.txt,Random,0,0,12012,729,24,1,1,1.4991602897644043
cnf/sudoku/1000-sudokus.txt/382.txt,Random,0,0,12012,729,24,1,1,1.472414255142212
cnf/sudoku/1000-sudokus.txt/627.txt,Random,1,0,12013,729,25,2,2,1.4102845191955566
cnf/sudoku/1000-sudokus.txt/414.txt,Random,16,15,12013,729,25,32,32,1.8508884906768799
cnf/sudoku/1000-sudokus.txt/733.txt,Random,2,0,12014,729,26,3,3,1.548280954360962
cnf/sudoku/1000-sudokus.txt/92.txt,Random,7,5,12011,729,23,13,13,1.6956398487091064
cnf/sudoku/1000-sudokus.txt/252.txt,Random,0,0,12012,729,24,1,1,1.4876751899719238
cnf/sudoku/1000-sudokus.txt/850.txt,Random,2,0,12014,729,26,3,3,1.423457384109497
cnf/sudoku/1000-sudokus.txt/679.txt,Random,4,2,12013,729,25,7,7,1.5055060386657715
cnf/sudoku/1000-sudokus.txt/711.txt,Random,3,1,12014,729,26,5,5,1.6367335319519043
cnf/sudoku/1000-sudokus.txt/657.txt,Random,17,13,12013,729,25,31,31,1.5776705741882324
cnf/sudoku/1000-sudokus.txt/380.txt,Random,4,3,12012,729,24,8,8,1.528879165649414
cnf/sudoku/1000-sudokus.txt/403.txt,Random,2,1,12013,729,25,4,4,1.6865918636322021
cnf/sudoku/1000-sudokus.txt/71.txt,Random,1,0,12011,729,23,2,2,1.6776278018951416
cnf/sudoku/1000-sudokus.txt/465.txt,Random,5,1,12013,729,25,7,7,1.6736879348754883
cnf/sudoku/1000-sudokus.txt/554.txt,Random,1,0,12013,729,25,2,2,1.464097499847412
cnf/sudoku/1000-sudokus.txt/290.txt,Random,4,4,12012,729,24,9,9,1.5299899578094482
cnf/sudoku/1000-sudokus.txt/297.txt,Random,6,5,12012,729,24,12,12,1.5708143711090088
cnf/sudoku/1000-sudokus.txt/487.txt,Random,8,8,12013,729,25,17,17,1.554264783859253
cnf/sudoku/1000-sudokus.txt/190.txt,Random,6,4,12012,729,24,11,11,1.462059497833252
cnf/sudoku/1000-sudokus.txt/518.txt,Random,6,2,12013,729,25,9,9,1.546633005142212
cnf/sudoku/1000-sudokus.txt/17.txt,Random,0,0,12010,729,22,1,1,1.5929090976715088
cnf/sudoku/1000-sudokus.txt/278.txt,Random,0,0,12012,729,24,1,1,1.5740258693695068
cnf/sudoku/1000-sudokus.txt/67.txt,Random,14,14,12011,729,23,29,29,1.7099997997283936
cnf/sudoku/1000-sudokus.txt/139.txt,Random,20,16,12012,729,24,37,37,1.7418272495269775
cnf/sudoku/1000-sudokus.txt/773.txt,Random,0,0,12014,729,26,1,1,1.7166728973388672
cnf/sudoku/1000-sudokus.txt/918.txt,Random,0,0,12015,729,27,1,1,1.7120263576507568
cnf/sudoku/1000-sudokus.txt/407.txt,Random,2,1,12013,729,25,4,4,1.8287506103515625
cnf/sudoku/1000-sudokus.txt/759.txt,Random,6,5,12014,729,26,12,12,1.6584162712097168
cnf/sudoku/1000-sudokus.txt/668.txt,Random,1,1,12013,729,25,3,3,1.5787100791931152
cnf/sudoku/1000-sudokus.txt/788.txt,Random,9,5,12014,729,26,15,15,1.646726369857788
cnf/sudoku/1000-sudokus.txt/904.txt,Random,25,22,12014,729,26,48,48,2.116575241088867
cnf/sudoku/1000-sudokus.txt/675.txt,Random,22,22,12013,729,25,45,45,1.9672918319702148
cnf/sudoku/1000-sudokus.txt/381.txt,Random,0,0,12012,729,24,1,1,1.6142587661743164
cnf/sudoku/1000-sudokus.txt/493.txt,Random,2,0,12013,729,25,3,3,1.4484574794769287
cnf/sudoku/1000-sudokus.txt/318.txt,Random,1,0,12012,729,24,2,2,1.423983097076416
cnf/sudoku/1000-sudokus.txt/779.txt,Random,7,5,12014,729,26,13,13,1.603996992111206
cnf/sudoku/1000-sudokus.txt/1008.txt,Random,7,3,12016,729,28,11,11,1.4565379619598389
cnf/sudoku/1000-sudokus.txt/708.txt,Random,9,6,12014,729,26,16,16,1.6321601867675781
cnf/sudoku/1000-sudokus.txt/217.txt,Random,0,0,12012,729,24,1,1,1.5047905445098877
cnf/sudoku/1000-sudokus.txt/330.txt,Random,6,0,12012,729,24,7,7,1.434835433959961
cnf/sudoku/1000-sudokus.txt/329.txt,Random,7,6,12012,729,24,14,14,1.4868495464324951
cnf/sudoku/1000-sudokus.txt/983.txt,Random,7,2,12015,729,27,10,10,1.3898065090179443
cnf/sudoku/1000-sudokus.txt/853.txt,Random,1,1,12014,729,26,3,3,1.559798002243042
cnf/sudoku/1000-sudokus.txt/827.txt,Random,2,1,12014,729,26,4,4,1.3531105518341064
cnf/sudoku/1000-sudokus.txt/698.txt,Random,0,0,12013,729,25,1,1,1.4701921939849854
cnf/sudoku/1000-sudokus.txt/175.txt,Random,7,6,12012,729,24,14,14,1.4823434352874756
cnf/sudoku/1000-sudokus.txt/215.txt,Random,11,9,12012,729,24,21,21,1.7283697128295898
cnf/sudoku/1000-sudokus.txt/602.txt,Random,5,2,12013,729,25,8,8,1.5680270195007324
cnf/sudoku/1000-sudokus.txt/517.txt,Random,6,6,12013,729,25,13,13,1.3861026763916016
cnf/sudoku/1000-sudokus.txt/351.txt,Random,4,2,12012,729,24,7,7,1.4764201641082764
cnf/sudoku/1000-sudokus.txt/633.txt,Random,1,1,12013,729,25,3,3,1.5048058032989502
cnf/sudoku/1000-sudokus.txt/591.txt,Random,27,24,12013,729,25,52,52,2.130880117416382
cnf/sudoku/1000-sudokus.txt/830.txt,Random,8,6,12014,729,26,15,15,1.6278009414672852
cnf/sudoku/1000-sudokus.txt/473.txt,Random,3,1,12013,729,25,5,5,1.5519578456878662
cnf/sudoku/1000-sudokus.txt/129.txt,Random,13,13,12011,729,23,27,27,1.7835993766784668
cnf/sudoku/1000-sudokus.txt/697.txt,Random,8,3,12013,729,25,12,12,1.6282989978790283
cnf/sudoku/1000-sudokus.txt/90.txt,Random,9,7,12011,729,23,17,17,1.574049472808838
cnf/sudoku/1000-sudokus.txt/193.txt,Random,7,6,12012,729,24,14,14,1.7135655879974365
cnf/sudoku/1000-sudokus.txt/807.txt,Random,2,1,12014,729,26,4,4,1.6007683277130127
cnf/sudoku/1000-sudokus.txt/642.txt,Random,0,0,12013,729,25,1,1,1.493492841720581
cnf/sudoku/1000-sudokus.txt/241.txt,Random,0,0,12012,729,24,1,1,1.5271408557891846
cnf/sudoku/1000-sudokus.txt/378.txt,Random,1,1,12012,729,24,3,3,1.4422674179077148
cnf/sudoku/1000-sudokus.txt/386.txt,Random,27,27,12012,729,24,55,55,1.8944604396820068
cnf/sudoku/1000-sudokus.txt/619.txt,Random,4,1,12013,729,25,6,6,1.5620124340057373
cnf/sudoku/1000-sudokus.txt/433.txt,Random,2,2,12013,729,25,5,5,1.8892474174499512
cnf/sudoku/1000-sudokus.txt/870.txt,Random,1,0,12014,729,26,2,2,1.5905907154083252
cnf/sudoku/1000-sudokus.txt/993.txt,Random,6,4,12015,729,27,11,11,1.5459914207458496
cnf/sudoku/1000-sudokus.txt/654.txt,Random,0,0,12013,729,25,1,1,1.7358481884002686
cnf/sudoku/1000-sudokus.txt/979.txt,Random,1,1,12015,729,27,3,3,1.5522651672363281
cnf/sudoku/1000-sudokus.txt/579.txt,Random,6,2,12013,729,25,9,9,1.593778371810913
cnf/sudoku/1000-sudokus.txt/43.txt,Random,1,1,12011,729,23,3,3,1.793921947479248
cnf/sudoku/1000-sudokus.txt/949.txt,Random,0,0,12015,729,27,1,1,1.5804038047790527
cnf/sudoku/1000-sudokus.txt/321.txt,Random,9,4,12012,729,24,14,14,1.701570749282837
cnf/sudoku/1000-sudokus.txt/275.txt,Random,0,0,12012,729,24,1,1,1.6475903987884521
cnf/sudoku/1000-sudokus.txt/436.txt,Random,0,0,12013,729,25,1,1,1.591834545135498
cnf/sudoku/1000-sudokus.txt/561.txt,Random,0,0,12013,729,25,1,1,1.672149658203125
cnf/sudoku/1000-sudokus.txt/19.txt,Random,0,0,12010,729,22,1,1,1.5875513553619385
cnf/sudoku/1000-sudokus.txt/53.txt,Random,0,0,12011,729,23,1,1,1.4658727645874023
cnf/sudoku/1000-sudokus.txt/390.txt,Random,7,3,12012,729,24,11,11,1.6170625686645508
cnf/sudoku/1000-sudokus.txt/343.txt,Random,0,0,12012,729,24,1,1,1.5758814811706543
cnf/sudoku/1000-sudokus.txt/356.txt,Random,2,1,12012,729,24,4,4,1.5921399593353271
cnf/sudoku/1000-sudokus.txt/475.txt,Random,1,1,12013,729,25,3,3,1.5472452640533447
cnf/sudoku/1000-sudokus.txt/500.txt,Random,0,0,12013,729,25,1,1,1.578073263168335
cnf/sudoku/1000-sudokus.txt/405.txt,Random,5,1,12013,729,25,7,7,1.675461769104004
cnf/sudoku/1000-sudokus.txt/8.txt,Random,0,0,12010,729,22,1,1,1.395153284072876
cnf/sudoku/1000-sudokus.txt/296.txt,Random,4,3,12012,729,24,8,8,1.480799674987793
cnf/sudoku/1000-sudokus.txt/471.txt,Random,2,0,12013,729,25,3,3,1.4760856628417969
cnf/sudoku/1000-sudokus.txt/276.txt,Random,21,20,12012,729,24,42,42,1.9122538566589355
cnf/sudoku/1000-sudokus.txt/501.txt,Random,0,0,12013,729,25,1,1,1.4721662998199463
cnf/sudoku/1000-sudokus.txt/153.txt,Random,5,3,12012,729,24,9,9,1.5054068565368652
cnf/sudoku/1000-sudokus.txt/841.txt,Random,2,1,12014,729,26,4,4,1.6235287189483643
cnf/sudoku/1000-sudokus.txt/313.txt,Random,5,5,12012,729,24,11,11,1.7274599075317383
cnf/sudoku/1000-sudokus.txt/732.txt,Random,11,11,12014,729,26,23,23,1.586585521697998
cnf/sudoku/1000-sudokus.txt/44.txt,Random,9,4,12011,729,23,14,14,1.4984915256500244
cnf/sudoku/1000-sudokus.txt/520.txt,Random,0,0,12013,729,25,1,1,1.4851925373077393
cnf/sudoku/1000-sudokus.txt/1.txt,Random,0,0,12009,729,21,1,1,1.42179536819458
cnf/sudoku/1000-sudokus.txt/995.txt,Random,4,1,12016,729,28,6,6,1.5132660865783691
cnf/sudoku/1000-sudokus.txt/900.txt,Random,1,1,12014,729,26,3,3,1.4806849956512451
cnf/sudoku/1000-sudokus.txt/115.txt,Random,1,0,12011,729,23,2,2,1.4767515659332275
cnf/sudoku/1000-sudokus.txt/972.txt,Random,12,10,12015,729,27,23,23,1.7032806873321533
cnf/sudoku/1000-sudokus.txt/609.txt,Random,9,7,12013,729,25,17,17,1.5953683853149414
cnf/sudoku/1000-sudokus.txt/865.txt,Random,2,0,12014,729,26,3,3,1.4522054195404053
cnf/sudoku/1000-sudokus.txt/563.txt,Random,0,0,12013,729,25,1,1,1.4995300769805908
cnf/sudoku/1000-sudokus.txt/524.txt,Random,0,0,12013,729,25,1,1,1.347020149230957
cnf/sudoku/1000-sudokus.txt/86.txt,Random,2,1,12011,729,23,4,4,1.3951025009155273
cnf/sudoku/1000-sudokus.txt/742.txt,Random,0,0,12014,729,26,1,1,1.5806505680084229
cnf/sudoku/1000-sudokus.txt/253.txt,Random,1,0,12012,729,24,2,2,1.4802660942077637
cnf/sudoku/1000-sudokus.txt/549.txt,Random,2,2,12013,729,25,5,5,1.4779787063598633
cnf/sudoku/1000-sudokus.txt/578.txt,Random,1,0,12013,729,25,2,2,1.7253646850585938
cnf/sudoku/1000-sudokus.txt/762.txt,Random,5,4,12014,729,26,10,10,1.5831775665283203
cnf/sudoku/1000-sudokus.txt/502.txt,Random,34,30,12013,729,25,65,65,2.396301746368408
cnf/sudoku/1000-sudokus.txt/339.txt,Random,6,4,12012,729,24,11,11,1.5513191223144531
cnf/sudoku/1000-sudokus.txt/630.txt,Random,12,11,12013,729,25,24,24,1.6604828834533691
cnf/sudoku/1000-sudokus.txt/364.txt,Random,21,20,12012,729,24,42,42,1.777566909790039
cnf/sudoku/1000-sudokus.txt/575.txt,Random,6,2,12013,729,25,9,9,1.5301120281219482
cnf/sudoku/1000-sudokus.txt/376.txt,Random,5,2,12012,729,24,8,8,1.5538766384124756
cnf/sudoku/1000-sudokus.txt/160.txt,Random,0,0,12012,729,24,1,1,1.4598414897918701
cnf/sudoku/1000-sudokus.txt/558.txt,Random,0,0,12013,729,25,1,1,1.4951484203338623
cnf/sudoku/1000-sudokus.txt/119.txt,Random,1,1,12011,729,23,3,3,1.4390196800231934
cnf/sudoku/1000-sudokus.txt/889.txt,Random,3,3,12014,729,26,7,7,1.5071160793304443
cnf/sudoku/1000-sudokus.txt/765.txt,Random,1,0,12014,729,26,2,2,1.505176067352295
cnf/sudoku/1000-sudokus.txt/639.txt,Random,2,0,12013,729,25,3,3,1.5327308177947998
cnf/sudoku/1000-sudokus.txt/775.txt,Random,0,0,12014,729,26,1,1,1.4817612171173096
cnf/sudoku/1000-sudokus.txt/854.txt,Random,4,2,12014,729,26,7,7,1.5563230514526367
cnf/sudoku/1000-sudokus.txt/168.txt,Random,25,21,12012,729,24,47,47,1.8857464790344238
cnf/sudoku/1000-sudokus.txt/610.txt,Random,1,0,12013,729,25,2,2,1.6112465858459473
cnf/sudoku/1000-sudokus.txt/649.txt,Random,1,0,12013,729,25,2,2,1.5788326263427734
cnf/sudoku/1000-sudokus.txt/728.txt,Random,2,2,12014,729,26,5,5,1.8387253284454346
cnf/sudoku/1000-sudokus.txt/692.txt,Random,5,1,12013,729,25,7,7,1.408493995666504
cnf/sudoku/1000-sudokus.txt/422.txt,Random,1,1,12013,729,25,3,3,1.5416240692138672
cnf/sudoku/1000-sudokus.txt/496.txt,Random,15,11,12013,729,25,27,27,1.604839563369751
cnf/sudoku/1000-sudokus.txt/387.txt,Random,12,11,12012,729,24,24,24,1.588484525680542
cnf/sudoku/1000-sudokus.txt/203.txt,Random,0,0,12012,729,24,1,1,1.4260799884796143
cnf/sudoku/1000-sudokus.txt/224.txt,Random,0,0,12012,729,24,1,1,1.3898522853851318
cnf/sudoku/1000-sudokus.txt/31.txt,Random,0,0,12011,729,23,1,1,1.4359161853790283
cnf/sudoku/1000-sudokus.txt/322.txt,Random,7,6,12012,729,24,14,14,1.585681438446045
cnf/sudoku/1000-sudokus.txt/598.txt,Random,3,1,12013,729,25,5,5,1.480750322341919
cnf/sudoku/1000-sudokus.txt/304.txt,Random,3,1,12012,729,24,5,5,1.4452083110809326
cnf/sudoku/1000-sudokus.txt/155.txt,Random,0,0,12012,729,24,1,1,1.4269940853118896
cnf/sudoku/1000-sudokus.txt/7.txt,Random,0,0,12010,729,22,1,1,1.5207569599151611
cnf/sudoku/1000-sudokus.txt/846.txt,Random,9,8,12014,729,26,18,18,1.517909049987793
cnf/sudoku/1000-sudokus.txt/718.txt,Random,1,0,12014,729,26,2,2,1.4313952922821045
cnf/sudoku/1000-sudokus.txt/535.txt,Random,1,0,12013,729,25,2,2,1.4997012615203857
cnf/sudoku/1000-sudokus.txt/710.txt,Random,0,0,12014,729,26,1,1,1.466963529586792
cnf/sudoku/1000-sudokus.txt/927.txt,Random,5,3,12015,729,27,9,9,1.4862287044525146
cnf/sudoku/1000-sudokus.txt/185.txt,Random,15,10,12012,729,24,26,26,1.5555071830749512
cnf/sudoku/1000-sudokus.txt/587.txt,Random,3,0,12013,729,25,4,4,1.3309335708618164
cnf/sudoku/1000-sudokus.txt/811.txt,Random,5,2,12014,729,26,8,8,1.5356755256652832
cnf/sudoku/1000-sudokus.txt/911.txt,Random,15,6,12014,729,26,22,22,1.4657549858093262
cnf/sudoku/1000-sudokus.txt/211.txt,Random,6,4,12012,729,24,11,11,1.5049371719360352
cnf/sudoku/1000-sudokus.txt/792.txt,Random,0,0,12014,729,26,1,1,1.3528752326965332
cnf/sudoku/1000-sudokus.txt/166.txt,Random,2,0,12012,729,24,3,3,1.4043972492218018
cnf/sudoku/1000-sudokus.txt/187.txt,Random,2,2,12012,729,24,5,5,1.363588809967041
cnf/sudoku/1000-sudokus.txt/713.txt,Random,14,13,12014,729,26,28,28,1.5889530181884766
cnf/sudoku/1000-sudokus.txt/848.txt,Random,0,0,12014,729,26,1,1,1.4357964992523193
cnf/sudoku/1000-sudokus.txt/74.txt,Random,0,0,12011,729,23,1,1,1.4144749641418457
cnf/sudoku/1000-sudokus.txt/513.txt,Random,11,9,12013,729,25,21,21,1.4884676933288574
cnf/sudoku/1000-sudokus.txt/570.txt,Random,1,0,12013,729,25,2,2,1.4953792095184326
cnf/sudoku/1000-sudokus.txt/905.txt,Random,10,6,12014,729,26,17,17,1.6176116466522217
cnf/sudoku/1000-sudokus.txt/462.txt,Random,17,13,12013,729,25,31,31,1.6017301082611084
cnf/sudoku/1000-sudokus.txt/838.txt,Random,0,0,12014,729,26,1,1,1.4420301914215088
cnf/sudoku/1000-sudokus.txt/725.txt,Random,9,5,12014,729,26,15,15,1.4710078239440918
cnf/sudoku/1000-sudokus.txt/543.txt,Random,10,10,12013,729,25,21,21,1.5843629837036133
cnf/sudoku/1000-sudokus.txt/720.txt,Random,3,1,12014,729,26,5,5,1.4023985862731934
cnf/sudoku/1000-sudokus.txt/529.txt,Random,5,2,12013,729,25,8,8,1.530909776687622
cnf/sudoku/1000-sudokus.txt/676.txt,Random,22,21,12013,729,25,44,44,1.9956493377685547
cnf/sudoku/1000-sudokus.txt/920.txt,Random,1,0,12015,729,27,2,2,1.4389598369598389
cnf/sudoku/1000-sudokus.txt/589.txt,Random,3,0,12013,729,25,4,4,1.4553453922271729
cnf/sudoku/1000-sudokus.txt/216.txt,Random,5,3,12012,729,24,9,9,1.6060435771942139
cnf/sudoku/1000-sudokus.txt/158.txt,Random,16,14,12012,729,24,31,31,1.7827353477478027
cnf/sudoku/1000-sudokus.txt/859.txt,Random,13,12,12014,729,26,26,26,1.6693413257598877
cnf/sudoku/1000-sudokus.txt/636.txt,Random,2,1,12013,729,25,4,4,1.419435739517212
cnf/sudoku/1000-sudokus.txt/700.txt,Random,10,6,12013,729,25,17,17,1.735215187072754
cnf/sudoku/1000-sudokus.txt/857.txt,Random,6,1,12014,729,26,8,8,1.7996923923492432
cnf/sudoku/1000-sudokus.txt/443.txt,Random,1,0,12013,729,25,2,2,1.552884578704834
cnf/sudoku/1000-sudokus.txt/242.txt,Random,2,1,12012,729,24,4,4,1.5879571437835693
cnf/sudoku/1000-sudokus.txt/671.txt,Random,2,1,12013,729,25,4,4,1.4698998928070068
cnf/sudoku/1000-sudokus.txt/744.txt,Random,1,0,12014,729,26,2,2,1.4380130767822266
cnf/sudoku/1000-sudokus.txt/110.txt,Random,1,1,12011,729,23,3,3,1.5003235340118408
cnf/sudoku/1000-sudokus.txt/495.txt,Random,4,3,12013,729,25,8,8,1.482658863067627
cnf/sudoku/1000-sudokus.txt/988.txt,Random,5,3,12015,729,27,9,9,1.5208103656768799
cnf/sudoku/1000-sudokus.txt/272.txt,Random,2,2,12012,729,24,5,5,1.5752630233764648
cnf/sudoku/1000-sudokus.txt/685.txt,Random,3,0,12013,729,25,4,4,1.4780092239379883
cnf/sudoku/1000-sudokus.txt/466.txt,Random,15,10,12013,729,25,26,26,1.7210149765014648
cnf/sudoku/1000-sudokus.txt/285.txt,Random,0,0,12012,729,24,1,1,1.5078823566436768
cnf/sudoku/1000-sudokus.txt/915.txt,Random,13,10,12014,729,26,24,24,1.5276269912719727
cnf/sudoku/1000-sudokus.txt/218.txt,Random,0,0,12012,729,24,1,1,1.4756453037261963
cnf/sudoku/1000-sudokus.txt/345.txt,Random,0,0,12012,729,24,1,1,1.4881501197814941
cnf/sudoku/1000-sudokus.txt/451.txt,Random,29,23,12013,729,25,53,53,1.8933725357055664
cnf/sudoku/1000-sudokus.txt/722.txt,Random,3,0,12014,729,26,4,4,2.299443244934082
cnf/sudoku/1000-sudokus.txt/856.txt,Random,7,7,12014,729,26,15,15,1.6264498233795166
cnf/sudoku/1000-sudokus.txt/463.txt,Random,7,6,12013,729,25,14,14,1.6414191722869873
cnf/sudoku/1000-sudokus.txt/84.txt,Random,0,0,12011,729,23,1,1,1.5348262786865234
cnf/sudoku/1000-sudokus.txt/68.txt,Random,0,0,12011,729,23,1,1,1.5103912353515625
cnf/sudoku/1000-sudokus.txt/20.txt,Random,0,0,12010,729,22,1,1,1.3763821125030518
cnf/sudoku/1000-sudokus.txt/864.txt,Random,7,6,12014,729,26,14,14,1.508192539215088
cnf/sudoku/1000-sudokus.txt/207.txt,Random,7,2,12012,729,24,10,10,1.6150214672088623
cnf/sudoku/1000-sudokus.txt/229.txt,Random,8,8,12012,729,24,17,17,1.710446834564209
cnf/sudoku/1000-sudokus.txt/299.txt,Random,18,17,12012,729,24,36,36,1.7069542407989502
cnf/sudoku/1000-sudokus.txt/977.txt,Random,8,4,12015,729,27,13,13,1.5926268100738525
cnf/sudoku/1000-sudokus.txt/577.txt,Random,16,13,12013,729,25,30,30,1.7489354610443115
cnf/sudoku/1000-sudokus.txt/344.txt,Random,2,1,12012,729,24,4,4,1.5068206787109375
cnf/sudoku/1000-sudokus.txt/143.txt,Random,3,2,12012,729,24,6,6,1.4029288291931152
cnf/sudoku/1000-sudokus.txt/392.txt,Random,50,48,12012,729,24,99,99,2.553772211074829
cnf/sudoku/1000-sudokus.txt/261.txt,Random,24,18,12012,729,24,43,43,1.9442298412322998
cnf/sudoku/1000-sudokus.txt/469.txt,Random,5,1,12013,729,25,7,7,1.611598253250122
cnf/sudoku/1000-sudokus.txt/468.txt,Random,0,0,12013,729,25,1,1,1.4406425952911377
cnf/sudoku/1000-sudokus.txt/562.txt,Random,22,20,12013,729,25,43,43,1.9041876792907715
cnf/sudoku/1000-sudokus.txt/634.txt,Random,1,0,12013,729,25,2,2,1.5710365772247314
cnf/sudoku/1000-sudokus.txt/521.txt,Random,3,1,12013,729,25,5,5,1.579606056213379
cnf/sudoku/1000-sudokus.txt/631.txt,Random,7,7,12013,729,25,15,15,1.6657161712646484
cnf/sudoku/1000-sudokus.txt/976.txt,Random,6,3,12015,729,27,10,10,1.548619270324707
cnf/sudoku/1000-sudokus.txt/662.txt,Random,13,11,12013,729,25,25,25,1.724100112915039
cnf/sudoku/1000-sudokus.txt/497.txt,Random,0,0,12013,729,25,1,1,1.598430871963501
cnf/sudoku/1000-sudokus.txt/485.txt,Random,4,0,12013,729,25,5,5,1.5025968551635742
cnf/sudoku/1000-sudokus.txt/199.txt,Random,21,19,12012,729,24,41,41,1.8966267108917236
cnf/sudoku/1000-sudokus.txt/572.txt,Random,2,1,12013,729,25,4,4,1.5384924411773682
cnf/sudoku/1000-sudokus.txt/198.txt,Random,6,1,12012,729,24,8,8,1.537036657333374
cnf/sudoku/1000-sudokus.txt/170.txt,Random,0,0,12012,729,24,1,1,1.556455135345459
cnf/sudoku/1000-sudokus.txt/118.txt,Random,1,0,12011,729,23,2,2,1.4799473285675049
cnf/sudoku/1000-sudokus.txt/815.txt,Random,0,0,12014,729,26,1,1,1.440901279449463
cnf/sudoku/1000-sudokus.txt/971.txt,Random,4,2,12015,729,27,7,7,1.567164421081543
cnf/sudoku/1000-sudokus.txt/684.txt,Random,2,0,12013,729,25,3,3,1.443828821182251
cnf/sudoku/1000-sudokus.txt/601.txt,Random,2,1,12013,729,25,4,4,1.344329595565796
cnf/sudoku/1000-sudokus.txt/301.txt,Random,34,28,12012,729,24,63,63,2.0993432998657227
cnf/sudoku/1000-sudokus.txt/397.txt,Random,0,0,12012,729,24,1,1,1.5530290603637695
cnf/sudoku/1000-sudokus.txt/255.txt,Random,1,0,12012,729,24,2,2,1.4901084899902344
cnf/sudoku/1000-sudokus.txt/169.txt,Random,0,0,12012,729,24,1,1,1.4635493755340576
cnf/sudoku/1000-sudokus.txt/413.txt,Random,8,8,12013,729,25,17,17,1.569849967956543
cnf/sudoku/1000-sudokus.txt/740.txt,Random,2,2,12014,729,26,5,5,1.51088547706604
cnf/sudoku/1000-sudokus.txt/840.txt,Random,1,1,12014,729,26,3,3,1.4511590003967285
cnf/sudoku/1000-sudokus.txt/551.txt,Random,3,1,12013,729,25,5,5,1.4105939865112305
cnf/sudoku/1000-sudokus.txt/582.txt,Random,2,1,12013,729,25,4,4,1.5291416645050049
cnf/sudoku/1000-sudokus.txt/881.txt,Random,16,13,12014,729,26,30,30,1.7789993286132812
cnf/sudoku/1000-sudokus.txt/209.txt,Random,1,0,12012,729,24,2,2,1.486769437789917
cnf/sudoku/1000-sudokus.txt/159.txt,Random,0,0,12012,729,24,1,1,1.4657466411590576
cnf/sudoku/1000-sudokus.txt/990.txt,Random,0,0,12015,729,27,1,1,1.5388050079345703
cnf/sudoku/1000-sudokus.txt/573.txt,Random,2,0,12013,729,25,3,3,1.53438401222229
cnf/sudoku/1000-sudokus.txt/886.txt,Random,2,1,12014,729,26,4,4,1.462623119354248
cnf/sudoku/1000-sudokus.txt/730.txt,Random,30,20,12014,729,26,51,51,1.9309577941894531
cnf/sudoku/1000-sudokus.txt/819.txt,Random,2,1,12014,729,26,4,4,1.6333286762237549
cnf/sudoku/1000-sudokus.txt/550.txt,Random,24,19,12013,729,25,44,44,1.9668407440185547
cnf/sudoku/1000-sudokus.txt/833.txt,Random,3,0,12014,729,26,4,4,1.7643189430236816
cnf/sudoku/1000-sudokus.txt/508.txt,Random,0,0,12013,729,25,1,1,1.5369110107421875
cnf/sudoku/1000-sudokus.txt/793.txt,Random,4,1,12014,729,26,6,6,1.4923148155212402
cnf/sudoku/1000-sudokus.txt/622.txt,Random,0,0,12013,729,25,1,1,1.4860587120056152
cnf/sudoku/1000-sudokus.txt/514.txt,Random,8,4,12013,729,25,13,13,1.4933984279632568
cnf/sudoku/1000-sudokus.txt/32.txt,Random,3,1,12011,729,23,5,5,1.470548391342163
cnf/sudoku/1000-sudokus.txt/778.txt,Random,2,2,12014,729,26,5,5,1.4989550113677979
cnf/sudoku/1000-sudokus.txt/195.txt,Random,0,0,12012,729,24,1,1,1.4813764095306396
cnf/sudoku/1000-sudokus.txt/400.txt,Random,0,0,12012,729,24,1,1,1.5042154788970947
cnf/sudoku/1000-sudokus.txt/208.txt,Random,1,0,12012,729,24,2,2,1.485997200012207
cnf/sudoku/1000-sudokus.txt/851.txt,Random,3,0,12014,729,26,4,4,1.512425184249878
cnf/sudoku/1000-sudokus.txt/816.txt,Random,0,0,12014,729,26,1,1,1.4901020526885986
cnf/sudoku/1000-sudokus.txt/154.txt,Random,2,1,12012,729,24,4,4,1.4636852741241455
cnf/sudoku/1000-sudokus.txt/244.txt,Random,22,21,12012,729,24,44,44,1.9695937633514404
cnf/sudoku/1000-sudokus.txt/978.txt,Random,10,8,12015,729,27,19,19,1.8575425148010254
cnf/sudoku/1000-sudokus.txt/546.txt,Random,1,0,12013,729,25,2,2,2.1125786304473877
cnf/sudoku/1000-sudokus.txt/30.txt,Random,4,1,12011,729,23,6,6,1.529238224029541
cnf/sudoku/1000-sudokus.txt/141.txt,Random,19,18,12012,729,24,38,38,1.9401471614837646
cnf/sudoku/1000-sudokus.txt/734.txt,Random,8,3,12014,729,26,12,12,1.5776684284210205
cnf/sudoku/1000-sudokus.txt/701.txt,Random,45,44,12013,729,25,90,90,2.5162127017974854
cnf/sudoku/1000-sudokus.txt/483.txt,Random,1,0,12013,729,25,2,2,1.777052879333496
cnf/sudoku/1000-sudokus.txt/320.txt,Random,1,1,12012,729,24,3,3,1.4850986003875732
cnf/sudoku/1000-sudokus.txt/172.txt,Random,4,2,12012,729,24,7,7,1.78578519821167
cnf/sudoku/1000-sudokus.txt/183.txt,Random,0,0,12012,729,24,1,1,1.5703320503234863
cnf/sudoku/1000-sudokus.txt/127.txt,Random,7,5,12011,729,23,13,13,1.6805858612060547
cnf/sudoku/1000-sudokus.txt/758.txt,Random,11,8,12014,729,26,20,20,1.7561798095703125
cnf/sudoku/1000-sudokus.txt/965.txt,Random,10,9,12015,729,27,20,20,1.68556809425354
cnf/sudoku/1000-sudokus.txt/566.txt,Random,3,1,12013,729,25,5,5,1.5350050926208496
cnf/sudoku/1000-sudokus.txt/24.txt,Random,5,3,12011,729,23,9,9,1.5779259204864502
cnf/sudoku/1000-sudokus.txt/586.txt,Random,2,1,12013,729,25,4,4,1.498004674911499
cnf/sudoku/1000-sudokus.txt/412.txt,Random,1,1,12013,729,25,3,3,1.5228896141052246
cnf/sudoku/1000-sudokus.txt/256.txt,Random,0,0,12012,729,24,1,1,1.498960256576538
cnf/sudoku/1000-sudokus.txt/191.txt,Random,10,10,12012,729,24,21,21,1.7998731136322021
cnf/sudoku/1000-sudokus.txt/749.txt,Random,8,7,12014,729,26,16,16,1.6999762058258057
cnf/sudoku/1000-sudokus.txt/179.txt,Random,0,0,12012,729,24,1,1,1.4775049686431885
cnf/sudoku/1000-sudokus.txt/490.txt,Random,3,2,12013,729,25,6,6,1.497931957244873
cnf/sudoku/1000-sudokus.txt/280.txt,Random,6,2,12012,729,24,9,9,1.4537851810455322
cnf/sudoku/1000-sudokus.txt/863.txt,Random,2,1,12014,729,26,4,4,1.5072906017303467
cnf/sudoku/1000-sudokus.txt/359.txt,Random,0,0,12012,729,24,1,1,1.4682223796844482
cnf/sudoku/1000-sudokus.txt/777.txt,Random,12,8,12014,729,26,21,21,1.7198047637939453
cnf/sudoku/1000-sudokus.txt/766.txt,Random,2,0,12014,729,26,3,3,1.5258195400238037
cnf/sudoku/1000-sudokus.txt/317.txt,Random,0,0,12012,729,24,1,1,1.4133245944976807
cnf/sudoku/1000-sudokus.txt/515.txt,Random,0,0,12013,729,25,1,1,1.5072638988494873
cnf/sudoku/1000-sudokus.txt/699.txt,Random,1,0,12013,729,25,2,2,1.5057554244995117
cnf/sudoku/1000-sudokus.txt/39.txt,Random,5,2,12011,729,23,8,8,1.497931718826294
cnf/sudoku/1000-sudokus.txt/383.txt,Random,0,0,12012,729,24,1,1,1.4533724784851074
cnf/sudoku/1000-sudokus.txt/525.txt,Random,4,1,12013,729,25,6,6,1.509782314300537
cnf/sudoku/1000-sudokus.txt/440.txt,Random,1,1,12013,729,25,3,3,1.4879260063171387
cnf/sudoku/1000-sudokus.txt/996.txt,Random,3,1,12016,729,28,5,5,1.5282633304595947
cnf/sudoku/1000-sudokus.txt/952.txt,Random,3,0,12015,729,27,4,4,1.52302885055542
cnf/sudoku/1000-sudokus.txt/532.txt,Random,16,14,12013,729,25,31,31,1.7844343185424805
cnf/sudoku/1000-sudokus.txt/354.txt,Random,1,1,12012,729,24,3,3,1.7040002346038818
cnf/sudoku/1000-sudokus.txt/982.txt,Random,7,3,12015,729,27,11,11,1.493429183959961
cnf/sudoku/1000-sudokus.txt/784.txt,Random,6,4,12014,729,26,11,11,1.5790491104125977
cnf/sudoku/1000-sudokus.txt/432.txt,Random,17,7,12013,729,25,25,25,1.643524169921875
cnf/sudoku/1000-sudokus.txt/100.txt,Random,0,0,12011,729,23,1,1,1.5375301837921143
cnf/sudoku/1000-sudokus.txt/923.txt,Random,21,18,12015,729,27,40,40,2.0491511821746826
cnf/sudoku/1000-sudokus.txt/834.txt,Random,0,0,12014,729,26,1,1,1.5740180015563965
cnf/sudoku/1000-sudokus.txt/795.txt,Random,13,11,12014,729,26,25,25,1.834298849105835
cnf/sudoku/1000-sudokus.txt/667.txt,Random,7,2,12013,729,25,10,10,1.5114614963531494
cnf/sudoku/1000-sudokus.txt/93.txt,Random,0,0,12011,729,23,1,1,1.3927576541900635
cnf/sudoku/1000-sudokus.txt/157.txt,Random,6,2,12012,729,24,9,9,1.5990171432495117
cnf/sudoku/1000-sudokus.txt/151.txt,Random,9,9,12012,729,24,19,19,1.6222875118255615
cnf/sudoku/1000-sudokus.txt/342.txt,Random,0,0,12012,729,24,1,1,1.5964634418487549
cnf/sudoku/1000-sudokus.txt/28.txt,Random,0,0,12011,729,23,1,1,1.494044303894043
cnf/sudoku/1000-sudokus.txt/780.txt,Random,27,23,12014,729,26,51,51,2.0957231521606445
cnf/sudoku/1000-sudokus.txt/736.txt,Random,2,2,12014,729,26,5,5,1.7076070308685303
cnf/sudoku/1000-sudokus.txt/938.txt,Random,6,2,12015,729,27,9,9,1.459306001663208
cnf/sudoku/1000-sudokus.txt/632.txt,Random,1,0,12013,729,25,2,2,1.4815011024475098
cnf/sudoku/1000-sudokus.txt/99.txt,Random,0,0,12011,729,23,1,1,1.417304277420044
cnf/sudoku/1000-sudokus.txt/981.txt,Random,16,11,12015,729,27,28,28,1.6305315494537354
cnf/sudoku/1000-sudokus.txt/963.txt,Random,7,6,12015,729,27,14,14,1.6108980178833008
cnf/sudoku/1000-sudokus.txt/108.txt,Random,16,13,12011,729,23,30,30,1.699458360671997
cnf/sudoku/1000-sudokus.txt/934.txt,Random,3,0,12015,729,27,4,4,1.5425348281860352
cnf/sudoku/1000-sudokus.txt/768.txt,Random,0,0,12014,729,26,1,1,1.593454122543335
cnf/sudoku/1000-sudokus.txt/33.txt,Random,0,0,12011,729,23,1,1,1.5207877159118652
cnf/sudoku/1000-sudokus.txt/849.txt,Random,5,3,12014,729,26,9,9,1.605431318283081
cnf/sudoku/1000-sudokus.txt/352.txt,Random,0,0,12012,729,24,1,1,1.5185298919677734
cnf/sudoku/1000-sudokus.txt/162.txt,Random,0,0,12012,729,24,1,1,1.4829511642456055
cnf/sudoku/1000-sudokus.txt/595.txt,Random,11,11,12013,729,25,23,23,1.6608288288116455
cnf/sudoku/1000-sudokus.txt/87.txt,Random,0,0,12011,729,23,1,1,1.4514882564544678
cnf/sudoku/1000-sudokus.txt/136.txt,Random,2,0,12011,729,23,3,3,1.4879257678985596
cnf/sudoku/1000-sudokus.txt/818.txt,Random,5,3,12014,729,26,9,9,1.5690245628356934
cnf/sudoku/1000-sudokus.txt/735.txt,Random,1,0,12014,729,26,2,2,1.5199410915374756
cnf/sudoku/1000-sudokus.txt/332.txt,Random,35,30,12012,729,24,66,66,2.308941602706909
cnf/sudoku/1000-sudokus.txt/480.txt,Random,24,17,12013,729,25,42,42,1.7816691398620605
cnf/sudoku/1000-sudokus.txt/423.txt,Random,4,3,12013,729,25,8,8,1.6018636226654053
cnf/sudoku/1000-sudokus.txt/391.txt,Random,5,3,12012,729,24,9,9,1.6482734680175781
cnf/sudoku/1000-sudokus.txt/336.txt,Random,10,10,12012,729,24,21,21,1.6433720588684082
cnf/sudoku/1000-sudokus.txt/541.txt,Random,10,10,12013,729,25,21,21,1.4993865489959717
cnf/sudoku/1000-sudokus.txt/866.txt,Random,4,4,12014,729,26,9,9,1.4508233070373535
cnf/sudoku/1000-sudokus.txt/214.txt,Random,10,8,12012,729,24,19,19,1.546846866607666
cnf/sudoku/1000-sudokus.txt/319.txt,Random,9,9,12012,729,24,19,19,1.6003143787384033
cnf/sudoku/1000-sudokus.txt/957.txt,Random,2,0,12015,729,27,3,3,1.4925427436828613
cnf/sudoku/1000-sudokus.txt/417.txt,Random,7,1,12013,729,25,9,9,1.4869816303253174
cnf/sudoku/1000-sudokus.txt/292.txt,Random,15,13,12012,729,24,29,29,1.6335384845733643
cnf/sudoku/1000-sudokus.txt/94.txt,Random,0,0,12011,729,23,1,1,1.4169621467590332
cnf/sudoku/1000-sudokus.txt/756.txt,Random,8,4,12014,729,26,13,13,1.5080113410949707
cnf/sudoku/1000-sudokus.txt/379.txt,Random,0,0,12012,729,24,1,1,1.3942933082580566
cnf/sudoku/1000-sudokus.txt/637.txt,Random,12,10,12013,729,25,23,23,1.4686427116394043
cnf/sudoku/1000-sudokus.txt/27.txt,Random,14,8,12011,729,23,23,23,1.5506839752197266
cnf/sudoku/1000-sudokus.txt/174.txt,Random,8,7,12012,729,24,16,16,1.6044747829437256
cnf/sudoku/1000-sudokus.txt/424.txt,Random,1,0,12013,729,25,2,2,1.5281264781951904
cnf/sudoku/1000-sudokus.txt/346.txt,Random,6,3,12012,729,24,10,10,1.6139535903930664
cnf/sudoku/1000-sudokus.txt/908.txt,Random,1,1,12014,729,26,3,3,1.5695149898529053
cnf/sudoku/1000-sudokus.txt/453.txt,Random,8,6,12013,729,25,15,15,1.5851075649261475
cnf/sudoku/1000-sudokus.txt/114.txt,Random,6,6,12011,729,23,13,13,1.5984265804290771
cnf/sudoku/1000-sudokus.txt/906.txt,Random,17,15,12014,729,26,33,33,1.8819324970245361
cnf/sudoku/1000-sudokus.txt/147.txt,Random,39,39,12012,729,24,79,79,2.387936592102051
cnf/sudoku/1000-sudokus.txt/325.txt,Random,15,9,12012,729,24,25,25,1.7103848457336426
cnf/sudoku/1000-sudokus.txt/876.txt,Random,6,5,12014,729,26,12,12,1.7573847770690918
cnf/sudoku/1000-sudokus.txt/482.txt,Random,12,8,12013,729,25,21,21,1.5817177295684814
cnf/sudoku/1000-sudokus.txt/182.txt,Random,0,0,12012,729,24,1,1,1.51849365234375
cnf/sudoku/1000-sudokus.txt/77.txt,Random,0,0,12011,729,23,1,1,1.5664267539978027
cnf/sudoku/1000-sudokus.txt/782.txt,Random,10,10,12014,729,26,21,21,1.7021870613098145
cnf/sudoku/1000-sudokus.txt/21.txt,Random,6,4,12011,729,23,11,11,1.4968414306640625
cnf/sudoku/1000-sudokus.txt/933.txt,Random,29,29,12015,729,27,59,59,1.9860436916351318
cnf/sudoku/1000-sudokus.txt/743.txt,Random,10,8,12014,729,26,19,19,1.6136913299560547
cnf/sudoku/1000-sudokus.txt/430.txt,Random,2,2,12013,729,25,5,5,1.513282299041748
cnf/sudoku/1000-sudokus.txt/655.txt,Random,6,3,12013,729,25,10,10,1.6005628108978271
cnf/sudoku/1000-sudokus.txt/608.txt,Random,2,1,12013,729,25,4,4,1.5184276103973389
cnf/sudoku/1000-sudokus.txt/836.txt,Random,0,0,12014,729,26,1,1,1.4768555164337158
cnf/sudoku/1000-sudokus.txt/844.txt,Random,3,1,12014,729,26,5,5,1.5953953266143799
cnf/sudoku/1000-sudokus.txt/781.txt,Random,2,0,12014,729,26,3,3,1.559319257736206
cnf/sudoku/1000-sudokus.txt/60.txt,Random,17,16,12011,729,23,34,34,1.85793137550354
cnf/sudoku/1000-sudokus.txt/406.txt,Random,0,0,12013,729,25,1,1,1.4138832092285156
cnf/sudoku/1000-sudokus.txt/474.txt,Random,3,1,12013,729,25,5,5,1.475588321685791
cnf/sudoku/1000-sudokus.txt/73.txt,Random,25,23,12011,729,23,49,49,1.837538480758667
cnf/sudoku/1000-sudokus.txt/936.txt,Random,3,1,12015,729,27,5,5,1.5243585109710693
cnf/sudoku/1000-sudokus.txt/929.txt,Random,1,0,12015,729,27,2,2,1.4247019290924072
cnf/sudoku/1000-sudokus.txt/931.txt,Random,11,8,12015,729,27,20,20,1.5625872611999512
cnf/sudoku/1000-sudokus.txt/429.txt,Random,1,0,12013,729,25,2,2,1.3848786354064941
cnf/sudoku/1000-sudokus.txt/109.txt,Random,0,0,12011,729,23,1,1,1.4473326206207275
cnf/sudoku/1000-sudokus.txt/659.txt,Random,3,2,12013,729,25,6,6,1.4865062236785889
cnf/sudoku/1000-sudokus.txt/427.txt,Random,0,0,12013,729,25,1,1,1.4099540710449219
cnf/sudoku/1000-sudokus.txt/49.txt,Random,22,22,12011,729,23,45,45,1.6679391860961914
cnf/sudoku/1000-sudokus.txt/361.txt,Random,4,3,12012,729,24,8,8,1.4987170696258545
cnf/sudoku/1000-sudokus.txt/421.txt,Random,14,10,12013,729,25,25,25,1.703657865524292
cnf/sudoku/1000-sudokus.txt/689.txt,Random,9,8,12013,729,25,18,18,1.565530776977539
cnf/sudoku/1000-sudokus.txt/729.txt,Random,1,1,12014,729,26,3,3,1.5524928569793701
cnf/sudoku/1000-sudokus.txt/746.txt,Random,27,23,12014,729,26,51,51,1.8251214027404785
cnf/sudoku/1000-sudokus.txt/428.txt,Random,5,5,12013,729,25,11,11,1.4801733493804932
cnf/sudoku/1000-sudokus.txt/145.txt,Random,8,8,12012,729,24,17,17,1.78407883644104
cnf/sudoku/1000-sudokus.txt/672.txt,Random,1,1,12013,729,25,3,3,1.4963493347167969
cnf/sudoku/1000-sudokus.txt/803.txt,Random,11,3,12014,729,26,15,15,1.541602373123169
cnf/sudoku/1000-sudokus.txt/36.txt,Random,1,0,12011,729,23,2,2,1.4652423858642578
cnf/sudoku/1000-sudokus.txt/394.txt,Random,9,6,12012,729,24,16,16,1.4420483112335205
cnf/sudoku/1000-sudokus.txt/603.txt,Random,1,1,12013,729,25,3,3,1.464872121810913
cnf/sudoku/1000-sudokus.txt/419.txt,Random,7,4,12013,729,25,12,12,1.519653558731079
cnf/sudoku/1000-sudokus.txt/1000.txt,Random,16,15,12016,729,28,32,32,1.606842041015625
cnf/sudoku/1000-sudokus.txt/951.txt,Random,8,2,12015,729,27,11,11,1.4802024364471436
cnf/sudoku/1000-sudokus.txt/594.txt,Random,6,5,12013,729,25,12,12,1.4925737380981445
cnf/sudoku/1000-sudokus.txt/76.txt,Random,0,0,12011,729,23,1,1,1.450364351272583
cnf/sudoku/1000-sudokus.txt/754.txt,Random,0,0,12014,729,26,1,1,1.4586308002471924
cnf/sudoku/1000-sudokus.txt/15.txt,Random,11,11,12010,729,22,23,23,1.5242955684661865
cnf/sudoku/1000-sudokus.txt/695.txt,Random,3,2,12013,729,25,6,6,1.4617846012115479
cnf/sudoku/1000-sudokus.txt/960.txt,Random,6,0,12015,729,27,7,7,1.383531093597412
cnf/sudoku/1000-sudokus.txt/674.txt,Random,1,0,12013,729,25,2,2,1.4581100940704346
cnf/sudoku/1000-sudokus.txt/855.txt,Random,6,1,12014,729,26,8,8,1.4305050373077393
cnf/sudoku/1000-sudokus.txt/822.txt,Random,6,5,12014,729,26,12,12,1.4919018745422363
cnf/sudoku/1000-sudokus.txt/555.txt,Random,11,6,12013,729,25,18,18,1.5933964252471924
cnf/sudoku/1000-sudokus.txt/776.txt,Random,8,5,12014,729,26,14,14,1.5479772090911865
cnf/sudoku/1000-sudokus.txt/797.txt,Random,8,6,12014,729,26,15,15,1.5938704013824463
cnf/sudoku/1000-sudokus.txt/574.txt,Random,3,3,12013,729,25,7,7,1.439234972000122
cnf/sudoku/1000-sudokus.txt/606.txt,Random,6,2,12013,729,25,9,9,1.4448871612548828
cnf/sudoku/1000-sudokus.txt/326.txt,Random,2,1,12012,729,24,4,4,1.4812769889831543
cnf/sudoku/1000-sudokus.txt/409.txt,Random,31,30,12013,729,25,62,62,1.7834932804107666
cnf/sudoku/1000-sudokus.txt/560.txt,Random,0,0,12013,729,25,1,1,1.4431588649749756
cnf/sudoku/1000-sudokus.txt/123.txt,Random,5,4,12011,729,23,10,10,1.4440898895263672
cnf/sudoku/1000-sudokus.txt/315.txt,Random,10,9,12012,729,24,20,20,1.5171728134155273
cnf/sudoku/1000-sudokus.txt/801.txt,Random,3,1,12014,729,26,5,5,1.4667024612426758
cnf/sudoku/1000-sudokus.txt/994.txt,Random,5,2,12015,729,27,8,8,1.4499804973602295
cnf/sudoku/1000-sudokus.txt/752.txt,Random,6,6,12014,729,26,13,13,1.4736318588256836
cnf/sudoku/1000-sudokus.txt/95.txt,Random,13,9,12011,729,23,23,23,1.5490119457244873
cnf/sudoku/1000-sudokus.txt/903.txt,Random,24,22,12014,729,26,47,47,1.7733750343322754
cnf/sudoku/1000-sudokus.txt/694.txt,Random,50,45,12013,729,25,96,96,2.649979829788208
cnf/sudoku/1000-sudokus.txt/652.txt,Random,6,6,12013,729,25,13,13,1.647552490234375
cnf/sudoku/1000-sudokus.txt/438.txt,Random,0,0,12013,729,25,1,1,1.5110206604003906
cnf/sudoku/1000-sudokus.txt/658.txt,Random,9,3,12013,729,25,13,13,1.6072516441345215
cnf/sudoku/1000-sudokus.txt/858.txt,Random,7,7,12014,729,26,15,15,1.6469941139221191
cnf/sudoku/1000-sudokus.txt/81.txt,Random,3,0,12011,729,23,4,4,1.6550102233886719
cnf/sudoku/1000-sudokus.txt/348.txt,Random,0,0,12012,729,24,1,1,1.5816223621368408
cnf/sudoku/1000-sudokus.txt/861.txt,Random,2,1,12014,729,26,4,4,1.49151611328125
cnf/sudoku/1000-sudokus.txt/516.txt,Random,1,0,12013,729,25,2,2,1.6084699630737305
cnf/sudoku/1000-sudokus.txt/372.txt,Random,1,0,12012,729,24,2,2,1.444441795349121
cnf/sudoku/1000-sudokus.txt/126.txt,Random,0,0,12011,729,23,1,1,1.5482494831085205
cnf/sudoku/1000-sudokus.txt/250.txt,Random,1,1,12012,729,24,3,3,1.6278133392333984
cnf/sudoku/1000-sudokus.txt/279.txt,Random,4,3,12012,729,24,8,8,1.7252821922302246
cnf/sudoku/1000-sudokus.txt/266.txt,Random,15,15,12012,729,24,31,31,1.8316349983215332
cnf/sudoku/1000-sudokus.txt/389.txt,Random,19,14,12012,729,24,34,34,1.852754831314087
cnf/sudoku/1000-sudokus.txt/331.txt,Random,0,0,12012,729,24,1,1,1.482752799987793
cnf/sudoku/1000-sudokus.txt/620.txt,Random,0,0,12013,729,25,1,1,1.475477933883667
cnf/sudoku/1000-sudokus.txt/418.txt,Random,26,19,12013,729,25,46,46,1.8001081943511963
cnf/sudoku/1000-sudokus.txt/893.txt,Random,6,4,12014,729,26,11,11,1.723926305770874
cnf/sudoku/1000-sudokus.txt/959.txt,Random,6,6,12015,729,27,13,13,1.5515251159667969
cnf/sudoku/1000-sudokus.txt/825.txt,Random,2,1,12014,729,26,4,4,1.4556927680969238
cnf/sudoku/1000-sudokus.txt/921.txt,Random,1,0,12015,729,27,2,2,1.5784556865692139
cnf/sudoku/1000-sudokus.txt/941.txt,Random,13,11,12015,729,27,25,25,1.8163771629333496
cnf/sudoku/1000-sudokus.txt/333.txt,Random,0,0,12012,729,24,1,1,1.7958049774169922
cnf/sudoku/1000-sudokus.txt/794.txt,Random,0,0,12014,729,26,1,1,1.5328528881072998
cnf/sudoku/1000-sudokus.txt/426.txt,Random,5,5,12013,729,25,11,11,1.7724194526672363
cnf/sudoku/1000-sudokus.txt/399.txt,Random,13,4,12012,729,24,18,18,1.6236672401428223
cnf/sudoku/1000-sudokus.txt/470.txt,Random,5,2,12013,729,25,8,8,1.72487211227417
cnf/sudoku/1000-sudokus.txt/955.txt,Random,10,8,12015,729,27,19,19,1.8417959213256836
cnf/sudoku/1000-sudokus.txt/1010.txt,Random,16,15,12017,729,29,32,32,1.7184882164001465
cnf/sudoku/1000-sudokus.txt/646.txt,Random,1,1,12013,729,25,3,3,1.9913341999053955
cnf/sudoku/1000-sudokus.txt/314.txt,Random,17,15,12012,729,24,33,33,1.859726905822754
cnf/sudoku/1000-sudokus.txt/40.txt,Random,95,85,12011,729,23,181,181,4.058570861816406
cnf/sudoku/1000-sudokus.txt/184.txt,Random,0,0,12012,729,24,1,1,1.7137644290924072
cnf/sudoku/1000-sudokus.txt/969.txt,Random,16,12,12015,729,27,29,29,1.6970939636230469
cnf/sudoku/1000-sudokus.txt/72.txt,Random,7,2,12011,729,23,10,10,1.5614521503448486
cnf/sudoku/1000-sudokus.txt/282.txt,Random,28,25,12012,729,24,54,54,1.9936552047729492
cnf/sudoku/1000-sudokus.txt/437.txt,Random,1,0,12013,729,25,2,2,1.5664520263671875
cnf/sudoku/1000-sudokus.txt/737.txt,Random,2,0,12014,729,26,3,3,1.5781428813934326
cnf/sudoku/1000-sudokus.txt/892.txt,Random,6,2,12014,729,26,9,9,1.56724214553833
cnf/sudoku/1000-sudokus.txt/540.txt,Random,3,3,12013,729,25,7,7,1.51023268699646
cnf/sudoku/1000-sudokus.txt/677.txt,Random,0,0,12013,729,25,1,1,1.5443012714385986
cnf/sudoku/1000-sudokus.txt/717.txt,Random,0,0,12014,729,26,1,1,1.5237140655517578
cnf/sudoku/1000-sudokus.txt/593.txt,Random,3,1,12013,729,25,5,5,1.556295394897461
cnf/sudoku/1000-sudokus.txt/101.txt,Random,0,0,12011,729,23,1,1,1.559765338897705
cnf/sudoku/1000-sudokus.txt/452.txt,Random,0,0,12013,729,25,1,1,1.5314083099365234
cnf/sudoku/1000-sudokus.txt/879.txt,Random,3,2,12014,729,26,6,6,1.5261449813842773
cnf/sudoku/1000-sudokus.txt/621.txt,Random,4,4,12013,729,25,9,9,1.5954768657684326
cnf/sudoku/1000-sudokus.txt/626.txt,Random,14,10,12013,729,25,25,25,1.719179391860962
cnf/sudoku/1000-sudokus.txt/267.txt,Random,8,5,12012,729,24,14,14,1.6823856830596924
cnf/sudoku/1000-sudokus.txt/883.txt,Random,9,4,12014,729,26,14,14,1.6243844032287598
cnf/sudoku/1000-sudokus.txt/4.txt,Random,0,0,12010,729,22,1,1,1.4971609115600586
cnf/sudoku/1000-sudokus.txt/88.txt,Random,2,1,12011,729,23,4,4,1.55112624168396
cnf/sudoku/1000-sudokus.txt/260.txt,Random,7,4,12012,729,24,12,12,1.5722978115081787
cnf/sudoku/1000-sudokus.txt/939.txt,Random,2,2,12015,729,27,5,5,1.3919737339019775
cnf/sudoku/1000-sudokus.txt/79.txt,Random,4,3,12011,729,23,8,8,1.4569404125213623
cnf/sudoku/1000-sudokus.txt/467.txt,Random,25,23,12013,729,25,49,49,1.8570656776428223
cnf/sudoku/1000-sudokus.txt/201.txt,Random,0,0,12012,729,24,1,1,1.6600348949432373
cnf/sudoku/1000-sudokus.txt/867.txt,Random,8,5,12014,729,26,14,14,1.610750675201416
cnf/sudoku/1000-sudokus.txt/476.txt,Random,2,0,12013,729,25,3,3,1.6435132026672363
cnf/sudoku/1000-sudokus.txt/565.txt,Random,4,4,12013,729,25,9,9,1.670055627822876
cnf/sudoku/1000-sudokus.txt/347.txt,Random,7,2,12012,729,24,10,10,1.56111741065979
cnf/sudoku/1000-sudokus.txt/338.txt,Random,16,14,12012,729,24,31,31,1.968966007232666
cnf/sudoku/1000-sudokus.txt/847.txt,Random,7,4,12014,729,26,12,12,1.7930653095245361
cnf/sudoku/1000-sudokus.txt/478.txt,Random,9,7,12013,729,25,17,17,1.7202038764953613
cnf/sudoku/1000-sudokus.txt/919.txt,Random,20,15,12015,729,27,36,36,1.8336131572723389
cnf/sudoku/1000-sudokus.txt/808.txt,Random,5,0,12014,729,26,6,6,1.5685272216796875
cnf/sudoku/1000-sudokus.txt/498.txt,Random,5,5,12013,729,25,11,11,1.8419291973114014
cnf/sudoku/1000-sudokus.txt/813.txt,Random,0,0,12014,729,26,1,1,1.6078357696533203
cnf/sudoku/1000-sudokus.txt/311.txt,Random,1,1,12012,729,24,3,3,1.5252490043640137
cnf/sudoku/1000-sudokus.txt/817.txt,Random,9,5,12014,729,26,15,15,1.5721688270568848
cnf/sudoku/1000-sudokus.txt/55.txt,Random,13,7,12011,729,23,21,21,1.5457475185394287
cnf/sudoku/1000-sudokus.txt/494.txt,Random,38,35,12013,729,25,74,74,2.4535038471221924
cnf/sudoku/1000-sudokus.txt/206.txt,Random,15,10,12012,729,24,26,26,1.7986578941345215
cnf/sudoku/1000-sudokus.txt/789.txt,Random,20,18,12014,729,26,39,39,1.9310643672943115
cnf/sudoku/1000-sudokus.txt/152.txt,Random,5,2,12012,729,24,8,8,1.6311721801757812
cnf/sudoku/1000-sudokus.txt/5.txt,Random,2,1,12010,729,22,4,4,1.5969250202178955
cnf/sudoku/1000-sudokus.txt/50.txt,Random,0,0,12011,729,23,1,1,1.5748791694641113
cnf/sudoku/1000-sudokus.txt/800.txt,Random,7,5,12014,729,26,13,13,1.6225407123565674
cnf/sudoku/1000-sudokus.txt/80.txt,Random,30,24,12011,729,23,55,55,2.271019697189331
cnf/sudoku/1000-sudokus.txt/625.txt,Random,2,1,12013,729,25,4,4,1.565547227859497
cnf/sudoku/1000-sudokus.txt/739.txt,Random,34,31,12014,729,26,66,66,2.1398308277130127
cnf/sudoku/1000-sudokus.txt/910.txt,Random,8,8,12014,729,26,17,17,1.6761910915374756
cnf/sudoku/1000-sudokus.txt/46.txt,Random,0,0,12011,729,23,1,1,1.5196051597595215
cnf/sudoku/1000-sudokus.txt/113.txt,Random,0,0,12011,729,23,1,1,1.3983268737792969
cnf/sudoku/1000-sudokus.txt/366.txt,Random,2,0,12012,729,24,3,3,1.4630935192108154
cnf/sudoku/1000-sudokus.txt/125.txt,Random,13,13,12011,729,23,27,27,1.8285584449768066
cnf/sudoku/1000-sudokus.txt/796.txt,Random,32,30,12014,729,26,63,63,2.035949230194092
cnf/sudoku/1000-sudokus.txt/806.txt,Random,2,1,12014,729,26,4,4,1.6217820644378662
cnf/sudoku/1000-sudokus.txt/205.txt,Random,13,12,12012,729,24,26,26,1.7174899578094482
cnf/sudoku/1000-sudokus.txt/192.txt,Random,3,1,12012,729,24,5,5,1.5921869277954102
cnf/sudoku/1000-sudokus.txt/1004.txt,Random,7,4,12016,729,28,12,12,1.6399767398834229
cnf/sudoku/1000-sudokus.txt/571.txt,Random,3,3,12013,729,25,7,7,1.5025908946990967
cnf/sudoku/1000-sudokus.txt/186.txt,Random,0,0,12012,729,24,1,1,1.6157302856445312
cnf/sudoku/1000-sudokus.txt/373.txt,Random,30,29,12012,729,24,60,60,2.062042236328125
cnf/sudoku/1000-sudokus.txt/597.txt,Random,19,17,12013,729,25,37,37,1.9056780338287354
cnf/sudoku/1000-sudokus.txt/300.txt,Random,9,8,12012,729,24,18,18,1.6037993431091309
cnf/sudoku/1000-sudokus.txt/714.txt,Random,1,0,12014,729,26,2,2,1.5574865341186523
cnf/sudoku/1000-sudokus.txt/928.txt,Random,11,7,12015,729,27,19,19,1.5368876457214355
cnf/sudoku/1000-sudokus.txt/446.txt,Random,3,2,12013,729,25,6,6,1.5411841869354248
cnf/sudoku/1000-sudokus.txt/52.txt,Random,2,0,12011,729,23,3,3,1.4665977954864502
cnf/sudoku/1000-sudokus.txt/163.txt,Random,2,1,12012,729,24,4,4,1.5025506019592285
cnf/sudoku/1000-sudokus.txt/308.txt,Random,0,0,12012,729,24,1,1,1.6694540977478027
cnf/sudoku/1000-sudokus.txt/307.txt,Random,4,3,12012,729,24,8,8,1.4913110733032227
cnf/sudoku/1000-sudokus.txt/222.txt,Random,0,0,12012,729,24,1,1,1.522538661956787
cnf/sudoku/1000-sudokus.txt/683.txt,Random,12,9,12013,729,25,22,22,1.6385374069213867
cnf/sudoku/1000-sudokus.txt/703.txt,Random,2,0,12013,729,25,3,3,1.5078551769256592
cnf/sudoku/1000-sudokus.txt/384.txt,Random,4,2,12012,729,24,7,7,1.7170426845550537
cnf/sudoku/1000-sudokus.txt/731.txt,Random,8,3,12014,729,26,12,12,1.57950758934021
cnf/sudoku/1000-sudokus.txt/799.txt,Random,4,1,12014,729,26,6,6,1.5230441093444824
cnf/sudoku/1000-sudokus.txt/303.txt,Random,8,4,12012,729,24,13,13,1.5035960674285889
cnf/sudoku/1000-sudokus.txt/130.txt,Random,4,4,12011,729,23,9,9,1.5567443370819092
cnf/sudoku/1000-sudokus.txt/917.txt,Random,5,3,12015,729,27,9,9,1.5105037689208984
cnf/sudoku/1000-sudokus.txt/401.txt,Random,14,9,12012,729,24,24,24,1.6669166088104248
cnf/sudoku/1000-sudokus.txt/262.txt,Random,2,1,12012,729,24,4,4,1.4513654708862305
cnf/sudoku/1000-sudokus.txt/707.txt,Random,0,0,12014,729,26,1,1,1.4610264301300049
cnf/sudoku/1000-sudokus.txt/227.txt,Random,0,0,12012,729,24,1,1,1.516968011856079
cnf/sudoku/1000-sudokus.txt/29.txt,Random,0,0,12011,729,23,1,1,1.4553184509277344
cnf/sudoku/1000-sudokus.txt/107.txt,Random,7,3,12011,729,23,11,11,1.4605193138122559
cnf/sudoku/1000-sudokus.txt/843.txt,Random,10,8,12014,729,26,19,19,1.6689743995666504
cnf/sudoku/1000-sudokus.txt/202.txt,Random,9,8,12012,729,24,18,18,1.6211202144622803
cnf/sudoku/1000-sudokus.txt/377.txt,Random,0,0,12012,729,24,1,1,1.6129703521728516
cnf/sudoku/1000-sudokus.txt/138.txt,Random,1,0,12011,729,23,2,2,1.4606304168701172
cnf/sudoku/1000-sudokus.txt/464.txt,Random,6,3,12013,729,25,10,10,1.7155160903930664
cnf/sudoku/1000-sudokus.txt/236.txt,Random,5,2,12012,729,24,8,8,1.5551378726959229
cnf/sudoku/1000-sudokus.txt/946.txt,Random,10,8,12015,729,27,19,19,1.7390401363372803
cnf/sudoku/1000-sudokus.txt/665.txt,Random,11,4,12013,729,25,16,16,1.731679916381836
cnf/sudoku/1000-sudokus.txt/150.txt,Random,0,0,12012,729,24,1,1,1.509843349456787
cnf/sudoku/1000-sudokus.txt/950.txt,Random,11,8,12015,729,27,20,20,1.5637140274047852
cnf/sudoku/1000-sudokus.txt/45.txt,Random,13,13,12011,729,23,27,27,1.6812372207641602
cnf/sudoku/1000-sudokus.txt/142.txt,Random,3,1,12012,729,24,5,5,1.6224472522735596
cnf/sudoku/1000-sudokus.txt/457.txt,Random,31,28,12013,729,25,60,60,1.7904822826385498
cnf/sudoku/1000-sudokus.txt/831.txt,Random,0,0,12014,729,26,1,1,1.4627203941345215
cnf/sudoku/1000-sudokus.txt/64.txt,Random,0,0,12011,729,23,1,1,1.4303596019744873
cnf/sudoku/1000-sudokus.txt/3.txt,Random,0,0,12010,729,22,1,1,1.368567705154419
cnf/sudoku/1000-sudokus.txt/102.txt,Random,3,1,12011,729,23,5,5,1.43312668800354
cnf/sudoku/1000-sudokus.txt/96.txt,Random,1,1,12011,729,23,3,3,1.4267516136169434
cnf/sudoku/1000-sudokus.txt/804.txt,Random,3,1,12014,729,26,5,5,1.4662752151489258
cnf/sudoku/1000-sudokus.txt/852.txt,Random,5,4,12014,729,26,10,10,1.4614994525909424
cnf/sudoku/1000-sudokus.txt/286.txt,Random,1,1,12012,729,24,3,3,1.382256269454956
cnf/sudoku/1000-sudokus.txt/283.txt,Random,4,2,12012,729,24,7,7,1.4642415046691895
cnf/sudoku/1000-sudokus.txt/511.txt,Random,0,0,12013,729,25,1,1,1.4296112060546875
cnf/sudoku/1000-sudokus.txt/894.txt,Random,1,0,12014,729,26,2,2,1.3019497394561768
cnf/sudoku/1000-sudokus.txt/748.txt,Random,4,1,12014,729,26,6,6,1.5012967586517334
cnf/sudoku/1000-sudokus.txt/913.txt,Random,23,20,12014,729,26,44,44,1.7280964851379395
cnf/sudoku/1000-sudokus.txt/832.txt,Random,7,3,12014,729,26,11,11,1.4544482231140137
cnf/sudoku/1000-sudokus.txt/943.txt,Random,17,12,12015,729,27,30,30,1.5310754776000977
cnf/sudoku/1000-sudokus.txt/38.txt,Random,0,0,12011,729,23,1,1,1.4710466861724854
cnf/sudoku/1000-sudokus.txt/134.txt,Random,0,0,12011,729,23,1,1,1.3782649040222168
cnf/sudoku/1000-sudokus.txt/985.txt,Random,13,10,12015,729,27,24,24,1.617448091506958
cnf/sudoku/1000-sudokus.txt/669.txt,Random,6,3,12013,729,25,10,10,1.3742125034332275
cnf/sudoku/1000-sudokus.txt/635.txt,Random,2,1,12013,729,25,4,4,1.440270185470581
cnf/sudoku/1000-sudokus.txt/358.txt,Random,3,0,12012,729,24,4,4,1.3590877056121826
cnf/sudoku/1000-sudokus.txt/640.txt,Random,5,1,12013,729,25,7,7,1.485058307647705
cnf/sudoku/1000-sudokus.txt/530.txt,Random,1,0,12013,729,25,2,2,1.40059232711792
cnf/sudoku/1000-sudokus.txt/705.txt,Random,2,0,12013,729,25,3,3,1.400181531906128
cnf/sudoku/1000-sudokus.txt/660.txt,Random,2,0,12013,729,25,3,3,1.4218530654907227
cnf/sudoku/1000-sudokus.txt/363.txt,Random,1,0,12012,729,24,2,2,1.4162120819091797
cnf/sudoku/1000-sudokus.txt/0.txt,Random,2,1,12009,729,21,4,4,1.3733267784118652
cnf/sudoku/1000-sudokus.txt/618.txt,Random,2,1,12013,729,25,4,4,1.4905893802642822
cnf/sudoku/1000-sudokus.txt/103.txt,Random,4,4,12011,729,23,9,9,1.464892864227295
cnf/sudoku/1000-sudokus.txt/568.txt,Random,2,1,12013,729,25,4,4,1.5176498889923096
cnf/sudoku/1000-sudokus.txt/360.txt,Random,5,4,12012,729,24,10,10,1.4774856567382812
cnf/sudoku/1000-sudokus.txt/269.txt,Random,3,2,12012,729,24,6,6,1.5016319751739502
cnf/sudoku/1000-sudokus.txt/477.txt,Random,2,1,12013,729,25,4,4,1.4455204010009766
cnf/sudoku/1000-sudokus.txt/375.txt,Random,0,0,12012,729,24,1,1,1.4876577854156494
cnf/sudoku/1000-sudokus.txt/374.txt,Random,3,2,12012,729,24,6,6,1.4409639835357666
cnf/sudoku/1000-sudokus.txt/273.txt,Random,2,1,12012,729,24,4,4,1.4474058151245117
cnf/sudoku/1000-sudokus.txt/507.txt,Random,13,12,12013,729,25,26,26,1.572458028793335
cnf/sudoku/1000-sudokus.txt/458.txt,Random,3,1,12013,729,25,5,5,1.4661095142364502
cnf/sudoku/1000-sudokus.txt/812.txt,Random,37,33,12014,729,26,71,71,1.875793695449829
cnf/sudoku/1000-sudokus.txt/188.txt,Random,0,0,12012,729,24,1,1,1.5378985404968262
cnf/sudoku/1000-sudokus.txt/306.txt,Random,1,0,12012,729,24,2,2,1.517474889755249
cnf/sudoku/1000-sudokus.txt/210.txt,Random,0,0,12012,729,24,1,1,1.5223989486694336
cnf/sudoku/1000-sudokus.txt/26.txt,Random,2,1,12011,729,23,4,4,1.537325143814087
cnf/sudoku/1000-sudokus.txt/287.txt,Random,4,3,12012,729,24,8,8,1.4741322994232178
cnf/sudoku/1000-sudokus.txt/770.txt,Random,3,0,12014,729,26,4,4,1.4257526397705078
cnf/sudoku/1000-sudokus.txt/148.txt,Random,9,4,12012,729,24,14,14,1.5207045078277588
cnf/sudoku/1000-sudokus.txt/133.txt,Random,6,2,12011,729,23,9,9,1.4710962772369385
cnf/sudoku/1000-sudokus.txt/246.txt,Random,5,4,12012,729,24,10,10,1.4720909595489502
cnf/sudoku/1000-sudokus.txt/580.txt,Random,8,8,12013,729,25,17,17,1.5611729621887207
cnf/sudoku/1000-sudokus.txt/528.txt,Random,2,1,12013,729,25,4,4,1.4198200702667236
cnf/sudoku/1000-sudokus.txt/293.txt,Random,0,0,12012,729,24,1,1,1.4138638973236084
cnf/sudoku/1000-sudokus.txt/11.txt,Random,0,0,12010,729,22,1,1,1.4058456420898438
cnf/sudoku/1000-sudokus.txt/404.txt,Random,12,10,12013,729,25,23,23,1.666275978088379
cnf/sudoku/1000-sudokus.txt/842.txt,Random,1,0,12014,729,26,2,2,1.445986270904541
cnf/sudoku/1000-sudokus.txt/294.txt,Random,4,4,12012,729,24,9,9,1.4379551410675049
cnf/sudoku/1000-sudokus.txt/112.txt,Random,19,19,12011,729,23,39,39,1.7332878112792969
cnf/sudoku/1000-sudokus.txt/25.txt,Random,1,0,12011,729,23,2,2,1.4154179096221924
cnf/sudoku/1000-sudokus.txt/189.txt,Random,8,4,12012,729,24,13,13,1.4655466079711914
cnf/sudoku/1000-sudokus.txt/489.txt,Random,0,0,12013,729,25,1,1,1.4301743507385254
cnf/sudoku/1000-sudokus.txt/510.txt,Random,63,61,12013,729,25,125,125,2.879929780960083
cnf/sudoku/1000-sudokus.txt/706.txt,Random,1,1,12014,729,26,3,3,1.5969629287719727
cnf/sudoku/1000-sudokus.txt/281.txt,Random,7,5,12012,729,24,13,13,1.646116018295288
cnf/sudoku/1000-sudokus.txt/180.txt,Random,1,1,12012,729,24,3,3,1.4988665580749512
cnf/sudoku/1000-sudokus.txt/556.txt,Random,6,3,12013,729,25,10,10,1.4709255695343018
cnf/sudoku/1000-sudokus.txt/316.txt,Random,0,0,12012,729,24,1,1,1.475785732269287
cnf/sudoku/1000-sudokus.txt/132.txt,Random,2,1,12011,729,23,4,4,1.410522222518921
cnf/sudoku/1000-sudokus.txt/232.txt,Random,0,0,12012,729,24,1,1,1.5379116535186768
cnf/sudoku/1000-sudokus.txt/888.txt,Random,18,14,12014,729,26,33,33,1.5542070865631104
cnf/sudoku/1000-sudokus.txt/553.txt,Random,3,3,12013,729,25,7,7,1.5767500400543213
cnf/sudoku/1000-sudokus.txt/966.txt,Random,22,20,12015,729,27,43,43,2.1771860122680664
cnf/sudoku/1000-sudokus.txt/902.txt,Random,45,44,12014,729,26,90,90,2.33393931388855
cnf/sudoku/1000-sudokus.txt/956.txt,Random,5,1,12015,729,27,7,7,1.5968022346496582
cnf/sudoku/1000-sudokus.txt/747.txt,Random,5,0,12014,729,26,6,6,1.52675461769104
cnf/sudoku/1000-sudokus.txt/455.txt,Random,16,13,12013,729,25,30,30,1.6162998676300049
cnf/sudoku/1000-sudokus.txt/942.txt,Random,0,0,12015,729,27,1,1,1.3525216579437256
cnf/sudoku/1000-sudokus.txt/980.txt,Random,22,19,12015,729,27,42,42,1.901078462600708
cnf/sudoku/1000-sudokus.txt/663.txt,Random,2,0,12013,729,25,3,3,1.6332855224609375
cnf/sudoku/1000-sudokus.txt/450.txt,Random,4,3,12013,729,25,8,8,1.6883885860443115
cnf/sudoku/1000-sudokus.txt/62.txt,Random,3,0,12011,729,23,4,4,1.5739479064941406
cnf/sudoku/1000-sudokus.txt/829.txt,Random,11,4,12014,729,26,16,16,1.5807785987854004
cnf/sudoku/1000-sudokus.txt/456.txt,Random,31,26,12013,729,25,58,58,1.900667428970337
cnf/sudoku/1000-sudokus.txt/605.txt,Random,2,1,12013,729,25,4,4,1.5544297695159912
cnf/sudoku/1000-sudokus.txt/600.txt,Random,0,0,12013,729,25,1,1,1.5518341064453125
cnf/sudoku/1000-sudokus.txt/741.txt,Random,4,2,12014,729,26,7,7,1.4834885597229004
cnf/sudoku/1000-sudokus.txt/408.txt,Random,1,1,12013,729,25,3,3,1.4256470203399658
cnf/sudoku/1000-sudokus.txt/111.txt,Random,0,0,12011,729,23,1,1,1.3195090293884277
cnf/sudoku/1000-sudokus.txt/944.txt,Random,9,7,12015,729,27,17,17,1.4895813465118408
cnf/sudoku/1000-sudokus.txt/901.txt,Random,11,7,12014,729,26,19,19,1.692060947418213
cnf/sudoku/1000-sudokus.txt/42.txt,Random,0,0,12011,729,23,1,1,1.4016075134277344
cnf/sudoku/1000-sudokus.txt/259.txt,Random,14,4,12012,729,24,19,19,1.4864745140075684
cnf/sudoku/1000-sudokus.txt/868.txt,Random,4,1,12014,729,26,6,6,1.466789960861206
cnf/sudoku/1000-sudokus.txt/914.txt,Random,2,1,12014,729,26,4,4,1.3905987739562988
cnf/sudoku/1000-sudokus.txt/362.txt,Random,0,0,12012,729,24,1,1,1.366891622543335
cnf/sudoku/1000-sudokus.txt/534.txt,Random,3,2,12013,729,25,6,6,1.440321683883667
cnf/sudoku/1000-sudokus.txt/802.txt,Random,7,4,12014,729,26,12,12,1.4470064640045166
cnf/sudoku/1000-sudokus.txt/623.txt,Random,9,8,12013,729,25,18,18,1.5743191242218018
cnf/sudoku/1000-sudokus.txt/305.txt,Random,2,0,12012,729,24,3,3,1.49391508102417
cnf/sudoku/1000-sudokus.txt/769.txt,Random,11,8,12014,729,26,20,20,1.632044792175293
cnf/sudoku/1000-sudokus.txt/196.txt,Random,3,2,12012,729,24,6,6,1.3344035148620605
cnf/sudoku/1000-sudokus.txt/882.txt,Random,1,0,12014,729,26,2,2,1.459920883178711
cnf/sudoku/1000-sudokus.txt/552.txt,Random,3,2,12013,729,25,6,6,1.3558521270751953
cnf/sudoku/1000-sudokus.txt/975.txt,Random,9,3,12015,729,27,13,13,1.390310287475586
cnf/sudoku/1000-sudokus.txt/989.txt,Random,1,0,12015,729,27,2,2,1.4471707344055176
cnf/sudoku/1000-sudokus.txt/661.txt,Random,14,12,12013,729,25,27,27,1.9231269359588623
cnf/sudoku/1000-sudokus.txt/772.txt,Random,3,2,12014,729,26,6,6,1.7293148040771484
cnf/sudoku/1000-sudokus.txt/884.txt,Random,0,0,12014,729,26,1,1,1.4014959335327148
cnf/sudoku/1000-sudokus.txt/629.txt,Random,0,0,12013,729,25,1,1,1.3435180187225342
cnf/sudoku/1000-sudokus.txt/270.txt,Random,0,0,12012,729,24,1,1,1.3594613075256348
cnf/sudoku/1000-sudokus.txt/895.txt,Random,7,5,12014,729,26,13,13,1.5766704082489014
cnf/sudoku/1000-sudokus.txt/337.txt,Random,3,0,12012,729,24,4,4,1.5253050327301025
cnf/sudoku/1000-sudokus.txt/34.txt,Random,2,2,12011,729,23,5,5,1.583155870437622
cnf/sudoku/1000-sudokus.txt/968.txt,Random,11,7,12015,729,27,19,19,1.4442899227142334
cnf/sudoku/1000-sudokus.txt/997.txt,Random,2,1,12016,729,28,4,4,1.4236481189727783
cnf/sudoku/1000-sudokus.txt/178.txt,Random,2,0,12012,729,24,3,3,1.384617805480957
cnf/sudoku/1000-sudokus.txt/984.txt,Random,3,1,12015,729,27,5,5,1.4771745204925537
cnf/sudoku/1000-sudokus.txt/144.txt,Random,0,0,12012,729,24,1,1,1.4998643398284912
cnf/sudoku/1000-sudokus.txt/233.txt,Random,4,1,12012,729,24,6,6,1.4047563076019287
cnf/sudoku/1000-sudokus.txt/435.txt,Random,1,0,12013,729,25,2,2,1.4136221408843994
cnf/sudoku/1000-sudokus.txt/341.txt,Random,4,1,12012,729,24,6,6,1.4494609832763672
cnf/sudoku/1000-sudokus.txt/271.txt,Random,1,1,12012,729,24,3,3,1.4107098579406738
cnf/sudoku/1000-sudokus.txt/445.txt,Random,14,13,12013,729,25,28,28,1.7275755405426025
cnf/sudoku/1000-sudokus.txt/691.txt,Random,4,4,12013,729,25,9,9,1.5328292846679688
cnf/sudoku/1000-sudokus.txt/862.txt,Random,7,5,12014,729,26,13,13,1.5028274059295654
cnf/sudoku/1000-sudokus.txt/258.txt,Random,44,44,12012,729,24,89,89,2.0885140895843506
cnf/sudoku/1000-sudokus.txt/787.txt,Random,21,19,12014,729,26,41,41,1.5842981338500977
cnf/sudoku/1000-sudokus.txt/670.txt,Random,9,6,12013,729,25,16,16,1.5302608013153076
cnf/sudoku/1000-sudokus.txt/986.txt,Random,5,4,12015,729,27,10,10,1.3510866165161133
cnf/sudoku/1000-sudokus.txt/559.txt,Random,0,0,12013,729,25,1,1,1.413625955581665
cnf/sudoku/1000-sudokus.txt/681.txt,Random,0,0,12013,729,25,1,1,1.439582109451294
cnf/sudoku/1000-sudokus.txt/537.txt,Random,5,3,12013,729,25,9,9,1.5219922065734863
cnf/sudoku/1000-sudokus.txt/65.txt,Random,9,5,12011,729,23,15,15,1.4844613075256348
cnf/sudoku/1000-sudokus.txt/323.txt,Random,0,0,12012,729,24,1,1,1.4969375133514404
cnf/sudoku/1000-sudokus.txt/396.txt,Random,2,2,12012,729,24,5,5,1.4455771446228027
cnf/sudoku/1000-sudokus.txt/310.txt,Random,2,1,12012,729,24,4,4,1.4527065753936768
cnf/sudoku/1000-sudokus.txt/1003.txt,Random,3,1,12016,729,28,5,5,1.4700303077697754
cnf/sudoku/1000-sudokus.txt/641.txt,Random,1,1,12013,729,25,3,3,1.3983733654022217
cnf/sudoku/1000-sudokus.txt/678.txt,Random,14,10,12013,729,25,25,25,1.6335442066192627
cnf/sudoku/1000-sudokus.txt/1005.txt,Random,4,1,12016,729,28,6,6,1.4832465648651123
cnf/sudoku/1000-sudokus.txt/547.txt,Random,10,8,12013,729,25,19,19,1.533996343612671
cnf/sudoku/1000-sudokus.txt/177.txt,Random,1,0,12012,729,24,2,2,1.4105277061462402
cnf/sudoku/1000-sudokus.txt/98.txt,Random,22,19,12011,729,23,42,42,1.6663200855255127
