file_name,strategy,splits,backtracks,clauses,variables,givens,unit_rule,pure_rule,execution_time
cnf/sudoku/1000-sudokus.txt/786.txt,Grab First,4,1,12014,729,26,6,6,1.3369054794311523
cnf/sudoku/1000-sudokus.txt/22.txt,Grab First,5,2,12011,729,23,8,8,1.3496060371398926
cnf/sudoku/1000-sudokus.txt/61.txt,Grab First,0,0,12011,729,23,1,1,1.3411707878112793
cnf/sudoku/1000-sudokus.txt/885.txt,Grab First,1,0,12014,729,26,2,2,1.3728435039520264
cnf/sudoku/1000-sudokus.txt/925.txt,Grab First,1,0,12015,729,27,2,2,1.3423688411712646
cnf/sudoku/1000-sudokus.txt/327.txt,Grab First,5,3,12012,729,24,9,9,1.3419902324676514
cnf/sudoku/1000-sudokus.txt/237.txt,Grab First,0,0,12012,729,24,1,1,1.2745442390441895
cnf/sudoku/1000-sudokus.txt/78.txt,Grab First,8,2,12011,729,23,11,11,1.3305106163024902
cnf/sudoku/1000-sudokus.txt/869.txt,Grab First,3,3,12014,729,26,7,7,1.4181432723999023
cnf/sudoku/1000-sudokus.txt/771.txt,Grab First,4,1,12014,729,26,6,6,1.3492100238800049
cnf/sudoku/1000-sudokus.txt/368.txt,Grab First,8,6,12012,729,24,15,15,1.3922042846679688
cnf/sudoku/1000-sudokus.txt/693.txt,Grab First,1,0,12013,729,25,2,2,1.4415936470031738
cnf/sudoku/1000-sudokus.txt/826.txt,Grab First,0,0,12014,729,26,1,1,1.4821953773498535
cnf/sudoku/1000-sudokus.txt/596.txt,Grab First,0,0,12013,729,25,1,1,1.5317931175231934
cnf/sudoku/1000-sudokus.txt/328.txt,Grab First,6,3,12012,729,24,10,10,1.489788293838501
cnf/sudoku/1000-sudokus.txt/673.txt,Grab First,5,3,12013,729,25,9,9,1.4909417629241943
cnf/sudoku/1000-sudokus.txt/131.txt,Grab First,4,3,12011,729,23,8,8,1.449908971786499
cnf/sudoku/1000-sudokus.txt/447.txt,Grab First,1,1,12013,729,25,3,3,1.4724647998809814
cnf/sudoku/1000-sudokus.txt/461.txt,Grab First,0,0,12013,729,25,1,1,1.3999366760253906
cnf/sudoku/1000-sudokus.txt/395.txt,Grab First,22,20,12012,729,24,43,43,1.6903932094573975
cnf/sudoku/1000-sudokus.txt/200.txt,Grab First,0,0,12012,729,24,1,1,1.426374912261963
cnf/sudoku/1000-sudokus.txt/434.txt,Grab First,1,0,12013,729,25,2,2,1.414804220199585
cnf/sudoku/1000-sudokus.txt/35.txt,Grab First,3,1,12011,729,23,5,5,1.3873662948608398
cnf/sudoku/1000-sudokus.txt/912.txt,Grab First,7,6,12014,729,26,14,14,1.7082910537719727
cnf/sudoku/1000-sudokus.txt/845.txt,Grab First,3,0,12014,729,26,4,4,1.498241662979126
cnf/sudoku/1000-sudokus.txt/973.txt,Grab First,2,1,12015,729,27,4,4,1.474487066268921
cnf/sudoku/1000-sudokus.txt/481.txt,Grab First,15,13,12013,729,25,29,29,1.725721836090088
cnf/sudoku/1000-sudokus.txt/298.txt,Grab First,18,13,12012,729,24,32,32,1.6536266803741455
cnf/sudoku/1000-sudokus.txt/1007.txt,Grab First,0,0,12016,729,28,1,1,1.4964821338653564
cnf/sudoku/1000-sudokus.txt/106.txt,Grab First,0,0,12011,729,23,1,1,1.4701526165008545
cnf/sudoku/1000-sudokus.txt/57.txt,Grab First,0,0,12011,729,23,1,1,1.5298972129821777
cnf/sudoku/1000-sudokus.txt/871.txt,Grab First,3,1,12014,729,26,5,5,1.4721615314483643
cnf/sudoku/1000-sudokus.txt/398.txt,Grab First,7,4,12012,729,24,12,12,1.442260503768921
cnf/sudoku/1000-sudokus.txt/617.txt,Grab First,2,1,12013,729,25,4,4,1.4824259281158447
cnf/sudoku/1000-sudokus.txt/666.txt,Grab First,1,1,12013,729,25,3,3,1.4441585540771484
cnf/sudoku/1000-sudokus.txt/953.txt,Grab First,7,6,12015,729,27,14,14,1.5626795291900635
cnf/sudoku/1000-sudokus.txt/226.txt,Grab First,1,0,12012,729,24,2,2,1.3874671459197998
cnf/sudoku/1000-sudokus.txt/835.txt,Grab First,28,25,12014,729,26,54,54,1.8457348346710205
cnf/sudoku/1000-sudokus.txt/14.txt,Grab First,1,1,12010,729,22,3,3,1.5621674060821533
cnf/sudoku/1000-sudokus.txt/85.txt,Grab First,2,2,12011,729,23,5,5,1.5816490650177002
cnf/sudoku/1000-sudokus.txt/442.txt,Grab First,4,2,12013,729,25,7,7,1.596250057220459
cnf/sudoku/1000-sudokus.txt/890.txt,Grab First,1,1,12014,729,26,3,3,1.5916645526885986
cnf/sudoku/1000-sudokus.txt/998.txt,Grab First,2,1,12016,729,28,4,4,1.7725117206573486
cnf/sudoku/1000-sudokus.txt/10.txt,Grab First,26,25,12010,729,22,52,52,2.5289547443389893
cnf/sudoku/1000-sudokus.txt/615.txt,Grab First,5,4,12013,729,25,10,10,1.8728666305541992
cnf/sudoku/1000-sudokus.txt/751.txt,Grab First,4,4,12014,729,26,9,9,1.7042348384857178
cnf/sudoku/1000-sudokus.txt/823.txt,Grab First,23,20,12014,729,26,44,44,2.2499186992645264
cnf/sudoku/1000-sudokus.txt/146.txt,Grab First,0,0,12012,729,24,1,1,1.5455594062805176
cnf/sudoku/1000-sudokus.txt/212.txt,Grab First,2,1,12012,729,24,4,4,1.4640846252441406
cnf/sudoku/1000-sudokus.txt/924.txt,Grab First,16,10,12015,729,27,27,27,1.784290075302124
cnf/sudoku/1000-sudokus.txt/873.txt,Grab First,8,5,12014,729,26,14,14,1.569115400314331
cnf/sudoku/1000-sudokus.txt/930.txt,Grab First,11,9,12015,729,27,21,21,1.595085620880127
cnf/sudoku/1000-sudokus.txt/231.txt,Grab First,10,10,12012,729,24,21,21,1.6687378883361816
cnf/sudoku/1000-sudokus.txt/415.txt,Grab First,8,7,12013,729,25,16,16,1.8170132637023926
cnf/sudoku/1000-sudokus.txt/964.txt,Grab First,4,2,12015,729,27,7,7,1.3985943794250488
cnf/sudoku/1000-sudokus.txt/225.txt,Grab First,3,3,12012,729,24,7,7,1.5124247074127197
cnf/sudoku/1000-sudokus.txt/767.txt,Grab First,3,3,12014,729,26,7,7,1.4695303440093994
cnf/sudoku/1000-sudokus.txt/491.txt,Grab First,5,4,12013,729,25,10,10,1.4825186729431152
cnf/sudoku/1000-sudokus.txt/504.txt,Grab First,13,12,12013,729,25,26,26,1.530557632446289
cnf/sudoku/1000-sudokus.txt/121.txt,Grab First,22,20,12011,729,23,43,43,1.827181339263916
cnf/sudoku/1000-sudokus.txt/420.txt,Grab First,4,2,12013,729,25,7,7,1.5210909843444824
cnf/sudoku/1000-sudokus.txt/926.txt,Grab First,11,8,12015,729,27,20,20,1.5829217433929443
cnf/sudoku/1000-sudokus.txt/357.txt,Grab First,0,0,12012,729,24,1,1,1.3684582710266113
cnf/sudoku/1000-sudokus.txt/932.txt,Grab First,6,4,12015,729,27,11,11,1.4365131855010986
cnf/sudoku/1000-sudokus.txt/647.txt,Grab First,62,61,12013,729,25,124,124,2.7899816036224365
cnf/sudoku/1000-sudokus.txt/2.txt,Grab First,16,15,12010,729,22,32,32,1.6957426071166992
cnf/sudoku/1000-sudokus.txt/124.txt,Grab First,8,3,12011,729,23,12,12,1.6368956565856934
cnf/sudoku/1000-sudokus.txt/542.txt,Grab First,7,6,12013,729,25,14,14,1.4901998043060303
cnf/sudoku/1000-sudokus.txt/388.txt,Grab First,0,0,12012,729,24,1,1,1.434453010559082
cnf/sudoku/1000-sudokus.txt/539.txt,Grab First,1,0,12013,729,25,2,2,1.3598196506500244
cnf/sudoku/1000-sudokus.txt/548.txt,Grab First,15,13,12013,729,25,29,29,1.6369035243988037
cnf/sudoku/1000-sudokus.txt/909.txt,Grab First,18,17,12014,729,26,36,36,1.7023630142211914
cnf/sudoku/1000-sudokus.txt/567.txt,Grab First,1,1,12013,729,25,3,3,1.4109697341918945
cnf/sudoku/1000-sudokus.txt/583.txt,Grab First,2,2,12013,729,25,5,5,1.3563876152038574
cnf/sudoku/1000-sudokus.txt/702.txt,Grab First,8,5,12013,729,25,14,14,1.6189982891082764
cnf/sudoku/1000-sudokus.txt/790.txt,Grab First,13,12,12014,729,26,26,26,1.7375667095184326
cnf/sudoku/1000-sudokus.txt/526.txt,Grab First,0,0,12013,729,25,1,1,1.4385740756988525
cnf/sudoku/1000-sudokus.txt/249.txt,Grab First,9,8,12012,729,24,18,18,1.508371114730835
cnf/sudoku/1000-sudokus.txt/612.txt,Grab First,16,16,12013,729,25,33,33,1.8091094493865967
cnf/sudoku/1000-sudokus.txt/291.txt,Grab First,8,7,12012,729,24,16,16,1.5481915473937988
cnf/sudoku/1000-sudokus.txt/935.txt,Grab First,6,1,12015,729,27,8,8,1.3713533878326416
cnf/sudoku/1000-sudokus.txt/385.txt,Grab First,4,0,12012,729,24,5,5,1.3719024658203125
cnf/sudoku/1000-sudokus.txt/1009.txt,Grab First,1,1,12017,729,29,3,3,1.3924949169158936
cnf/sudoku/1000-sudokus.txt/243.txt,Grab First,2,0,12012,729,24,3,3,1.2704639434814453
cnf/sudoku/1000-sudokus.txt/220.txt,Grab First,28,24,12012,729,24,53,53,1.8074636459350586
cnf/sudoku/1000-sudokus.txt/611.txt,Grab First,11,10,12013,729,25,22,22,1.6048054695129395
cnf/sudoku/1000-sudokus.txt/263.txt,Grab First,0,0,12012,729,24,1,1,1.4038124084472656
cnf/sudoku/1000-sudokus.txt/877.txt,Grab First,4,2,12014,729,26,7,7,1.497962474822998
cnf/sudoku/1000-sudokus.txt/704.txt,Grab First,8,0,12013,729,25,9,9,1.308065414428711
cnf/sudoku/1000-sudokus.txt/536.txt,Grab First,23,21,12013,729,25,45,45,1.8033952713012695
cnf/sudoku/1000-sudokus.txt/367.txt,Grab First,18,14,12012,729,24,33,33,1.890611171722412
cnf/sudoku/1000-sudokus.txt/878.txt,Grab First,1,1,12014,729,26,3,3,1.5362210273742676
cnf/sudoku/1000-sudokus.txt/370.txt,Grab First,8,6,12012,729,24,15,15,1.418125867843628
cnf/sudoku/1000-sudokus.txt/616.txt,Grab First,6,6,12013,729,25,13,13,1.479022741317749
cnf/sudoku/1000-sudokus.txt/197.txt,Grab First,2,0,12012,729,24,3,3,1.4296658039093018
cnf/sudoku/1000-sudokus.txt/696.txt,Grab First,6,3,12013,729,25,10,10,1.5324723720550537
cnf/sudoku/1000-sudokus.txt/682.txt,Grab First,0,0,12013,729,25,1,1,1.5080795288085938
cnf/sudoku/1000-sudokus.txt/499.txt,Grab First,3,1,12013,729,25,5,5,1.4602749347686768
cnf/sudoku/1000-sudokus.txt/295.txt,Grab First,0,0,12012,729,24,1,1,1.3938634395599365
cnf/sudoku/1000-sudokus.txt/213.txt,Grab First,1,1,12012,729,24,3,3,1.388235330581665
cnf/sudoku/1000-sudokus.txt/656.txt,Grab First,0,0,12013,729,25,1,1,1.4185802936553955
cnf/sudoku/1000-sudokus.txt/416.txt,Grab First,1,0,12013,729,25,2,2,1.3837502002716064
cnf/sudoku/1000-sudokus.txt/288.txt,Grab First,2,0,12012,729,24,3,3,1.4249792098999023
cnf/sudoku/1000-sudokus.txt/738.txt,Grab First,9,7,12014,729,26,17,17,1.5996513366699219
cnf/sudoku/1000-sudokus.txt/764.txt,Grab First,7,5,12014,729,26,13,13,1.515080213546753
cnf/sudoku/1000-sudokus.txt/896.txt,Grab First,16,12,12014,729,26,29,29,1.7487993240356445
cnf/sudoku/1000-sudokus.txt/940.txt,Grab First,30,28,12015,729,27,59,59,1.8096754550933838
cnf/sudoku/1000-sudokus.txt/584.txt,Grab First,48,46,12013,729,25,95,95,2.1358678340911865
cnf/sudoku/1000-sudokus.txt/245.txt,Grab First,67,65,12012,729,24,133,133,3.059908628463745
cnf/sudoku/1000-sudokus.txt/687.txt,Grab First,15,11,12013,729,25,27,27,1.8463060855865479
cnf/sudoku/1000-sudokus.txt/340.txt,Grab First,0,0,12012,729,24,1,1,1.7072277069091797
cnf/sudoku/1000-sudokus.txt/91.txt,Grab First,5,4,12011,729,23,10,10,1.5965869426727295
cnf/sudoku/1000-sudokus.txt/937.txt,Grab First,0,0,12015,729,27,1,1,1.4773237705230713
cnf/sudoku/1000-sudokus.txt/460.txt,Grab First,6,2,12013,729,25,9,9,1.5461039543151855
cnf/sudoku/1000-sudokus.txt/66.txt,Grab First,0,0,12011,729,23,1,1,1.4665842056274414
cnf/sudoku/1000-sudokus.txt/302.txt,Grab First,0,0,12012,729,24,1,1,1.4641516208648682
cnf/sudoku/1000-sudokus.txt/755.txt,Grab First,9,6,12014,729,26,16,16,1.5501163005828857
cnf/sudoku/1000-sudokus.txt/479.txt,Grab First,0,0,12013,729,25,1,1,1.4903087615966797
cnf/sudoku/1000-sudokus.txt/544.txt,Grab First,17,15,12013,729,25,33,33,1.609412431716919
cnf/sudoku/1000-sudokus.txt/954.txt,Grab First,5,2,12015,729,27,8,8,1.5355100631713867
cnf/sudoku/1000-sudokus.txt/716.txt,Grab First,0,0,12014,729,26,1,1,1.451667070388794
cnf/sudoku/1000-sudokus.txt/51.txt,Grab First,0,0,12011,729,23,1,1,1.4659931659698486
cnf/sudoku/1000-sudokus.txt/651.txt,Grab First,0,0,12013,729,25,1,1,1.4186069965362549
cnf/sudoku/1000-sudokus.txt/712.txt,Grab First,2,0,12014,729,26,3,3,1.3626890182495117
cnf/sudoku/1000-sudokus.txt/967.txt,Grab First,4,4,12015,729,27,9,9,1.427079200744629
cnf/sudoku/1000-sudokus.txt/439.txt,Grab First,0,0,12013,729,25,1,1,1.4416041374206543
cnf/sudoku/1000-sudokus.txt/104.txt,Grab First,0,0,12011,729,23,1,1,1.4058282375335693
cnf/sudoku/1000-sudokus.txt/962.txt,Grab First,2,0,12015,729,27,3,3,1.455049991607666
cnf/sudoku/1000-sudokus.txt/167.txt,Grab First,3,3,12012,729,24,7,7,1.4356908798217773
cnf/sudoku/1000-sudokus.txt/54.txt,Grab First,4,4,12011,729,23,9,9,1.4725348949432373
cnf/sudoku/1000-sudokus.txt/365.txt,Grab First,0,0,12012,729,24,1,1,1.3729219436645508
cnf/sudoku/1000-sudokus.txt/230.txt,Grab First,3,1,12012,729,24,5,5,1.3611445426940918
cnf/sudoku/1000-sudokus.txt/247.txt,Grab First,0,0,12012,729,24,1,1,1.6413226127624512
cnf/sudoku/1000-sudokus.txt/56.txt,Grab First,0,0,12011,729,23,1,1,1.554703950881958
cnf/sudoku/1000-sudokus.txt/922.txt,Grab First,4,3,12015,729,27,8,8,1.4574601650238037
cnf/sudoku/1000-sudokus.txt/75.txt,Grab First,0,0,12011,729,23,1,1,1.4603023529052734
cnf/sudoku/1000-sudokus.txt/970.txt,Grab First,18,18,12015,729,27,37,37,1.7429330348968506
cnf/sudoku/1000-sudokus.txt/522.txt,Grab First,0,0,12013,729,25,1,1,1.44724702835083
cnf/sudoku/1000-sudokus.txt/48.txt,Grab First,18,8,12011,729,23,27,27,1.6711409091949463
cnf/sudoku/1000-sudokus.txt/783.txt,Grab First,9,9,12014,729,26,19,19,1.7092952728271484
cnf/sudoku/1000-sudokus.txt/899.txt,Grab First,4,2,12014,729,26,7,7,1.4050135612487793
cnf/sudoku/1000-sudokus.txt/13.txt,Grab First,6,3,12010,729,22,10,10,1.4525096416473389
cnf/sudoku/1000-sudokus.txt/581.txt,Grab First,0,0,12013,729,25,1,1,1.4170119762420654
cnf/sudoku/1000-sudokus.txt/156.txt,Grab First,4,2,12012,729,24,7,7,1.4459068775177002
cnf/sudoku/1000-sudokus.txt/128.txt,Grab First,5,5,12011,729,23,11,11,1.4662411212921143
cnf/sudoku/1000-sudokus.txt/721.txt,Grab First,12,9,12014,729,26,22,22,1.5286881923675537
cnf/sudoku/1000-sudokus.txt/805.txt,Grab First,1,0,12014,729,26,2,2,1.4158029556274414
cnf/sudoku/1000-sudokus.txt/69.txt,Grab First,0,0,12011,729,23,1,1,1.3655223846435547
cnf/sudoku/1000-sudokus.txt/459.txt,Grab First,5,2,12013,729,25,8,8,1.4617483615875244
cnf/sudoku/1000-sudokus.txt/761.txt,Grab First,4,3,12014,729,26,8,8,1.5703279972076416
cnf/sudoku/1000-sudokus.txt/70.txt,Grab First,89,87,12011,729,23,177,177,3.7170512676239014
cnf/sudoku/1000-sudokus.txt/393.txt,Grab First,2,1,12012,729,24,4,4,1.544203281402588
cnf/sudoku/1000-sudokus.txt/875.txt,Grab First,4,1,12014,729,26,6,6,1.5465590953826904
cnf/sudoku/1000-sudokus.txt/335.txt,Grab First,5,3,12012,729,24,9,9,1.562696933746338
cnf/sudoku/1000-sudokus.txt/350.txt,Grab First,6,6,12012,729,24,13,13,1.6499967575073242
cnf/sudoku/1000-sudokus.txt/750.txt,Grab First,5,0,12014,729,26,6,6,1.5282607078552246
cnf/sudoku/1000-sudokus.txt/531.txt,Grab First,5,3,12013,729,25,9,9,1.5610315799713135
cnf/sudoku/1000-sudokus.txt/624.txt,Grab First,0,0,12013,729,25,1,1,1.4720125198364258
cnf/sudoku/1000-sudokus.txt/828.txt,Grab First,5,1,12014,729,26,7,7,1.5166468620300293
cnf/sudoku/1000-sudokus.txt/880.txt,Grab First,5,3,12014,729,26,9,9,1.542616367340088
cnf/sudoku/1000-sudokus.txt/585.txt,Grab First,11,9,12013,729,25,21,21,1.7525324821472168
cnf/sudoku/1000-sudokus.txt/726.txt,Grab First,2,0,12014,729,26,3,3,1.5564289093017578
cnf/sudoku/1000-sudokus.txt/604.txt,Grab First,8,7,12013,729,25,16,16,1.582244873046875
cnf/sudoku/1000-sudokus.txt/284.txt,Grab First,1,0,12012,729,24,2,2,1.4105312824249268
cnf/sudoku/1000-sudokus.txt/425.txt,Grab First,4,1,12013,729,25,6,6,1.4477570056915283
cnf/sudoku/1000-sudokus.txt/1006.txt,Grab First,7,6,12016,729,28,14,14,1.5706229209899902
cnf/sudoku/1000-sudokus.txt/486.txt,Grab First,3,1,12013,729,25,5,5,1.4500293731689453
cnf/sudoku/1000-sudokus.txt/839.txt,Grab First,12,10,12014,729,26,23,23,1.5293526649475098
cnf/sudoku/1000-sudokus.txt/569.txt,Grab First,0,0,12013,729,25,1,1,1.480015516281128
cnf/sudoku/1000-sudokus.txt/454.txt,Grab First,3,1,12013,729,25,5,5,1.5003166198730469
cnf/sudoku/1000-sudokus.txt/947.txt,Grab First,5,5,12015,729,27,11,11,1.4463045597076416
cnf/sudoku/1000-sudokus.txt/650.txt,Grab First,2,1,12013,729,25,4,4,1.4394254684448242
cnf/sudoku/1000-sudokus.txt/576.txt,Grab First,0,0,12013,729,25,1,1,1.3598573207855225
cnf/sudoku/1000-sudokus.txt/402.txt,Grab First,2,1,12013,729,25,4,4,1.4250006675720215
cnf/sudoku/1000-sudokus.txt/82.txt,Grab First,0,0,12011,729,23,1,1,1.4451663494110107
cnf/sudoku/1000-sudokus.txt/891.txt,Grab First,2,0,12014,729,26,3,3,1.7149972915649414
cnf/sudoku/1000-sudokus.txt/607.txt,Grab First,4,2,12013,729,25,7,7,1.4921350479125977
cnf/sudoku/1000-sudokus.txt/814.txt,Grab First,0,0,12014,729,26,1,1,1.4729914665222168
cnf/sudoku/1000-sudokus.txt/837.txt,Grab First,6,2,12014,729,26,9,9,1.547673225402832
cnf/sudoku/1000-sudokus.txt/12.txt,Grab First,1,0,12010,729,22,2,2,1.4776713848114014
cnf/sudoku/1000-sudokus.txt/709.txt,Grab First,1,0,12014,729,26,2,2,1.5253336429595947
cnf/sudoku/1000-sudokus.txt/974.txt,Grab First,14,11,12015,729,27,26,26,1.6744105815887451
cnf/sudoku/1000-sudokus.txt/484.txt,Grab First,21,19,12013,729,25,41,41,1.841177225112915
cnf/sudoku/1000-sudokus.txt/149.txt,Grab First,0,0,12012,729,24,1,1,1.5232267379760742
cnf/sudoku/1000-sudokus.txt/987.txt,Grab First,13,9,12015,729,27,23,23,1.6072771549224854
cnf/sudoku/1000-sudokus.txt/872.txt,Grab First,14,12,12014,729,26,27,27,1.61387038230896
cnf/sudoku/1000-sudokus.txt/643.txt,Grab First,0,0,12013,729,25,1,1,1.5570549964904785
cnf/sudoku/1000-sudokus.txt/449.txt,Grab First,0,0,12013,729,25,1,1,1.5080206394195557
cnf/sudoku/1000-sudokus.txt/238.txt,Grab First,21,19,12012,729,24,41,41,1.8248240947723389
cnf/sudoku/1000-sudokus.txt/653.txt,Grab First,35,32,12013,729,25,68,68,2.4925272464752197
cnf/sudoku/1000-sudokus.txt/533.txt,Grab First,3,1,12013,729,25,5,5,1.6682827472686768
cnf/sudoku/1000-sudokus.txt/265.txt,Grab First,0,0,12012,729,24,1,1,1.6323456764221191
cnf/sudoku/1000-sudokus.txt/349.txt,Grab First,0,0,12012,729,24,1,1,1.6454980373382568
cnf/sudoku/1000-sudokus.txt/410.txt,Grab First,0,0,12013,729,25,1,1,1.5879249572753906
cnf/sudoku/1000-sudokus.txt/519.txt,Grab First,13,9,12013,729,25,23,23,1.511368989944458
cnf/sudoku/1000-sudokus.txt/545.txt,Grab First,3,2,12013,729,25,6,6,1.3649077415466309
cnf/sudoku/1000-sudokus.txt/527.txt,Grab First,4,0,12013,729,25,5,5,1.6034138202667236
cnf/sudoku/1000-sudokus.txt/628.txt,Grab First,8,2,12013,729,25,11,11,1.7187070846557617
cnf/sudoku/1000-sudokus.txt/97.txt,Grab First,4,4,12011,729,23,9,9,1.617673635482788
cnf/sudoku/1000-sudokus.txt/165.txt,Grab First,5,3,12012,729,24,9,9,1.451780080795288
cnf/sudoku/1000-sudokus.txt/564.txt,Grab First,7,2,12013,729,25,10,10,1.57413649559021
cnf/sudoku/1000-sudokus.txt/277.txt,Grab First,3,3,12012,729,24,7,7,1.6701347827911377
cnf/sudoku/1000-sudokus.txt/6.txt,Grab First,0,0,12010,729,22,1,1,1.5550429821014404
cnf/sudoku/1000-sudokus.txt/898.txt,Grab First,0,0,12014,729,26,1,1,1.6419427394866943
cnf/sudoku/1000-sudokus.txt/724.txt,Grab First,10,6,12014,729,26,17,17,1.720015525817871
cnf/sudoku/1000-sudokus.txt/324.txt,Grab First,107,100,12012,729,24,208,208,3.7951254844665527
cnf/sudoku/1000-sudokus.txt/289.txt,Grab First,0,0,12012,729,24,1,1,1.5206964015960693
cnf/sudoku/1000-sudokus.txt/164.txt,Grab First,0,0,12012,729,24,1,1,1.5234835147857666
cnf/sudoku/1000-sudokus.txt/763.txt,Grab First,5,2,12014,729,26,8,8,1.689049243927002
cnf/sudoku/1000-sudokus.txt/219.txt,Grab First,17,11,12012,729,24,29,29,1.6519968509674072
cnf/sudoku/1000-sudokus.txt/117.txt,Grab First,0,0,12011,729,23,1,1,1.4598770141601562
cnf/sudoku/1000-sudokus.txt/680.txt,Grab First,6,1,12013,729,25,8,8,1.4321372509002686
cnf/sudoku/1000-sudokus.txt/690.txt,Grab First,7,3,12013,729,25,11,11,1.5647773742675781
cnf/sudoku/1000-sudokus.txt/644.txt,Grab First,0,0,12013,729,25,1,1,1.4273743629455566
cnf/sudoku/1000-sudokus.txt/613.txt,Grab First,0,0,12013,729,25,1,1,1.5723156929016113
cnf/sudoku/1000-sudokus.txt/47.txt,Grab First,0,0,12011,729,23,1,1,1.7449586391448975
cnf/sudoku/1000-sudokus.txt/16.txt,Grab First,0,0,12010,729,22,1,1,1.3777620792388916
cnf/sudoku/1000-sudokus.txt/448.txt,Grab First,1,0,12013,729,25,2,2,1.488039255142212
cnf/sudoku/1000-sudokus.txt/274.txt,Grab First,5,2,12012,729,24,8,8,1.4739127159118652
cnf/sudoku/1000-sudokus.txt/37.txt,Grab First,8,7,12011,729,23,16,16,1.4995110034942627
cnf/sudoku/1000-sudokus.txt/23.txt,Grab First,0,0,12011,729,23,1,1,1.4095702171325684
cnf/sudoku/1000-sudokus.txt/334.txt,Grab First,44,39,12012,729,24,84,84,2.25752592086792
cnf/sudoku/1000-sudokus.txt/588.txt,Grab First,13,6,12013,729,25,20,20,1.5472838878631592
cnf/sudoku/1000-sudokus.txt/116.txt,Grab First,1,1,12011,729,23,3,3,1.5334599018096924
cnf/sudoku/1000-sudokus.txt/745.txt,Grab First,6,6,12014,729,26,13,13,1.5565097332000732
cnf/sudoku/1000-sudokus.txt/897.txt,Grab First,1,0,12014,729,26,2,2,1.4805479049682617
cnf/sudoku/1000-sudokus.txt/492.txt,Grab First,0,0,12013,729,25,1,1,1.412489891052246
cnf/sudoku/1000-sudokus.txt/135.txt,Grab First,0,0,12011,729,23,1,1,1.4114816188812256
cnf/sudoku/1000-sudokus.txt/234.txt,Grab First,5,4,12012,729,24,10,10,1.4173095226287842
cnf/sudoku/1000-sudokus.txt/503.txt,Grab First,21,20,12013,729,25,42,42,1.7082481384277344
cnf/sudoku/1000-sudokus.txt/798.txt,Grab First,0,0,12014,729,26,1,1,1.4329216480255127
cnf/sudoku/1000-sudokus.txt/874.txt,Grab First,12,11,12014,729,26,24,24,1.4544286727905273
cnf/sudoku/1000-sudokus.txt/221.txt,Grab First,0,0,12012,729,24,1,1,1.494645118713379
cnf/sudoku/1000-sudokus.txt/824.txt,Grab First,14,11,12014,729,26,26,26,1.7167057991027832
cnf/sudoku/1000-sudokus.txt/538.txt,Grab First,5,4,12013,729,25,10,10,1.7967500686645508
cnf/sudoku/1000-sudokus.txt/41.txt,Grab First,0,0,12011,729,23,1,1,1.5209927558898926
cnf/sudoku/1000-sudokus.txt/948.txt,Grab First,24,23,12015,729,27,48,48,2.255119800567627
cnf/sudoku/1000-sudokus.txt/753.txt,Grab First,16,11,12014,729,26,28,28,1.7519643306732178
cnf/sudoku/1000-sudokus.txt/774.txt,Grab First,13,10,12014,729,26,24,24,1.6724789142608643
cnf/sudoku/1000-sudokus.txt/58.txt,Grab First,3,2,12011,729,23,6,6,1.5997753143310547
cnf/sudoku/1000-sudokus.txt/411.txt,Grab First,5,2,12013,729,25,8,8,1.6263561248779297
cnf/sudoku/1000-sudokus.txt/512.txt,Grab First,0,0,12013,729,25,1,1,1.586561918258667
cnf/sudoku/1000-sudokus.txt/645.txt,Grab First,2,0,12013,729,25,3,3,1.4878959655761719
cnf/sudoku/1000-sudokus.txt/992.txt,Grab First,4,2,12015,729,27,7,7,1.5324387550354004
cnf/sudoku/1000-sudokus.txt/523.txt,Grab First,0,0,12013,729,25,1,1,1.4729113578796387
cnf/sudoku/1000-sudokus.txt/1001.txt,Grab First,36,35,12016,729,28,72,72,2.258197546005249
cnf/sudoku/1000-sudokus.txt/945.txt,Grab First,0,0,12015,729,27,1,1,1.4549386501312256
cnf/sudoku/1000-sudokus.txt/173.txt,Grab First,0,0,12012,729,24,1,1,1.37701416015625
cnf/sudoku/1000-sudokus.txt/472.txt,Grab First,6,1,12013,729,25,8,8,1.4269273281097412
cnf/sudoku/1000-sudokus.txt/194.txt,Grab First,1,0,12012,729,24,2,2,1.4571170806884766
cnf/sudoku/1000-sudokus.txt/122.txt,Grab First,17,15,12011,729,23,33,33,1.8471956253051758
cnf/sudoku/1000-sudokus.txt/441.txt,Grab First,41,37,12013,729,25,79,79,2.6061723232269287
cnf/sudoku/1000-sudokus.txt/760.txt,Grab First,16,16,12014,729,26,33,33,2.2652435302734375
cnf/sudoku/1000-sudokus.txt/240.txt,Grab First,0,0,12012,729,24,1,1,1.7003734111785889
cnf/sudoku/1000-sudokus.txt/105.txt,Grab First,0,0,12011,729,23,1,1,1.6248395442962646
cnf/sudoku/1000-sudokus.txt/664.txt,Grab First,0,0,12013,729,25,1,1,1.5033528804779053
cnf/sudoku/1000-sudokus.txt/505.txt,Grab First,33,32,12013,729,25,66,66,2.01904559135437
cnf/sudoku/1000-sudokus.txt/557.txt,Grab First,8,5,12013,729,25,14,14,1.5636022090911865
cnf/sudoku/1000-sudokus.txt/488.txt,Grab First,3,1,12013,729,25,5,5,1.5338563919067383
cnf/sudoku/1000-sudokus.txt/89.txt,Grab First,1,0,12011,729,23,2,2,1.6358726024627686
cnf/sudoku/1000-sudokus.txt/715.txt,Grab First,8,7,12014,729,26,16,16,1.6346871852874756
cnf/sudoku/1000-sudokus.txt/140.txt,Grab First,3,1,12012,729,24,5,5,1.4592242240905762
cnf/sudoku/1000-sudokus.txt/161.txt,Grab First,0,0,12012,729,24,1,1,1.4253499507904053
cnf/sudoku/1000-sudokus.txt/638.txt,Grab First,3,2,12013,729,25,6,6,1.4223496913909912
cnf/sudoku/1000-sudokus.txt/506.txt,Grab First,7,7,12013,729,25,15,15,1.5010645389556885
cnf/sudoku/1000-sudokus.txt/860.txt,Grab First,4,4,12014,729,26,9,9,1.4843077659606934
cnf/sudoku/1000-sudokus.txt/223.txt,Grab First,2,2,12012,729,24,5,5,1.5444061756134033
cnf/sudoku/1000-sudokus.txt/264.txt,Grab First,2,2,12012,729,24,5,5,1.515228033065796
cnf/sudoku/1000-sudokus.txt/312.txt,Grab First,0,0,12012,729,24,1,1,1.500922441482544
cnf/sudoku/1000-sudokus.txt/431.txt,Grab First,0,0,12013,729,25,1,1,1.467346429824829
cnf/sudoku/1000-sudokus.txt/907.txt,Grab First,29,24,12014,729,26,54,54,1.8706860542297363
cnf/sudoku/1000-sudokus.txt/785.txt,Grab First,29,25,12014,729,26,55,55,1.848620891571045
cnf/sudoku/1000-sudokus.txt/369.txt,Grab First,7,7,12012,729,24,15,15,1.5360960960388184
cnf/sudoku/1000-sudokus.txt/916.txt,Grab First,0,0,12015,729,27,1,1,1.7058296203613281
cnf/sudoku/1000-sudokus.txt/137.txt,Grab First,0,0,12011,729,23,1,1,1.54746413230896
cnf/sudoku/1000-sudokus.txt/887.txt,Grab First,0,0,12014,729,26,1,1,1.456923484802246
cnf/sudoku/1000-sudokus.txt/171.txt,Grab First,26,19,12012,729,24,46,46,1.6519775390625
cnf/sudoku/1000-sudokus.txt/727.txt,Grab First,13,12,12014,729,26,26,26,1.60054349899292
cnf/sudoku/1000-sudokus.txt/614.txt,Grab First,7,6,12013,729,25,14,14,1.7550733089447021
cnf/sudoku/1000-sudokus.txt/235.txt,Grab First,0,0,12012,729,24,1,1,1.5292689800262451
cnf/sudoku/1000-sudokus.txt/999.txt,Grab First,4,2,12016,729,28,7,7,1.7081105709075928
cnf/sudoku/1000-sudokus.txt/686.txt,Grab First,40,34,12013,729,25,75,75,2.749114513397217
cnf/sudoku/1000-sudokus.txt/371.txt,Grab First,1,1,12012,729,24,3,3,2.0267021656036377
cnf/sudoku/1000-sudokus.txt/592.txt,Grab First,0,0,12013,729,25,1,1,1.7883436679840088
cnf/sudoku/1000-sudokus.txt/821.txt,Grab First,4,2,12014,729,26,7,7,1.5384531021118164
cnf/sudoku/1000-sudokus.txt/791.txt,Grab First,0,0,12014,729,26,1,1,1.5186066627502441
cnf/sudoku/1000-sudokus.txt/309.txt,Grab First,5,4,12012,729,24,10,10,1.5119373798370361
cnf/sudoku/1000-sudokus.txt/251.txt,Grab First,5,4,12012,729,24,10,10,1.613396167755127
cnf/sudoku/1000-sudokus.txt/757.txt,Grab First,1,0,12014,729,26,2,2,1.5264062881469727
cnf/sudoku/1000-sudokus.txt/590.txt,Grab First,18,15,12013,729,25,34,34,1.7843351364135742
cnf/sudoku/1000-sudokus.txt/257.txt,Grab First,0,0,12012,729,24,1,1,1.5710833072662354
cnf/sudoku/1000-sudokus.txt/688.txt,Grab First,1,0,12013,729,25,2,2,1.5457329750061035
cnf/sudoku/1000-sudokus.txt/228.txt,Grab First,2,0,12012,729,24,3,3,1.4859061241149902
cnf/sudoku/1000-sudokus.txt/355.txt,Grab First,3,1,12012,729,24,5,5,1.4740726947784424
cnf/sudoku/1000-sudokus.txt/254.txt,Grab First,1,0,12012,729,24,2,2,1.4794738292694092
cnf/sudoku/1000-sudokus.txt/353.txt,Grab First,0,0,12012,729,24,1,1,1.3471856117248535
cnf/sudoku/1000-sudokus.txt/1002.txt,Grab First,17,15,12016,729,28,33,33,1.80086350440979
cnf/sudoku/1000-sudokus.txt/723.txt,Grab First,1,0,12014,729,26,2,2,1.5188989639282227
cnf/sudoku/1000-sudokus.txt/810.txt,Grab First,8,6,12014,729,26,15,15,1.6188857555389404
cnf/sudoku/1000-sudokus.txt/181.txt,Grab First,12,6,12012,729,24,19,19,1.635115623474121
cnf/sudoku/1000-sudokus.txt/268.txt,Grab First,21,21,12012,729,24,43,43,2.072202205657959
cnf/sudoku/1000-sudokus.txt/204.txt,Grab First,1,0,12012,729,24,2,2,1.4860100746154785
cnf/sudoku/1000-sudokus.txt/509.txt,Grab First,3,2,12013,729,25,6,6,1.6734435558319092
cnf/sudoku/1000-sudokus.txt/991.txt,Grab First,16,14,12015,729,27,31,31,1.86246919631958
cnf/sudoku/1000-sudokus.txt/599.txt,Grab First,7,2,12013,729,25,10,10,1.8536045551300049
cnf/sudoku/1000-sudokus.txt/176.txt,Grab First,2,1,12012,729,24,4,4,1.6890370845794678
cnf/sudoku/1000-sudokus.txt/719.txt,Grab First,0,0,12014,729,26,1,1,1.5997092723846436
cnf/sudoku/1000-sudokus.txt/444.txt,Grab First,15,14,12013,729,25,30,30,1.7187962532043457
cnf/sudoku/1000-sudokus.txt/9.txt,Grab First,4,4,12010,729,22,9,9,1.652385950088501
cnf/sudoku/1000-sudokus.txt/239.txt,Grab First,1,0,12012,729,24,2,2,1.5558788776397705
cnf/sudoku/1000-sudokus.txt/820.txt,Grab First,13,11,12014,729,26,25,25,1.5839619636535645
cnf/sudoku/1000-sudokus.txt/648.txt,Grab First,16,13,12013,729,25,30,30,1.7397735118865967
cnf/sudoku/1000-sudokus.txt/83.txt,Grab First,14,11,12011,729,23,26,26,1.7722597122192383
cnf/sudoku/1000-sudokus.txt/63.txt,Grab First,0,0,12011,729,23,1,1,1.4982247352600098
cnf/sudoku/1000-sudokus.txt/961.txt,Grab First,11,5,12015,729,27,17,17,1.5518288612365723
cnf/sudoku/1000-sudokus.txt/59.txt,Grab First,3,2,12011,729,23,6,6,1.6215109825134277
cnf/sudoku/1000-sudokus.txt/958.txt,Grab First,5,4,12015,729,27,10,10,1.8872451782226562
cnf/sudoku/1000-sudokus.txt/120.txt,Grab First,2,1,12011,729,23,4,4,1.6610684394836426
cnf/sudoku/1000-sudokus.txt/809.txt,Grab First,37,28,12014,729,26,66,66,2.534884452819824
cnf/sudoku/1000-sudokus.txt/18.txt,Grab First,0,0,12010,729,22,1,1,1.8242833614349365
cnf/sudoku/1000-sudokus.txt/248.txt,Grab First,0,0,12012,729,24,1,1,1.496948480606079
cnf/sudoku/1000-sudokus.txt/382.txt,Grab First,0,0,12012,729,24,1,1,1.4767699241638184
cnf/sudoku/1000-sudokus.txt/627.txt,Grab First,4,1,12013,729,25,6,6,1.4105651378631592
cnf/sudoku/1000-sudokus.txt/414.txt,Grab First,7,2,12013,729,25,10,10,1.5618011951446533
cnf/sudoku/1000-sudokus.txt/733.txt,Grab First,17,15,12014,729,26,33,33,1.7516067028045654
cnf/sudoku/1000-sudokus.txt/92.txt,Grab First,5,1,12011,729,23,7,7,1.5906040668487549
cnf/sudoku/1000-sudokus.txt/252.txt,Grab First,0,0,12012,729,24,1,1,1.4841845035552979
cnf/sudoku/1000-sudokus.txt/850.txt,Grab First,3,3,12014,729,26,7,7,1.4677364826202393
cnf/sudoku/1000-sudokus.txt/679.txt,Grab First,1,0,12013,729,25,2,2,1.4825520515441895
cnf/sudoku/1000-sudokus.txt/711.txt,Grab First,4,3,12014,729,26,8,8,1.641829490661621
cnf/sudoku/1000-sudokus.txt/657.txt,Grab First,6,4,12013,729,25,11,11,1.545367956161499
cnf/sudoku/1000-sudokus.txt/380.txt,Grab First,2,1,12012,729,24,4,4,1.5764882564544678
cnf/sudoku/1000-sudokus.txt/403.txt,Grab First,6,3,12013,729,25,10,10,1.7060794830322266
cnf/sudoku/1000-sudokus.txt/71.txt,Grab First,1,1,12011,729,23,3,3,1.6061453819274902
cnf/sudoku/1000-sudokus.txt/465.txt,Grab First,5,1,12013,729,25,7,7,1.527820348739624
cnf/sudoku/1000-sudokus.txt/554.txt,Grab First,1,0,12013,729,25,2,2,1.4638702869415283
cnf/sudoku/1000-sudokus.txt/290.txt,Grab First,3,1,12012,729,24,5,5,1.5097253322601318
cnf/sudoku/1000-sudokus.txt/297.txt,Grab First,1,0,12012,729,24,2,2,1.5425381660461426
cnf/sudoku/1000-sudokus.txt/487.txt,Grab First,4,2,12013,729,25,7,7,1.5315485000610352
cnf/sudoku/1000-sudokus.txt/190.txt,Grab First,4,0,12012,729,24,5,5,1.3754632472991943
cnf/sudoku/1000-sudokus.txt/518.txt,Grab First,5,5,12013,729,25,11,11,1.6416754722595215
cnf/sudoku/1000-sudokus.txt/17.txt,Grab First,0,0,12010,729,22,1,1,1.6244633197784424
cnf/sudoku/1000-sudokus.txt/278.txt,Grab First,0,0,12012,729,24,1,1,1.4994075298309326
cnf/sudoku/1000-sudokus.txt/67.txt,Grab First,4,0,12011,729,23,5,5,1.4741389751434326
cnf/sudoku/1000-sudokus.txt/139.txt,Grab First,12,12,12012,729,24,25,25,1.6548640727996826
cnf/sudoku/1000-sudokus.txt/773.txt,Grab First,0,0,12014,729,26,1,1,1.583061695098877
cnf/sudoku/1000-sudokus.txt/918.txt,Grab First,0,0,12015,729,27,1,1,1.7937548160552979
cnf/sudoku/1000-sudokus.txt/407.txt,Grab First,3,2,12013,729,25,6,6,1.8086693286895752
cnf/sudoku/1000-sudokus.txt/759.txt,Grab First,6,5,12014,729,26,12,12,1.624300241470337
cnf/sudoku/1000-sudokus.txt/668.txt,Grab First,3,2,12013,729,25,6,6,1.5819036960601807
cnf/sudoku/1000-sudokus.txt/788.txt,Grab First,16,10,12014,729,26,27,27,1.7861273288726807
cnf/sudoku/1000-sudokus.txt/904.txt,Grab First,20,16,12014,729,26,37,37,1.9277088642120361
cnf/sudoku/1000-sudokus.txt/675.txt,Grab First,13,12,12013,729,25,26,26,1.8273003101348877
cnf/sudoku/1000-sudokus.txt/381.txt,Grab First,0,0,12012,729,24,1,1,1.5436277389526367
cnf/sudoku/1000-sudokus.txt/493.txt,Grab First,7,4,12013,729,25,12,12,1.6272966861724854
cnf/sudoku/1000-sudokus.txt/318.txt,Grab First,3,1,12012,729,24,5,5,1.504568099975586
cnf/sudoku/1000-sudokus.txt/779.txt,Grab First,14,11,12014,729,26,26,26,1.728149652481079
cnf/sudoku/1000-sudokus.txt/1008.txt,Grab First,9,5,12016,729,28,15,15,1.4642846584320068
cnf/sudoku/1000-sudokus.txt/708.txt,Grab First,20,16,12014,729,26,37,37,1.6658847332000732
cnf/sudoku/1000-sudokus.txt/217.txt,Grab First,0,0,12012,729,24,1,1,1.5004725456237793
cnf/sudoku/1000-sudokus.txt/330.txt,Grab First,15,9,12012,729,24,25,25,1.6608335971832275
cnf/sudoku/1000-sudokus.txt/329.txt,Grab First,4,1,12012,729,24,6,6,1.4599146842956543
cnf/sudoku/1000-sudokus.txt/983.txt,Grab First,24,22,12015,729,27,47,47,1.853149652481079
cnf/sudoku/1000-sudokus.txt/853.txt,Grab First,2,0,12014,729,26,3,3,1.5570168495178223
cnf/sudoku/1000-sudokus.txt/827.txt,Grab First,7,1,12014,729,26,9,9,1.4442219734191895
cnf/sudoku/1000-sudokus.txt/698.txt,Grab First,0,0,12013,729,25,1,1,1.493562936782837
cnf/sudoku/1000-sudokus.txt/175.txt,Grab First,2,0,12012,729,24,3,3,1.4161198139190674
cnf/sudoku/1000-sudokus.txt/215.txt,Grab First,46,44,12012,729,24,91,91,2.706840753555298
cnf/sudoku/1000-sudokus.txt/602.txt,Grab First,3,0,12013,729,25,4,4,1.5362374782562256
cnf/sudoku/1000-sudokus.txt/517.txt,Grab First,7,7,12013,729,25,15,15,1.4829518795013428
cnf/sudoku/1000-sudokus.txt/351.txt,Grab First,9,7,12012,729,24,17,17,1.3958990573883057
cnf/sudoku/1000-sudokus.txt/633.txt,Grab First,4,4,12013,729,25,9,9,1.5113577842712402
cnf/sudoku/1000-sudokus.txt/830.txt,Grab First,10,7,12014,729,26,18,18,1.730314016342163
cnf/sudoku/1000-sudokus.txt/591.txt,Grab First,108,107,12013,729,25,216,216,4.20641565322876
cnf/sudoku/1000-sudokus.txt/473.txt,Grab First,3,3,12013,729,25,7,7,1.5461833477020264
cnf/sudoku/1000-sudokus.txt/129.txt,Grab First,5,4,12011,729,23,10,10,1.6090672016143799
cnf/sudoku/1000-sudokus.txt/697.txt,Grab First,7,6,12013,729,25,14,14,1.747828483581543
cnf/sudoku/1000-sudokus.txt/90.txt,Grab First,4,3,12011,729,23,8,8,1.5947833061218262
cnf/sudoku/1000-sudokus.txt/193.txt,Grab First,2,2,12012,729,24,5,5,1.6217358112335205
cnf/sudoku/1000-sudokus.txt/807.txt,Grab First,6,4,12014,729,26,11,11,1.5768318176269531
cnf/sudoku/1000-sudokus.txt/642.txt,Grab First,0,0,12013,729,25,1,1,1.507972240447998
cnf/sudoku/1000-sudokus.txt/241.txt,Grab First,0,0,12012,729,24,1,1,1.6018731594085693
cnf/sudoku/1000-sudokus.txt/378.txt,Grab First,1,0,12012,729,24,2,2,1.485529899597168
cnf/sudoku/1000-sudokus.txt/386.txt,Grab First,12,10,12012,729,24,23,23,1.648228645324707
cnf/sudoku/1000-sudokus.txt/619.txt,Grab First,10,6,12013,729,25,17,17,1.5584421157836914
cnf/sudoku/1000-sudokus.txt/433.txt,Grab First,2,1,12013,729,25,4,4,1.9736480712890625
cnf/sudoku/1000-sudokus.txt/870.txt,Grab First,1,0,12014,729,26,2,2,1.6360888481140137
cnf/sudoku/1000-sudokus.txt/993.txt,Grab First,8,6,12015,729,27,15,15,1.7075848579406738
cnf/sudoku/1000-sudokus.txt/654.txt,Grab First,0,0,12013,729,25,1,1,1.6273400783538818
cnf/sudoku/1000-sudokus.txt/979.txt,Grab First,3,1,12015,729,27,5,5,1.6684608459472656
cnf/sudoku/1000-sudokus.txt/579.txt,Grab First,26,19,12013,729,25,46,46,2.0719997882843018
cnf/sudoku/1000-sudokus.txt/43.txt,Grab First,1,0,12011,729,23,2,2,1.813002109527588
cnf/sudoku/1000-sudokus.txt/949.txt,Grab First,0,0,12015,729,27,1,1,1.6522955894470215
cnf/sudoku/1000-sudokus.txt/321.txt,Grab First,2,0,12012,729,24,3,3,1.712376356124878
cnf/sudoku/1000-sudokus.txt/275.txt,Grab First,0,0,12012,729,24,1,1,1.6602559089660645
cnf/sudoku/1000-sudokus.txt/436.txt,Grab First,0,0,12013,729,25,1,1,1.543097972869873
cnf/sudoku/1000-sudokus.txt/561.txt,Grab First,0,0,12013,729,25,1,1,1.5102500915527344
cnf/sudoku/1000-sudokus.txt/19.txt,Grab First,0,0,12010,729,22,1,1,1.537888765335083
cnf/sudoku/1000-sudokus.txt/53.txt,Grab First,0,0,12011,729,23,1,1,1.5315279960632324
cnf/sudoku/1000-sudokus.txt/390.txt,Grab First,17,15,12012,729,24,33,33,1.825418472290039
cnf/sudoku/1000-sudokus.txt/343.txt,Grab First,0,0,12012,729,24,1,1,1.57619309425354
cnf/sudoku/1000-sudokus.txt/356.txt,Grab First,3,1,12012,729,24,5,5,1.584855318069458
cnf/sudoku/1000-sudokus.txt/475.txt,Grab First,5,1,12013,729,25,7,7,1.6539535522460938
cnf/sudoku/1000-sudokus.txt/500.txt,Grab First,0,0,12013,729,25,1,1,1.5491182804107666
cnf/sudoku/1000-sudokus.txt/405.txt,Grab First,15,12,12013,729,25,28,28,1.5847837924957275
cnf/sudoku/1000-sudokus.txt/8.txt,Grab First,0,0,12010,729,22,1,1,1.5162897109985352
cnf/sudoku/1000-sudokus.txt/296.txt,Grab First,4,3,12012,729,24,8,8,1.3948256969451904
cnf/sudoku/1000-sudokus.txt/471.txt,Grab First,2,2,12013,729,25,5,5,1.448737621307373
cnf/sudoku/1000-sudokus.txt/276.txt,Grab First,12,10,12012,729,24,23,23,1.6851563453674316
cnf/sudoku/1000-sudokus.txt/501.txt,Grab First,0,0,12013,729,25,1,1,1.519791603088379
cnf/sudoku/1000-sudokus.txt/153.txt,Grab First,12,12,12012,729,24,25,25,1.8013081550598145
cnf/sudoku/1000-sudokus.txt/841.txt,Grab First,3,0,12014,729,26,4,4,1.647538661956787
cnf/sudoku/1000-sudokus.txt/313.txt,Grab First,8,8,12012,729,24,17,17,1.5885999202728271
cnf/sudoku/1000-sudokus.txt/732.txt,Grab First,2,2,12014,729,26,5,5,1.5363471508026123
cnf/sudoku/1000-sudokus.txt/44.txt,Grab First,2,2,12011,729,23,5,5,1.717313289642334
cnf/sudoku/1000-sudokus.txt/520.txt,Grab First,0,0,12013,729,25,1,1,1.5022330284118652
cnf/sudoku/1000-sudokus.txt/1.txt,Grab First,0,0,12009,729,21,1,1,1.3980207443237305
cnf/sudoku/1000-sudokus.txt/995.txt,Grab First,4,3,12016,729,28,8,8,1.529953956604004
cnf/sudoku/1000-sudokus.txt/900.txt,Grab First,1,0,12014,729,26,2,2,1.504822015762329
cnf/sudoku/1000-sudokus.txt/115.txt,Grab First,1,0,12011,729,23,2,2,1.4458472728729248
cnf/sudoku/1000-sudokus.txt/972.txt,Grab First,13,10,12015,729,27,24,24,1.7516586780548096
cnf/sudoku/1000-sudokus.txt/609.txt,Grab First,5,1,12013,729,25,7,7,1.4305610656738281
cnf/sudoku/1000-sudokus.txt/865.txt,Grab First,12,11,12014,729,26,24,24,1.684295654296875
cnf/sudoku/1000-sudokus.txt/563.txt,Grab First,0,0,12013,729,25,1,1,1.5147111415863037
cnf/sudoku/1000-sudokus.txt/524.txt,Grab First,0,0,12013,729,25,1,1,1.3882007598876953
cnf/sudoku/1000-sudokus.txt/86.txt,Grab First,4,2,12011,729,23,7,7,1.4102907180786133
cnf/sudoku/1000-sudokus.txt/742.txt,Grab First,0,0,12014,729,26,1,1,1.4476172924041748
cnf/sudoku/1000-sudokus.txt/253.txt,Grab First,9,7,12012,729,24,17,17,1.6053812503814697
cnf/sudoku/1000-sudokus.txt/549.txt,Grab First,1,1,12013,729,25,3,3,1.5015478134155273
cnf/sudoku/1000-sudokus.txt/578.txt,Grab First,1,1,12013,729,25,3,3,1.6123969554901123
cnf/sudoku/1000-sudokus.txt/762.txt,Grab First,7,4,12014,729,26,12,12,1.5511517524719238
cnf/sudoku/1000-sudokus.txt/502.txt,Grab First,62,55,12013,729,25,118,118,2.909909963607788
cnf/sudoku/1000-sudokus.txt/339.txt,Grab First,4,2,12012,729,24,7,7,1.6810855865478516
cnf/sudoku/1000-sudokus.txt/630.txt,Grab First,5,3,12013,729,25,9,9,1.4566256999969482
cnf/sudoku/1000-sudokus.txt/364.txt,Grab First,4,3,12012,729,24,8,8,1.436797857284546
cnf/sudoku/1000-sudokus.txt/575.txt,Grab First,15,13,12013,729,25,29,29,1.7495322227478027
cnf/sudoku/1000-sudokus.txt/376.txt,Grab First,11,10,12012,729,24,22,22,1.7554681301116943
cnf/sudoku/1000-sudokus.txt/160.txt,Grab First,0,0,12012,729,24,1,1,1.5567803382873535
cnf/sudoku/1000-sudokus.txt/558.txt,Grab First,0,0,12013,729,25,1,1,1.486142635345459
cnf/sudoku/1000-sudokus.txt/119.txt,Grab First,4,2,12011,729,23,7,7,1.5242772102355957
cnf/sudoku/1000-sudokus.txt/889.txt,Grab First,11,10,12014,729,26,22,22,1.5576088428497314
cnf/sudoku/1000-sudokus.txt/765.txt,Grab First,54,49,12014,729,26,104,104,2.3454415798187256
cnf/sudoku/1000-sudokus.txt/639.txt,Grab First,7,2,12013,729,25,10,10,1.6366591453552246
cnf/sudoku/1000-sudokus.txt/775.txt,Grab First,0,0,12014,729,26,1,1,1.5546348094940186
cnf/sudoku/1000-sudokus.txt/854.txt,Grab First,4,3,12014,729,26,8,8,1.5268785953521729
cnf/sudoku/1000-sudokus.txt/168.txt,Grab First,48,48,12012,729,24,97,97,2.412551164627075
cnf/sudoku/1000-sudokus.txt/610.txt,Grab First,6,2,12013,729,25,9,9,1.5634965896606445
cnf/sudoku/1000-sudokus.txt/649.txt,Grab First,4,1,12013,729,25,6,6,1.5528054237365723
cnf/sudoku/1000-sudokus.txt/728.txt,Grab First,21,20,12014,729,26,42,42,1.9592657089233398
cnf/sudoku/1000-sudokus.txt/692.txt,Grab First,4,3,12013,729,25,8,8,1.5008749961853027
cnf/sudoku/1000-sudokus.txt/422.txt,Grab First,1,1,12013,729,25,3,3,1.505608081817627
cnf/sudoku/1000-sudokus.txt/496.txt,Grab First,5,1,12013,729,25,7,7,1.5375611782073975
cnf/sudoku/1000-sudokus.txt/387.txt,Grab First,22,20,12012,729,24,43,43,1.683763027191162
cnf/sudoku/1000-sudokus.txt/203.txt,Grab First,0,0,12012,729,24,1,1,1.4848544597625732
cnf/sudoku/1000-sudokus.txt/224.txt,Grab First,0,0,12012,729,24,1,1,1.4269604682922363
cnf/sudoku/1000-sudokus.txt/31.txt,Grab First,0,0,12011,729,23,1,1,1.4388928413391113
cnf/sudoku/1000-sudokus.txt/322.txt,Grab First,23,18,12012,729,24,42,42,1.7550756931304932
cnf/sudoku/1000-sudokus.txt/598.txt,Grab First,5,4,12013,729,25,10,10,1.5309319496154785
cnf/sudoku/1000-sudokus.txt/304.txt,Grab First,4,3,12012,729,24,8,8,1.453885555267334
cnf/sudoku/1000-sudokus.txt/155.txt,Grab First,0,0,12012,729,24,1,1,1.4676856994628906
cnf/sudoku/1000-sudokus.txt/7.txt,Grab First,0,0,12010,729,22,1,1,1.4769151210784912
cnf/sudoku/1000-sudokus.txt/846.txt,Grab First,3,1,12014,729,26,5,5,1.4250366687774658
cnf/sudoku/1000-sudokus.txt/718.txt,Grab First,2,0,12014,729,26,3,3,1.4323639869689941
cnf/sudoku/1000-sudokus.txt/535.txt,Grab First,1,1,12013,729,25,3,3,1.4873590469360352
cnf/sudoku/1000-sudokus.txt/710.txt,Grab First,0,0,12014,729,26,1,1,1.432523488998413
cnf/sudoku/1000-sudokus.txt/927.txt,Grab First,6,4,12015,729,27,11,11,1.4018211364746094
cnf/sudoku/1000-sudokus.txt/185.txt,Grab First,29,29,12012,729,24,59,59,1.7464568614959717
cnf/sudoku/1000-sudokus.txt/587.txt,Grab First,8,3,12013,729,25,12,12,1.5198290348052979
cnf/sudoku/1000-sudokus.txt/811.txt,Grab First,9,7,12014,729,26,17,17,1.6057066917419434
cnf/sudoku/1000-sudokus.txt/911.txt,Grab First,2,2,12014,729,26,5,5,1.4205231666564941
cnf/sudoku/1000-sudokus.txt/211.txt,Grab First,3,0,12012,729,24,4,4,1.4017713069915771
cnf/sudoku/1000-sudokus.txt/792.txt,Grab First,0,0,12014,729,26,1,1,1.4469616413116455
cnf/sudoku/1000-sudokus.txt/166.txt,Grab First,9,8,12012,729,24,18,18,1.5229904651641846
cnf/sudoku/1000-sudokus.txt/187.txt,Grab First,3,0,12012,729,24,4,4,1.4554708003997803
cnf/sudoku/1000-sudokus.txt/713.txt,Grab First,6,2,12014,729,26,9,9,1.387639045715332
cnf/sudoku/1000-sudokus.txt/848.txt,Grab First,0,0,12014,729,26,1,1,1.4232263565063477
cnf/sudoku/1000-sudokus.txt/74.txt,Grab First,0,0,12011,729,23,1,1,1.4154679775238037
cnf/sudoku/1000-sudokus.txt/513.txt,Grab First,38,32,12013,729,25,71,71,2.1413826942443848
cnf/sudoku/1000-sudokus.txt/570.txt,Grab First,14,12,12013,729,25,27,27,1.6426258087158203
cnf/sudoku/1000-sudokus.txt/905.txt,Grab First,5,1,12014,729,26,7,7,1.5115618705749512
cnf/sudoku/1000-sudokus.txt/462.txt,Grab First,6,3,12013,729,25,10,10,1.5270581245422363
cnf/sudoku/1000-sudokus.txt/838.txt,Grab First,0,0,12014,729,26,1,1,1.4598948955535889
cnf/sudoku/1000-sudokus.txt/725.txt,Grab First,6,2,12014,729,26,9,9,1.5064961910247803
cnf/sudoku/1000-sudokus.txt/543.txt,Grab First,11,9,12013,729,25,21,21,1.5871694087982178
cnf/sudoku/1000-sudokus.txt/720.txt,Grab First,23,22,12014,729,26,46,46,1.6530771255493164
cnf/sudoku/1000-sudokus.txt/529.txt,Grab First,3,0,12013,729,25,4,4,1.4679005146026611
cnf/sudoku/1000-sudokus.txt/676.txt,Grab First,18,14,12013,729,25,33,33,1.853367805480957
cnf/sudoku/1000-sudokus.txt/920.txt,Grab First,2,1,12015,729,27,4,4,1.4755089282989502
cnf/sudoku/1000-sudokus.txt/589.txt,Grab First,4,2,12013,729,25,7,7,1.505293369293213
cnf/sudoku/1000-sudokus.txt/216.txt,Grab First,5,4,12012,729,24,10,10,1.5635559558868408
cnf/sudoku/1000-sudokus.txt/158.txt,Grab First,1,1,12012,729,24,3,3,1.5408961772918701
cnf/sudoku/1000-sudokus.txt/859.txt,Grab First,19,18,12014,729,26,38,38,1.7158465385437012
cnf/sudoku/1000-sudokus.txt/636.txt,Grab First,4,3,12013,729,25,8,8,1.424191951751709
cnf/sudoku/1000-sudokus.txt/700.txt,Grab First,4,3,12013,729,25,8,8,1.6241040229797363
cnf/sudoku/1000-sudokus.txt/857.txt,Grab First,41,40,12014,729,26,82,82,2.691499948501587
cnf/sudoku/1000-sudokus.txt/443.txt,Grab First,5,3,12013,729,25,9,9,1.649906873703003
cnf/sudoku/1000-sudokus.txt/242.txt,Grab First,6,4,12012,729,24,11,11,1.7497129440307617
cnf/sudoku/1000-sudokus.txt/671.txt,Grab First,1,1,12013,729,25,3,3,1.4761533737182617
cnf/sudoku/1000-sudokus.txt/744.txt,Grab First,3,2,12014,729,26,6,6,1.4901888370513916
cnf/sudoku/1000-sudokus.txt/110.txt,Grab First,11,11,12011,729,23,23,23,1.4538700580596924
cnf/sudoku/1000-sudokus.txt/495.txt,Grab First,16,13,12013,729,25,30,30,1.6944975852966309
cnf/sudoku/1000-sudokus.txt/988.txt,Grab First,6,6,12015,729,27,13,13,1.6312482357025146
cnf/sudoku/1000-sudokus.txt/272.txt,Grab First,6,6,12012,729,24,13,13,1.5603647232055664
cnf/sudoku/1000-sudokus.txt/685.txt,Grab First,5,2,12013,729,25,8,8,1.4966275691986084
cnf/sudoku/1000-sudokus.txt/466.txt,Grab First,4,1,12013,729,25,6,6,1.4903051853179932
cnf/sudoku/1000-sudokus.txt/285.txt,Grab First,0,0,12012,729,24,1,1,1.5130584239959717
cnf/sudoku/1000-sudokus.txt/915.txt,Grab First,5,1,12014,729,26,7,7,1.4188389778137207
cnf/sudoku/1000-sudokus.txt/218.txt,Grab First,0,0,12012,729,24,1,1,1.490612268447876
cnf/sudoku/1000-sudokus.txt/345.txt,Grab First,0,0,12012,729,24,1,1,1.4927194118499756
cnf/sudoku/1000-sudokus.txt/451.txt,Grab First,120,118,12013,729,25,239,239,3.2876431941986084
cnf/sudoku/1000-sudokus.txt/722.txt,Grab First,14,12,12014,729,26,27,27,1.8161702156066895
cnf/sudoku/1000-sudokus.txt/856.txt,Grab First,2,2,12014,729,26,5,5,1.5980112552642822
cnf/sudoku/1000-sudokus.txt/463.txt,Grab First,3,1,12013,729,25,5,5,1.559880256652832
cnf/sudoku/1000-sudokus.txt/84.txt,Grab First,0,0,12011,729,23,1,1,1.548182487487793
cnf/sudoku/1000-sudokus.txt/68.txt,Grab First,0,0,12011,729,23,1,1,1.462172508239746
cnf/sudoku/1000-sudokus.txt/20.txt,Grab First,0,0,12010,729,22,1,1,1.4385440349578857
cnf/sudoku/1000-sudokus.txt/864.txt,Grab First,1,0,12014,729,26,2,2,1.4030416011810303
cnf/sudoku/1000-sudokus.txt/207.txt,Grab First,15,5,12012,729,24,21,21,1.7794759273529053
cnf/sudoku/1000-sudokus.txt/229.txt,Grab First,5,5,12012,729,24,11,11,1.700913667678833
cnf/sudoku/1000-sudokus.txt/299.txt,Grab First,17,13,12012,729,24,31,31,1.7276723384857178
cnf/sudoku/1000-sudokus.txt/977.txt,Grab First,2,1,12015,729,27,4,4,1.5418953895568848
cnf/sudoku/1000-sudokus.txt/577.txt,Grab First,24,21,12013,729,25,46,46,1.7290997505187988
cnf/sudoku/1000-sudokus.txt/344.txt,Grab First,4,3,12012,729,24,8,8,1.5572948455810547
cnf/sudoku/1000-sudokus.txt/143.txt,Grab First,1,0,12012,729,24,2,2,1.4685111045837402
cnf/sudoku/1000-sudokus.txt/392.txt,Grab First,27,22,12012,729,24,50,50,2.1934640407562256
cnf/sudoku/1000-sudokus.txt/261.txt,Grab First,6,3,12012,729,24,10,10,1.7822959423065186
cnf/sudoku/1000-sudokus.txt/469.txt,Grab First,4,3,12013,729,25,8,8,1.564342737197876
cnf/sudoku/1000-sudokus.txt/468.txt,Grab First,0,0,12013,729,25,1,1,1.5170226097106934
cnf/sudoku/1000-sudokus.txt/562.txt,Grab First,10,9,12013,729,25,20,20,1.6765897274017334
cnf/sudoku/1000-sudokus.txt/634.txt,Grab First,4,3,12013,729,25,8,8,1.692021131515503
cnf/sudoku/1000-sudokus.txt/521.txt,Grab First,4,1,12013,729,25,6,6,1.5512745380401611
cnf/sudoku/1000-sudokus.txt/631.txt,Grab First,18,18,12013,729,25,37,37,1.844994306564331
cnf/sudoku/1000-sudokus.txt/976.txt,Grab First,5,3,12015,729,27,9,9,1.5265507698059082
cnf/sudoku/1000-sudokus.txt/662.txt,Grab First,3,0,12013,729,25,4,4,1.5169615745544434
cnf/sudoku/1000-sudokus.txt/497.txt,Grab First,0,0,12013,729,25,1,1,1.6150777339935303
cnf/sudoku/1000-sudokus.txt/485.txt,Grab First,4,2,12013,729,25,7,7,1.5228054523468018
cnf/sudoku/1000-sudokus.txt/199.txt,Grab First,20,20,12012,729,24,41,41,1.858384609222412
cnf/sudoku/1000-sudokus.txt/572.txt,Grab First,3,1,12013,729,25,5,5,1.5211596488952637
cnf/sudoku/1000-sudokus.txt/198.txt,Grab First,6,1,12012,729,24,8,8,1.5097110271453857
cnf/sudoku/1000-sudokus.txt/170.txt,Grab First,0,0,12012,729,24,1,1,1.5578293800354004
cnf/sudoku/1000-sudokus.txt/118.txt,Grab First,6,6,12011,729,23,13,13,1.5229249000549316
cnf/sudoku/1000-sudokus.txt/815.txt,Grab First,0,0,12014,729,26,1,1,1.4157941341400146
cnf/sudoku/1000-sudokus.txt/971.txt,Grab First,6,5,12015,729,27,12,12,1.5272746086120605
cnf/sudoku/1000-sudokus.txt/684.txt,Grab First,9,9,12013,729,25,19,19,1.4560694694519043
cnf/sudoku/1000-sudokus.txt/601.txt,Grab First,1,0,12013,729,25,2,2,1.4017055034637451
cnf/sudoku/1000-sudokus.txt/301.txt,Grab First,18,14,12012,729,24,33,33,1.8888370990753174
cnf/sudoku/1000-sudokus.txt/397.txt,Grab First,0,0,12012,729,24,1,1,1.6192359924316406
cnf/sudoku/1000-sudokus.txt/255.txt,Grab First,4,1,12012,729,24,6,6,1.5087378025054932
cnf/sudoku/1000-sudokus.txt/169.txt,Grab First,0,0,12012,729,24,1,1,1.405015230178833
cnf/sudoku/1000-sudokus.txt/413.txt,Grab First,4,2,12013,729,25,7,7,1.5546133518218994
cnf/sudoku/1000-sudokus.txt/740.txt,Grab First,7,6,12014,729,26,14,14,1.6121711730957031
cnf/sudoku/1000-sudokus.txt/840.txt,Grab First,1,1,12014,729,26,3,3,1.4733643531799316
cnf/sudoku/1000-sudokus.txt/551.txt,Grab First,2,1,12013,729,25,4,4,1.4488506317138672
cnf/sudoku/1000-sudokus.txt/582.txt,Grab First,3,1,12013,729,25,5,5,1.5090789794921875
cnf/sudoku/1000-sudokus.txt/881.txt,Grab First,5,1,12014,729,26,7,7,1.5021793842315674
cnf/sudoku/1000-sudokus.txt/209.txt,Grab First,3,3,12012,729,24,7,7,1.4587621688842773
cnf/sudoku/1000-sudokus.txt/159.txt,Grab First,0,0,12012,729,24,1,1,1.5750300884246826
cnf/sudoku/1000-sudokus.txt/990.txt,Grab First,0,0,12015,729,27,1,1,1.5102860927581787
cnf/sudoku/1000-sudokus.txt/573.txt,Grab First,1,1,12013,729,25,3,3,1.4982609748840332
cnf/sudoku/1000-sudokus.txt/886.txt,Grab First,12,8,12014,729,26,21,21,1.5767667293548584
cnf/sudoku/1000-sudokus.txt/730.txt,Grab First,3,1,12014,729,26,5,5,1.5346035957336426
cnf/sudoku/1000-sudokus.txt/819.txt,Grab First,4,4,12014,729,26,9,9,1.6479849815368652
cnf/sudoku/1000-sudokus.txt/550.txt,Grab First,5,2,12013,729,25,8,8,1.6069819927215576
cnf/sudoku/1000-sudokus.txt/833.txt,Grab First,7,6,12014,729,26,14,14,1.9046285152435303
cnf/sudoku/1000-sudokus.txt/508.txt,Grab First,0,0,12013,729,25,1,1,1.454033374786377
cnf/sudoku/1000-sudokus.txt/793.txt,Grab First,6,4,12014,729,26,11,11,1.477128267288208
cnf/sudoku/1000-sudokus.txt/622.txt,Grab First,0,0,12013,729,25,1,1,1.480348825454712
cnf/sudoku/1000-sudokus.txt/514.txt,Grab First,15,11,12013,729,25,27,27,1.6076421737670898
cnf/sudoku/1000-sudokus.txt/32.txt,Grab First,1,0,12011,729,23,2,2,1.4705631732940674
cnf/sudoku/1000-sudokus.txt/778.txt,Grab First,3,3,12014,729,26,7,7,1.46761155128479
cnf/sudoku/1000-sudokus.txt/195.txt,Grab First,0,0,12012,729,24,1,1,1.4389302730560303
cnf/sudoku/1000-sudokus.txt/400.txt,Grab First,0,0,12012,729,24,1,1,1.461050271987915
cnf/sudoku/1000-sudokus.txt/208.txt,Grab First,3,3,12012,729,24,7,7,1.476961374282837
cnf/sudoku/1000-sudokus.txt/851.txt,Grab First,6,3,12014,729,26,10,10,1.5510444641113281
cnf/sudoku/1000-sudokus.txt/816.txt,Grab First,0,0,12014,729,26,1,1,1.486809492111206
cnf/sudoku/1000-sudokus.txt/154.txt,Grab First,2,2,12012,729,24,5,5,1.4578313827514648
cnf/sudoku/1000-sudokus.txt/244.txt,Grab First,3,2,12012,729,24,6,6,1.5770204067230225
cnf/sudoku/1000-sudokus.txt/978.txt,Grab First,39,39,12015,729,27,79,79,2.9903271198272705
cnf/sudoku/1000-sudokus.txt/546.txt,Grab First,4,2,12013,729,25,7,7,2.014019012451172
cnf/sudoku/1000-sudokus.txt/30.txt,Grab First,1,1,12011,729,23,3,3,1.671877145767212
cnf/sudoku/1000-sudokus.txt/141.txt,Grab First,2,0,12012,729,24,3,3,1.5000276565551758
cnf/sudoku/1000-sudokus.txt/734.txt,Grab First,7,4,12014,729,26,12,12,1.6812167167663574
cnf/sudoku/1000-sudokus.txt/701.txt,Grab First,37,33,12013,729,25,71,71,2.4086339473724365
cnf/sudoku/1000-sudokus.txt/483.txt,Grab First,1,1,12013,729,25,3,3,1.7063186168670654
cnf/sudoku/1000-sudokus.txt/320.txt,Grab First,7,6,12012,729,24,14,14,1.6105170249938965
cnf/sudoku/1000-sudokus.txt/172.txt,Grab First,6,4,12012,729,24,11,11,1.8068468570709229
cnf/sudoku/1000-sudokus.txt/183.txt,Grab First,0,0,12012,729,24,1,1,1.5212273597717285
cnf/sudoku/1000-sudokus.txt/127.txt,Grab First,13,7,12011,729,23,21,21,1.6646506786346436
cnf/sudoku/1000-sudokus.txt/758.txt,Grab First,7,2,12014,729,26,10,10,1.654709815979004
cnf/sudoku/1000-sudokus.txt/965.txt,Grab First,6,4,12015,729,27,11,11,1.7664623260498047
cnf/sudoku/1000-sudokus.txt/566.txt,Grab First,3,2,12013,729,25,6,6,1.6203601360321045
cnf/sudoku/1000-sudokus.txt/24.txt,Grab First,1,1,12011,729,23,3,3,1.7463099956512451
cnf/sudoku/1000-sudokus.txt/586.txt,Grab First,7,2,12013,729,25,10,10,1.6767463684082031
cnf/sudoku/1000-sudokus.txt/412.txt,Grab First,1,0,12013,729,25,2,2,1.5369632244110107
cnf/sudoku/1000-sudokus.txt/256.txt,Grab First,0,0,12012,729,24,1,1,1.57193922996521
cnf/sudoku/1000-sudokus.txt/191.txt,Grab First,1,1,12012,729,24,3,3,1.6511826515197754
cnf/sudoku/1000-sudokus.txt/749.txt,Grab First,6,3,12014,729,26,10,10,1.5547356605529785
cnf/sudoku/1000-sudokus.txt/179.txt,Grab First,0,0,12012,729,24,1,1,1.4680042266845703
cnf/sudoku/1000-sudokus.txt/490.txt,Grab First,3,0,12013,729,25,4,4,1.458477258682251
cnf/sudoku/1000-sudokus.txt/280.txt,Grab First,10,3,12012,729,24,14,14,1.5028150081634521
cnf/sudoku/1000-sudokus.txt/863.txt,Grab First,1,1,12014,729,26,3,3,1.5523998737335205
cnf/sudoku/1000-sudokus.txt/359.txt,Grab First,0,0,12012,729,24,1,1,1.4504656791687012
cnf/sudoku/1000-sudokus.txt/777.txt,Grab First,4,0,12014,729,26,5,5,1.4521310329437256
cnf/sudoku/1000-sudokus.txt/766.txt,Grab First,3,3,12014,729,26,7,7,1.4949371814727783
cnf/sudoku/1000-sudokus.txt/317.txt,Grab First,0,0,12012,729,24,1,1,1.4274868965148926
cnf/sudoku/1000-sudokus.txt/515.txt,Grab First,0,0,12013,729,25,1,1,1.4603431224822998
cnf/sudoku/1000-sudokus.txt/699.txt,Grab First,1,0,12013,729,25,2,2,1.5208275318145752
cnf/sudoku/1000-sudokus.txt/39.txt,Grab First,6,3,12011,729,23,10,10,1.40555739402771
cnf/sudoku/1000-sudokus.txt/383.txt,Grab First,0,0,12012,729,24,1,1,1.6231658458709717
cnf/sudoku/1000-sudokus.txt/525.txt,Grab First,8,4,12013,729,25,13,13,1.5873754024505615
cnf/sudoku/1000-sudokus.txt/440.txt,Grab First,3,1,12013,729,25,5,5,1.5321528911590576
cnf/sudoku/1000-sudokus.txt/996.txt,Grab First,9,7,12016,729,28,17,17,1.545191764831543
cnf/sudoku/1000-sudokus.txt/952.txt,Grab First,12,11,12015,729,27,24,24,1.698920488357544
cnf/sudoku/1000-sudokus.txt/532.txt,Grab First,20,19,12013,729,25,40,40,2.0803565979003906
cnf/sudoku/1000-sudokus.txt/354.txt,Grab First,3,1,12012,729,24,5,5,1.775801181793213
cnf/sudoku/1000-sudokus.txt/982.txt,Grab First,27,25,12015,729,27,53,53,1.6474835872650146
cnf/sudoku/1000-sudokus.txt/784.txt,Grab First,13,10,12014,729,26,24,24,1.649587869644165
cnf/sudoku/1000-sudokus.txt/432.txt,Grab First,12,7,12013,729,25,20,20,1.6610677242279053
cnf/sudoku/1000-sudokus.txt/100.txt,Grab First,0,0,12011,729,23,1,1,1.5526509284973145
cnf/sudoku/1000-sudokus.txt/923.txt,Grab First,15,8,12015,729,27,24,24,1.7771379947662354
cnf/sudoku/1000-sudokus.txt/834.txt,Grab First,0,0,12014,729,26,1,1,1.5730209350585938
cnf/sudoku/1000-sudokus.txt/795.txt,Grab First,5,3,12014,729,26,9,9,1.6868631839752197
cnf/sudoku/1000-sudokus.txt/667.txt,Grab First,1,0,12013,729,25,2,2,1.5394861698150635
cnf/sudoku/1000-sudokus.txt/93.txt,Grab First,0,0,12011,729,23,1,1,1.4352154731750488
cnf/sudoku/1000-sudokus.txt/157.txt,Grab First,6,2,12012,729,24,9,9,1.5406694412231445
cnf/sudoku/1000-sudokus.txt/151.txt,Grab First,6,6,12012,729,24,13,13,1.5786163806915283
cnf/sudoku/1000-sudokus.txt/342.txt,Grab First,0,0,12012,729,24,1,1,1.5830111503601074
cnf/sudoku/1000-sudokus.txt/28.txt,Grab First,0,0,12011,729,23,1,1,1.52012038230896
cnf/sudoku/1000-sudokus.txt/780.txt,Grab First,19,13,12014,729,26,33,33,1.817467451095581
cnf/sudoku/1000-sudokus.txt/736.txt,Grab First,6,6,12014,729,26,13,13,1.6781249046325684
cnf/sudoku/1000-sudokus.txt/938.txt,Grab First,19,19,12015,729,27,39,39,1.8063223361968994
cnf/sudoku/1000-sudokus.txt/632.txt,Grab First,1,1,12013,729,25,3,3,1.4339942932128906
cnf/sudoku/1000-sudokus.txt/99.txt,Grab First,0,0,12011,729,23,1,1,1.4057040214538574
cnf/sudoku/1000-sudokus.txt/981.txt,Grab First,3,0,12015,729,27,4,4,1.4977338314056396
cnf/sudoku/1000-sudokus.txt/963.txt,Grab First,19,19,12015,729,27,39,39,1.9091250896453857
cnf/sudoku/1000-sudokus.txt/108.txt,Grab First,21,16,12011,729,23,38,38,1.9703757762908936
cnf/sudoku/1000-sudokus.txt/934.txt,Grab First,16,15,12015,729,27,32,32,1.8022286891937256
cnf/sudoku/1000-sudokus.txt/768.txt,Grab First,0,0,12014,729,26,1,1,1.5827319622039795
cnf/sudoku/1000-sudokus.txt/33.txt,Grab First,0,0,12011,729,23,1,1,1.5378730297088623
cnf/sudoku/1000-sudokus.txt/849.txt,Grab First,3,0,12014,729,26,4,4,1.4691917896270752
cnf/sudoku/1000-sudokus.txt/352.txt,Grab First,0,0,12012,729,24,1,1,1.5497627258300781
cnf/sudoku/1000-sudokus.txt/162.txt,Grab First,0,0,12012,729,24,1,1,1.4726083278656006
cnf/sudoku/1000-sudokus.txt/595.txt,Grab First,8,8,12013,729,25,17,17,1.6809148788452148
cnf/sudoku/1000-sudokus.txt/87.txt,Grab First,0,0,12011,729,23,1,1,1.451765775680542
cnf/sudoku/1000-sudokus.txt/136.txt,Grab First,8,7,12011,729,23,16,16,1.6103153228759766
cnf/sudoku/1000-sudokus.txt/818.txt,Grab First,18,11,12014,729,26,30,30,1.5652744770050049
cnf/sudoku/1000-sudokus.txt/735.txt,Grab First,1,0,12014,729,26,2,2,1.5341167449951172
cnf/sudoku/1000-sudokus.txt/332.txt,Grab First,35,28,12012,729,24,64,64,2.133967399597168
cnf/sudoku/1000-sudokus.txt/480.txt,Grab First,12,8,12013,729,25,21,21,1.6705539226531982
cnf/sudoku/1000-sudokus.txt/423.txt,Grab First,2,0,12013,729,25,3,3,1.5222527980804443
cnf/sudoku/1000-sudokus.txt/391.txt,Grab First,4,3,12012,729,24,8,8,1.6548304557800293
cnf/sudoku/1000-sudokus.txt/336.txt,Grab First,11,10,12012,729,24,22,22,1.6050808429718018
cnf/sudoku/1000-sudokus.txt/541.txt,Grab First,2,0,12013,729,25,3,3,1.4045414924621582
cnf/sudoku/1000-sudokus.txt/866.txt,Grab First,2,1,12014,729,26,4,4,1.428321123123169
cnf/sudoku/1000-sudokus.txt/214.txt,Grab First,9,6,12012,729,24,16,16,1.479416847229004
cnf/sudoku/1000-sudokus.txt/319.txt,Grab First,9,9,12012,729,24,19,19,1.6024436950683594
cnf/sudoku/1000-sudokus.txt/957.txt,Grab First,3,1,12015,729,27,5,5,1.4761576652526855
cnf/sudoku/1000-sudokus.txt/417.txt,Grab First,6,5,12013,729,25,12,12,1.5244104862213135
cnf/sudoku/1000-sudokus.txt/292.txt,Grab First,2,2,12012,729,24,5,5,1.48685622215271
cnf/sudoku/1000-sudokus.txt/94.txt,Grab First,0,0,12011,729,23,1,1,1.4196445941925049
cnf/sudoku/1000-sudokus.txt/756.txt,Grab First,2,0,12014,729,26,3,3,1.477290153503418
cnf/sudoku/1000-sudokus.txt/379.txt,Grab First,0,0,12012,729,24,1,1,1.3899242877960205
cnf/sudoku/1000-sudokus.txt/637.txt,Grab First,10,8,12013,729,25,19,19,1.4646236896514893
cnf/sudoku/1000-sudokus.txt/27.txt,Grab First,31,24,12011,729,23,56,56,2.001267194747925
cnf/sudoku/1000-sudokus.txt/174.txt,Grab First,13,10,12012,729,24,24,24,1.6838276386260986
cnf/sudoku/1000-sudokus.txt/424.txt,Grab First,7,7,12013,729,25,15,15,1.5767364501953125
cnf/sudoku/1000-sudokus.txt/346.txt,Grab First,6,1,12012,729,24,8,8,1.5575454235076904
cnf/sudoku/1000-sudokus.txt/908.txt,Grab First,4,2,12014,729,26,7,7,1.5871078968048096
cnf/sudoku/1000-sudokus.txt/453.txt,Grab First,1,0,12013,729,25,2,2,1.5108773708343506
cnf/sudoku/1000-sudokus.txt/114.txt,Grab First,8,7,12011,729,23,16,16,1.600600242614746
cnf/sudoku/1000-sudokus.txt/906.txt,Grab First,31,31,12014,729,26,63,63,2.1901755332946777
cnf/sudoku/1000-sudokus.txt/147.txt,Grab First,19,19,12012,729,24,39,39,1.8368875980377197
cnf/sudoku/1000-sudokus.txt/325.txt,Grab First,15,12,12012,729,24,28,28,1.8464419841766357
cnf/sudoku/1000-sudokus.txt/876.txt,Grab First,14,10,12014,729,26,25,25,1.7426731586456299
cnf/sudoku/1000-sudokus.txt/482.txt,Grab First,34,31,12013,729,25,66,66,2.3579604625701904
cnf/sudoku/1000-sudokus.txt/182.txt,Grab First,0,0,12012,729,24,1,1,1.5555920600891113
cnf/sudoku/1000-sudokus.txt/77.txt,Grab First,0,0,12011,729,23,1,1,1.5122909545898438
cnf/sudoku/1000-sudokus.txt/782.txt,Grab First,1,0,12014,729,26,2,2,1.5863525867462158
cnf/sudoku/1000-sudokus.txt/21.txt,Grab First,8,5,12011,729,23,14,14,1.525613784790039
cnf/sudoku/1000-sudokus.txt/933.txt,Grab First,38,38,12015,729,27,77,77,2.515845537185669
cnf/sudoku/1000-sudokus.txt/743.txt,Grab First,10,8,12014,729,26,19,19,1.7734038829803467
cnf/sudoku/1000-sudokus.txt/430.txt,Grab First,4,0,12013,729,25,5,5,1.4526760578155518
cnf/sudoku/1000-sudokus.txt/655.txt,Grab First,5,1,12013,729,25,7,7,1.5486176013946533
cnf/sudoku/1000-sudokus.txt/608.txt,Grab First,1,0,12013,729,25,2,2,1.5423226356506348
cnf/sudoku/1000-sudokus.txt/836.txt,Grab First,0,0,12014,729,26,1,1,1.5233547687530518
cnf/sudoku/1000-sudokus.txt/844.txt,Grab First,45,42,12014,729,26,88,88,2.2932560443878174
cnf/sudoku/1000-sudokus.txt/781.txt,Grab First,1,1,12014,729,26,3,3,1.618039846420288
cnf/sudoku/1000-sudokus.txt/60.txt,Grab First,3,1,12011,729,23,5,5,1.4849278926849365
cnf/sudoku/1000-sudokus.txt/406.txt,Grab First,0,0,12013,729,25,1,1,1.4925262928009033
cnf/sudoku/1000-sudokus.txt/474.txt,Grab First,10,10,12013,729,25,21,21,1.5700154304504395
cnf/sudoku/1000-sudokus.txt/73.txt,Grab First,9,7,12011,729,23,17,17,1.4991447925567627
cnf/sudoku/1000-sudokus.txt/936.txt,Grab First,8,3,12015,729,27,12,12,1.5282423496246338
cnf/sudoku/1000-sudokus.txt/929.txt,Grab First,2,2,12015,729,27,5,5,1.4970483779907227
cnf/sudoku/1000-sudokus.txt/931.txt,Grab First,8,7,12015,729,27,16,16,1.5031368732452393
cnf/sudoku/1000-sudokus.txt/429.txt,Grab First,2,2,12013,729,25,5,5,1.394150972366333
cnf/sudoku/1000-sudokus.txt/109.txt,Grab First,0,0,12011,729,23,1,1,1.419071912765503
cnf/sudoku/1000-sudokus.txt/659.txt,Grab First,1,1,12013,729,25,3,3,1.46757173538208
cnf/sudoku/1000-sudokus.txt/427.txt,Grab First,0,0,12013,729,25,1,1,1.4419770240783691
cnf/sudoku/1000-sudokus.txt/49.txt,Grab First,14,11,12011,729,23,26,26,1.5447802543640137
cnf/sudoku/1000-sudokus.txt/361.txt,Grab First,4,2,12012,729,24,7,7,1.466895341873169
cnf/sudoku/1000-sudokus.txt/421.txt,Grab First,11,10,12013,729,25,22,22,1.6578350067138672
cnf/sudoku/1000-sudokus.txt/689.txt,Grab First,18,15,12013,729,25,34,34,1.6864805221557617
cnf/sudoku/1000-sudokus.txt/729.txt,Grab First,1,1,12014,729,26,3,3,1.6169419288635254
cnf/sudoku/1000-sudokus.txt/746.txt,Grab First,39,36,12014,729,26,76,76,2.097285509109497
cnf/sudoku/1000-sudokus.txt/428.txt,Grab First,3,1,12013,729,25,5,5,1.4199774265289307
cnf/sudoku/1000-sudokus.txt/145.txt,Grab First,5,4,12012,729,24,10,10,1.4664340019226074
cnf/sudoku/1000-sudokus.txt/672.txt,Grab First,1,1,12013,729,25,3,3,1.5921247005462646
cnf/sudoku/1000-sudokus.txt/803.txt,Grab First,54,51,12014,729,26,106,106,2.38883113861084
cnf/sudoku/1000-sudokus.txt/36.txt,Grab First,2,1,12011,729,23,4,4,1.4416110515594482
cnf/sudoku/1000-sudokus.txt/394.txt,Grab First,5,4,12012,729,24,10,10,1.496119737625122
cnf/sudoku/1000-sudokus.txt/603.txt,Grab First,2,2,12013,729,25,5,5,1.4473991394042969
cnf/sudoku/1000-sudokus.txt/419.txt,Grab First,6,5,12013,729,25,12,12,1.541731595993042
cnf/sudoku/1000-sudokus.txt/1000.txt,Grab First,4,4,12016,729,28,9,9,1.464878797531128
cnf/sudoku/1000-sudokus.txt/951.txt,Grab First,24,21,12015,729,27,46,46,1.7567756175994873
cnf/sudoku/1000-sudokus.txt/594.txt,Grab First,9,6,12013,729,25,16,16,1.4962162971496582
cnf/sudoku/1000-sudokus.txt/76.txt,Grab First,0,0,12011,729,23,1,1,1.521226167678833
cnf/sudoku/1000-sudokus.txt/754.txt,Grab First,0,0,12014,729,26,1,1,1.4371013641357422
cnf/sudoku/1000-sudokus.txt/15.txt,Grab First,4,2,12010,729,22,7,7,1.4820833206176758
cnf/sudoku/1000-sudokus.txt/695.txt,Grab First,7,2,12013,729,25,10,10,1.5243489742279053
cnf/sudoku/1000-sudokus.txt/960.txt,Grab First,17,15,12015,729,27,33,33,1.6975212097167969
cnf/sudoku/1000-sudokus.txt/674.txt,Grab First,3,3,12013,729,25,7,7,1.544475793838501
cnf/sudoku/1000-sudokus.txt/855.txt,Grab First,10,10,12014,729,26,21,21,1.5132989883422852
cnf/sudoku/1000-sudokus.txt/822.txt,Grab First,1,0,12014,729,26,2,2,1.3564400672912598
cnf/sudoku/1000-sudokus.txt/555.txt,Grab First,15,11,12013,729,25,27,27,1.6687102317810059
cnf/sudoku/1000-sudokus.txt/776.txt,Grab First,5,4,12014,729,26,10,10,1.6113710403442383
cnf/sudoku/1000-sudokus.txt/797.txt,Grab First,6,5,12014,729,26,12,12,1.5797011852264404
cnf/sudoku/1000-sudokus.txt/574.txt,Grab First,10,10,12013,729,25,21,21,1.4747686386108398
cnf/sudoku/1000-sudokus.txt/606.txt,Grab First,33,31,12013,729,25,65,65,2.021055221557617
cnf/sudoku/1000-sudokus.txt/326.txt,Grab First,2,2,12012,729,24,5,5,1.5105845928192139
cnf/sudoku/1000-sudokus.txt/409.txt,Grab First,14,10,12013,729,25,25,25,1.66754150390625
cnf/sudoku/1000-sudokus.txt/560.txt,Grab First,0,0,12013,729,25,1,1,1.54648756980896
cnf/sudoku/1000-sudokus.txt/123.txt,Grab First,5,4,12011,729,23,10,10,1.460991382598877
cnf/sudoku/1000-sudokus.txt/315.txt,Grab First,11,8,12012,729,24,20,20,1.5295228958129883
cnf/sudoku/1000-sudokus.txt/801.txt,Grab First,7,4,12014,729,26,12,12,1.5861637592315674
cnf/sudoku/1000-sudokus.txt/994.txt,Grab First,15,12,12015,729,27,28,28,1.7235417366027832
cnf/sudoku/1000-sudokus.txt/752.txt,Grab First,2,0,12014,729,26,3,3,1.4549357891082764
cnf/sudoku/1000-sudokus.txt/95.txt,Grab First,1,0,12011,729,23,2,2,1.4524784088134766
cnf/sudoku/1000-sudokus.txt/903.txt,Grab First,9,7,12014,729,26,17,17,1.6407883167266846
cnf/sudoku/1000-sudokus.txt/694.txt,Grab First,4,1,12013,729,25,6,6,1.5192980766296387
cnf/sudoku/1000-sudokus.txt/652.txt,Grab First,1,0,12013,729,25,2,2,1.5406522750854492
cnf/sudoku/1000-sudokus.txt/438.txt,Grab First,0,0,12013,729,25,1,1,1.4742872714996338
cnf/sudoku/1000-sudokus.txt/658.txt,Grab First,32,27,12013,729,25,60,60,2.008071184158325
cnf/sudoku/1000-sudokus.txt/858.txt,Grab First,6,5,12014,729,26,12,12,1.6133215427398682
cnf/sudoku/1000-sudokus.txt/81.txt,Grab First,6,3,12011,729,23,10,10,1.7065684795379639
cnf/sudoku/1000-sudokus.txt/348.txt,Grab First,0,0,12012,729,24,1,1,1.5862963199615479
cnf/sudoku/1000-sudokus.txt/861.txt,Grab First,6,1,12014,729,26,8,8,1.5925517082214355
cnf/sudoku/1000-sudokus.txt/516.txt,Grab First,4,2,12013,729,25,7,7,1.5888645648956299
cnf/sudoku/1000-sudokus.txt/372.txt,Grab First,2,1,12012,729,24,4,4,1.4444105625152588
cnf/sudoku/1000-sudokus.txt/126.txt,Grab First,0,0,12011,729,23,1,1,1.5554215908050537
cnf/sudoku/1000-sudokus.txt/250.txt,Grab First,2,1,12012,729,24,4,4,1.460278034210205
cnf/sudoku/1000-sudokus.txt/279.txt,Grab First,2,0,12012,729,24,3,3,1.6627309322357178
cnf/sudoku/1000-sudokus.txt/266.txt,Grab First,22,18,12012,729,24,41,41,1.9677097797393799
cnf/sudoku/1000-sudokus.txt/389.txt,Grab First,10,6,12012,729,24,17,17,1.622140645980835
cnf/sudoku/1000-sudokus.txt/331.txt,Grab First,0,0,12012,729,24,1,1,1.458249807357788
cnf/sudoku/1000-sudokus.txt/620.txt,Grab First,0,0,12013,729,25,1,1,1.4010653495788574
cnf/sudoku/1000-sudokus.txt/418.txt,Grab First,17,10,12013,729,25,28,28,1.5704128742218018
cnf/sudoku/1000-sudokus.txt/893.txt,Grab First,9,6,12014,729,26,16,16,1.6441340446472168
cnf/sudoku/1000-sudokus.txt/959.txt,Grab First,4,2,12015,729,27,7,7,1.4738788604736328
cnf/sudoku/1000-sudokus.txt/825.txt,Grab First,5,0,12014,729,26,6,6,1.613159418106079
cnf/sudoku/1000-sudokus.txt/921.txt,Grab First,11,8,12015,729,27,20,20,1.6871943473815918
cnf/sudoku/1000-sudokus.txt/941.txt,Grab First,6,3,12015,729,27,10,10,1.550262212753296
cnf/sudoku/1000-sudokus.txt/333.txt,Grab First,0,0,12012,729,24,1,1,1.6230783462524414
cnf/sudoku/1000-sudokus.txt/794.txt,Grab First,0,0,12014,729,26,1,1,1.5557167530059814
cnf/sudoku/1000-sudokus.txt/426.txt,Grab First,2,1,12013,729,25,4,4,1.5645577907562256
cnf/sudoku/1000-sudokus.txt/399.txt,Grab First,11,8,12012,729,24,20,20,1.780634880065918
cnf/sudoku/1000-sudokus.txt/470.txt,Grab First,1,1,12013,729,25,3,3,1.7321650981903076
cnf/sudoku/1000-sudokus.txt/955.txt,Grab First,7,7,12015,729,27,15,15,1.8742477893829346
cnf/sudoku/1000-sudokus.txt/1010.txt,Grab First,2,1,12017,729,29,4,4,1.6228694915771484
cnf/sudoku/1000-sudokus.txt/646.txt,Grab First,3,3,12013,729,25,7,7,1.8665046691894531
cnf/sudoku/1000-sudokus.txt/40.txt,Grab First,66,58,12011,729,23,125,125,2.8157527446746826
cnf/sudoku/1000-sudokus.txt/314.txt,Grab First,4,1,12012,729,24,6,6,1.691685676574707
cnf/sudoku/1000-sudokus.txt/184.txt,Grab First,0,0,12012,729,24,1,1,1.6607158184051514
cnf/sudoku/1000-sudokus.txt/969.txt,Grab First,10,7,12015,729,27,18,18,1.6521415710449219
cnf/sudoku/1000-sudokus.txt/72.txt,Grab First,19,18,12011,729,23,38,38,1.7391741275787354
cnf/sudoku/1000-sudokus.txt/282.txt,Grab First,30,28,12012,729,24,59,59,2.042050838470459
cnf/sudoku/1000-sudokus.txt/437.txt,Grab First,3,0,12013,729,25,4,4,1.6001296043395996
cnf/sudoku/1000-sudokus.txt/737.txt,Grab First,1,0,12014,729,26,2,2,1.6286847591400146
cnf/sudoku/1000-sudokus.txt/892.txt,Grab First,4,4,12014,729,26,9,9,1.6163909435272217
cnf/sudoku/1000-sudokus.txt/540.txt,Grab First,5,3,12013,729,25,9,9,1.616727352142334
cnf/sudoku/1000-sudokus.txt/677.txt,Grab First,0,0,12013,729,25,1,1,1.5825114250183105
cnf/sudoku/1000-sudokus.txt/717.txt,Grab First,0,0,12014,729,26,1,1,1.5133767127990723
cnf/sudoku/1000-sudokus.txt/593.txt,Grab First,1,0,12013,729,25,2,2,1.5178611278533936
cnf/sudoku/1000-sudokus.txt/101.txt,Grab First,0,0,12011,729,23,1,1,1.5902271270751953
cnf/sudoku/1000-sudokus.txt/452.txt,Grab First,0,0,12013,729,25,1,1,1.5597803592681885
cnf/sudoku/1000-sudokus.txt/879.txt,Grab First,3,2,12014,729,26,6,6,1.58058500289917
cnf/sudoku/1000-sudokus.txt/621.txt,Grab First,4,2,12013,729,25,7,7,1.5746400356292725
cnf/sudoku/1000-sudokus.txt/626.txt,Grab First,1,1,12013,729,25,3,3,1.5941977500915527
cnf/sudoku/1000-sudokus.txt/267.txt,Grab First,6,2,12012,729,24,9,9,1.7605223655700684
cnf/sudoku/1000-sudokus.txt/883.txt,Grab First,4,1,12014,729,26,6,6,1.5725467205047607
cnf/sudoku/1000-sudokus.txt/4.txt,Grab First,0,0,12010,729,22,1,1,1.5899460315704346
cnf/sudoku/1000-sudokus.txt/88.txt,Grab First,1,0,12011,729,23,2,2,1.6300182342529297
cnf/sudoku/1000-sudokus.txt/260.txt,Grab First,5,3,12012,729,24,9,9,1.537466049194336
cnf/sudoku/1000-sudokus.txt/939.txt,Grab First,2,1,12015,729,27,4,4,1.4003217220306396
cnf/sudoku/1000-sudokus.txt/79.txt,Grab First,1,0,12011,729,23,2,2,1.3952550888061523
cnf/sudoku/1000-sudokus.txt/467.txt,Grab First,6,2,12013,729,25,9,9,1.6325092315673828
cnf/sudoku/1000-sudokus.txt/201.txt,Grab First,0,0,12012,729,24,1,1,1.6439847946166992
cnf/sudoku/1000-sudokus.txt/867.txt,Grab First,8,6,12014,729,26,15,15,1.6470787525177002
cnf/sudoku/1000-sudokus.txt/476.txt,Grab First,11,11,12013,729,25,23,23,1.7904117107391357
cnf/sudoku/1000-sudokus.txt/565.txt,Grab First,2,1,12013,729,25,4,4,1.5163626670837402
cnf/sudoku/1000-sudokus.txt/347.txt,Grab First,7,5,12012,729,24,13,13,1.6708276271820068
cnf/sudoku/1000-sudokus.txt/338.txt,Grab First,29,24,12012,729,24,54,54,2.035731792449951
cnf/sudoku/1000-sudokus.txt/847.txt,Grab First,5,4,12014,729,26,10,10,1.6993732452392578
cnf/sudoku/1000-sudokus.txt/478.txt,Grab First,6,4,12013,729,25,11,11,1.7338063716888428
cnf/sudoku/1000-sudokus.txt/919.txt,Grab First,11,7,12015,729,27,19,19,1.680661916732788
cnf/sudoku/1000-sudokus.txt/808.txt,Grab First,16,14,12014,729,26,31,31,1.8713665008544922
cnf/sudoku/1000-sudokus.txt/498.txt,Grab First,2,1,12013,729,25,4,4,1.656348466873169
cnf/sudoku/1000-sudokus.txt/813.txt,Grab First,0,0,12014,729,26,1,1,1.6735734939575195
cnf/sudoku/1000-sudokus.txt/311.txt,Grab First,2,0,12012,729,24,3,3,1.534297227859497
cnf/sudoku/1000-sudokus.txt/817.txt,Grab First,1,1,12014,729,26,3,3,1.5416812896728516
cnf/sudoku/1000-sudokus.txt/55.txt,Grab First,10,8,12011,729,23,19,19,1.5943820476531982
cnf/sudoku/1000-sudokus.txt/494.txt,Grab First,7,4,12013,729,25,12,12,1.7402987480163574
cnf/sudoku/1000-sudokus.txt/206.txt,Grab First,3,2,12012,729,24,6,6,1.6279678344726562
cnf/sudoku/1000-sudokus.txt/789.txt,Grab First,8,3,12014,729,26,12,12,1.6583383083343506
cnf/sudoku/1000-sudokus.txt/152.txt,Grab First,5,2,12012,729,24,8,8,1.5951602458953857
cnf/sudoku/1000-sudokus.txt/5.txt,Grab First,4,3,12010,729,22,8,8,1.6896593570709229
cnf/sudoku/1000-sudokus.txt/50.txt,Grab First,0,0,12011,729,23,1,1,1.6462690830230713
cnf/sudoku/1000-sudokus.txt/800.txt,Grab First,3,1,12014,729,26,5,5,1.5879909992218018
cnf/sudoku/1000-sudokus.txt/80.txt,Grab First,3,3,12011,729,23,7,7,1.6947245597839355
cnf/sudoku/1000-sudokus.txt/625.txt,Grab First,3,2,12013,729,25,6,6,1.5786893367767334
cnf/sudoku/1000-sudokus.txt/739.txt,Grab First,20,18,12014,729,26,39,39,1.8878285884857178
cnf/sudoku/1000-sudokus.txt/910.txt,Grab First,22,22,12014,729,26,45,45,1.8181664943695068
cnf/sudoku/1000-sudokus.txt/46.txt,Grab First,0,0,12011,729,23,1,1,1.592278242111206
cnf/sudoku/1000-sudokus.txt/113.txt,Grab First,0,0,12011,729,23,1,1,1.4228508472442627
cnf/sudoku/1000-sudokus.txt/366.txt,Grab First,3,3,12012,729,24,7,7,1.4212217330932617
cnf/sudoku/1000-sudokus.txt/125.txt,Grab First,15,12,12011,729,23,28,28,1.8863770961761475
cnf/sudoku/1000-sudokus.txt/796.txt,Grab First,2,1,12014,729,26,4,4,1.4902100563049316
cnf/sudoku/1000-sudokus.txt/806.txt,Grab First,3,2,12014,729,26,6,6,1.54286527633667
cnf/sudoku/1000-sudokus.txt/205.txt,Grab First,6,4,12012,729,24,11,11,1.6532957553863525
cnf/sudoku/1000-sudokus.txt/192.txt,Grab First,3,1,12012,729,24,5,5,1.5347099304199219
cnf/sudoku/1000-sudokus.txt/1004.txt,Grab First,7,5,12016,729,28,13,13,1.5557000637054443
cnf/sudoku/1000-sudokus.txt/571.txt,Grab First,4,3,12013,729,25,8,8,1.629150390625
cnf/sudoku/1000-sudokus.txt/186.txt,Grab First,0,0,12012,729,24,1,1,1.5894081592559814
cnf/sudoku/1000-sudokus.txt/373.txt,Grab First,3,2,12012,729,24,6,6,1.4599113464355469
cnf/sudoku/1000-sudokus.txt/597.txt,Grab First,5,4,12013,729,25,10,10,1.6282799243927002
cnf/sudoku/1000-sudokus.txt/300.txt,Grab First,1,0,12012,729,24,2,2,1.6004939079284668
cnf/sudoku/1000-sudokus.txt/714.txt,Grab First,1,0,12014,729,26,2,2,1.5617172718048096
cnf/sudoku/1000-sudokus.txt/928.txt,Grab First,3,1,12015,729,27,5,5,1.4017033576965332
cnf/sudoku/1000-sudokus.txt/446.txt,Grab First,4,2,12013,729,25,7,7,1.5364205837249756
cnf/sudoku/1000-sudokus.txt/52.txt,Grab First,4,3,12011,729,23,8,8,1.5589239597320557
cnf/sudoku/1000-sudokus.txt/163.txt,Grab First,31,27,12012,729,24,59,59,1.993821620941162
cnf/sudoku/1000-sudokus.txt/308.txt,Grab First,0,0,12012,729,24,1,1,1.6237316131591797
cnf/sudoku/1000-sudokus.txt/307.txt,Grab First,1,0,12012,729,24,2,2,1.4993553161621094
cnf/sudoku/1000-sudokus.txt/222.txt,Grab First,0,0,12012,729,24,1,1,1.5188226699829102
cnf/sudoku/1000-sudokus.txt/683.txt,Grab First,8,6,12013,729,25,15,15,1.6433601379394531
cnf/sudoku/1000-sudokus.txt/703.txt,Grab First,6,3,12013,729,25,10,10,1.5896596908569336
cnf/sudoku/1000-sudokus.txt/384.txt,Grab First,3,2,12012,729,24,6,6,1.642366647720337
cnf/sudoku/1000-sudokus.txt/731.txt,Grab First,2,0,12014,729,26,3,3,1.5023753643035889
cnf/sudoku/1000-sudokus.txt/799.txt,Grab First,14,13,12014,729,26,28,28,1.7287037372589111
cnf/sudoku/1000-sudokus.txt/303.txt,Grab First,13,13,12012,729,24,27,27,1.589573621749878
cnf/sudoku/1000-sudokus.txt/130.txt,Grab First,1,0,12011,729,23,2,2,1.523975133895874
cnf/sudoku/1000-sudokus.txt/917.txt,Grab First,5,2,12015,729,27,8,8,1.5010342597961426
cnf/sudoku/1000-sudokus.txt/401.txt,Grab First,7,3,12012,729,24,11,11,1.503526210784912
cnf/sudoku/1000-sudokus.txt/262.txt,Grab First,20,16,12012,729,24,37,37,1.6446912288665771
cnf/sudoku/1000-sudokus.txt/707.txt,Grab First,0,0,12014,729,26,1,1,1.3974032402038574
cnf/sudoku/1000-sudokus.txt/227.txt,Grab First,0,0,12012,729,24,1,1,1.4758191108703613
cnf/sudoku/1000-sudokus.txt/29.txt,Grab First,0,0,12011,729,23,1,1,1.494732141494751
cnf/sudoku/1000-sudokus.txt/107.txt,Grab First,8,2,12011,729,23,11,11,1.496835708618164
cnf/sudoku/1000-sudokus.txt/843.txt,Grab First,7,1,12014,729,26,9,9,1.5886106491088867
cnf/sudoku/1000-sudokus.txt/202.txt,Grab First,13,10,12012,729,24,24,24,1.668670654296875
cnf/sudoku/1000-sudokus.txt/377.txt,Grab First,0,0,12012,729,24,1,1,1.6274304389953613
cnf/sudoku/1000-sudokus.txt/138.txt,Grab First,5,4,12011,729,23,10,10,1.4936518669128418
cnf/sudoku/1000-sudokus.txt/464.txt,Grab First,7,7,12013,729,25,15,15,1.786780834197998
cnf/sudoku/1000-sudokus.txt/236.txt,Grab First,7,6,12012,729,24,14,14,1.653731346130371
cnf/sudoku/1000-sudokus.txt/946.txt,Grab First,19,18,12015,729,27,38,38,1.9687340259552002
cnf/sudoku/1000-sudokus.txt/665.txt,Grab First,26,21,12013,729,25,48,48,2.2060840129852295
cnf/sudoku/1000-sudokus.txt/150.txt,Grab First,0,0,12012,729,24,1,1,1.6176252365112305
cnf/sudoku/1000-sudokus.txt/950.txt,Grab First,4,2,12015,729,27,7,7,1.4733545780181885
cnf/sudoku/1000-sudokus.txt/45.txt,Grab First,4,2,12011,729,23,7,7,1.522007942199707
cnf/sudoku/1000-sudokus.txt/142.txt,Grab First,5,2,12012,729,24,8,8,1.4709928035736084
cnf/sudoku/1000-sudokus.txt/457.txt,Grab First,4,0,12013,729,25,5,5,1.3934266567230225
cnf/sudoku/1000-sudokus.txt/831.txt,Grab First,0,0,12014,729,26,1,1,1.4673795700073242
cnf/sudoku/1000-sudokus.txt/64.txt,Grab First,0,0,12011,729,23,1,1,1.3987500667572021
cnf/sudoku/1000-sudokus.txt/3.txt,Grab First,0,0,12010,729,22,1,1,1.3686728477478027
cnf/sudoku/1000-sudokus.txt/102.txt,Grab First,3,3,12011,729,23,7,7,1.4844980239868164
cnf/sudoku/1000-sudokus.txt/96.txt,Grab First,3,1,12011,729,23,5,5,1.4420194625854492
cnf/sudoku/1000-sudokus.txt/804.txt,Grab First,4,1,12014,729,26,6,6,1.4770832061767578
cnf/sudoku/1000-sudokus.txt/852.txt,Grab First,1,0,12014,729,26,2,2,1.4190239906311035
cnf/sudoku/1000-sudokus.txt/286.txt,Grab First,7,7,12012,729,24,15,15,1.4354124069213867
cnf/sudoku/1000-sudokus.txt/283.txt,Grab First,2,2,12012,729,24,5,5,1.4416279792785645
cnf/sudoku/1000-sudokus.txt/511.txt,Grab First,0,0,12013,729,25,1,1,1.441450595855713
cnf/sudoku/1000-sudokus.txt/894.txt,Grab First,2,1,12014,729,26,4,4,1.4335582256317139
cnf/sudoku/1000-sudokus.txt/748.txt,Grab First,1,0,12014,729,26,2,2,1.4676613807678223
cnf/sudoku/1000-sudokus.txt/913.txt,Grab First,7,3,12014,729,26,11,11,1.4198474884033203
cnf/sudoku/1000-sudokus.txt/832.txt,Grab First,3,1,12014,729,26,5,5,1.4021646976470947
cnf/sudoku/1000-sudokus.txt/943.txt,Grab First,7,0,12015,729,27,8,8,1.4111058712005615
cnf/sudoku/1000-sudokus.txt/38.txt,Grab First,0,0,12011,729,23,1,1,1.4627056121826172
cnf/sudoku/1000-sudokus.txt/134.txt,Grab First,0,0,12011,729,23,1,1,1.4122817516326904
cnf/sudoku/1000-sudokus.txt/985.txt,Grab First,7,2,12015,729,27,10,10,1.4581241607666016
cnf/sudoku/1000-sudokus.txt/669.txt,Grab First,1,0,12013,729,25,2,2,1.3651862144470215
cnf/sudoku/1000-sudokus.txt/635.txt,Grab First,2,0,12013,729,25,3,3,1.369316577911377
cnf/sudoku/1000-sudokus.txt/358.txt,Grab First,5,2,12012,729,24,8,8,1.4381177425384521
cnf/sudoku/1000-sudokus.txt/640.txt,Grab First,3,1,12013,729,25,5,5,1.3735034465789795
cnf/sudoku/1000-sudokus.txt/530.txt,Grab First,1,1,12013,729,25,3,3,1.4354994297027588
cnf/sudoku/1000-sudokus.txt/705.txt,Grab First,3,0,12013,729,25,4,4,1.425255298614502
cnf/sudoku/1000-sudokus.txt/660.txt,Grab First,3,2,12013,729,25,6,6,1.4184722900390625
cnf/sudoku/1000-sudokus.txt/363.txt,Grab First,4,1,12012,729,24,6,6,1.4200847148895264
cnf/sudoku/1000-sudokus.txt/0.txt,Grab First,3,0,12009,729,21,4,4,1.3077096939086914
cnf/sudoku/1000-sudokus.txt/618.txt,Grab First,2,0,12013,729,25,3,3,1.4834098815917969
cnf/sudoku/1000-sudokus.txt/103.txt,Grab First,5,3,12011,729,23,9,9,1.4491372108459473
cnf/sudoku/1000-sudokus.txt/568.txt,Grab First,2,1,12013,729,25,4,4,1.4906983375549316
cnf/sudoku/1000-sudokus.txt/360.txt,Grab First,2,0,12012,729,24,3,3,1.4280786514282227
cnf/sudoku/1000-sudokus.txt/269.txt,Grab First,5,3,12012,729,24,9,9,1.4618985652923584
cnf/sudoku/1000-sudokus.txt/477.txt,Grab First,19,19,12013,729,25,39,39,1.7156636714935303
cnf/sudoku/1000-sudokus.txt/375.txt,Grab First,0,0,12012,729,24,1,1,1.5315964221954346
cnf/sudoku/1000-sudokus.txt/374.txt,Grab First,1,1,12012,729,24,3,3,1.4745328426361084
cnf/sudoku/1000-sudokus.txt/273.txt,Grab First,1,0,12012,729,24,2,2,1.4046988487243652
cnf/sudoku/1000-sudokus.txt/507.txt,Grab First,6,5,12013,729,25,12,12,1.5642189979553223
cnf/sudoku/1000-sudokus.txt/458.txt,Grab First,1,1,12013,729,25,3,3,1.4703168869018555
cnf/sudoku/1000-sudokus.txt/812.txt,Grab First,51,46,12014,729,26,98,98,2.147127866744995
cnf/sudoku/1000-sudokus.txt/188.txt,Grab First,0,0,12012,729,24,1,1,1.5396382808685303
cnf/sudoku/1000-sudokus.txt/306.txt,Grab First,17,13,12012,729,24,31,31,1.6467359066009521
cnf/sudoku/1000-sudokus.txt/210.txt,Grab First,0,0,12012,729,24,1,1,1.5300960540771484
cnf/sudoku/1000-sudokus.txt/26.txt,Grab First,1,0,12011,729,23,2,2,1.5010080337524414
cnf/sudoku/1000-sudokus.txt/287.txt,Grab First,1,0,12012,729,24,2,2,1.388152837753296
cnf/sudoku/1000-sudokus.txt/770.txt,Grab First,16,8,12014,729,26,25,25,1.7086427211761475
cnf/sudoku/1000-sudokus.txt/148.txt,Grab First,1,0,12012,729,24,2,2,1.4854066371917725
cnf/sudoku/1000-sudokus.txt/133.txt,Grab First,10,6,12011,729,23,17,17,1.6120965480804443
cnf/sudoku/1000-sudokus.txt/246.txt,Grab First,3,1,12012,729,24,5,5,1.4010882377624512
cnf/sudoku/1000-sudokus.txt/580.txt,Grab First,2,1,12013,729,25,4,4,1.4854581356048584
cnf/sudoku/1000-sudokus.txt/528.txt,Grab First,4,3,12013,729,25,8,8,1.5317983627319336
cnf/sudoku/1000-sudokus.txt/293.txt,Grab First,0,0,12012,729,24,1,1,1.4261469841003418
cnf/sudoku/1000-sudokus.txt/11.txt,Grab First,0,0,12010,729,22,1,1,1.3934800624847412
cnf/sudoku/1000-sudokus.txt/404.txt,Grab First,3,0,12013,729,25,4,4,1.4191699028015137
cnf/sudoku/1000-sudokus.txt/842.txt,Grab First,13,12,12014,729,26,26,26,1.5354127883911133
cnf/sudoku/1000-sudokus.txt/294.txt,Grab First,5,4,12012,729,24,10,10,1.505836009979248
cnf/sudoku/1000-sudokus.txt/112.txt,Grab First,4,3,12011,729,23,8,8,1.461315631866455
cnf/sudoku/1000-sudokus.txt/25.txt,Grab First,10,8,12011,729,23,19,19,1.43955659866333
cnf/sudoku/1000-sudokus.txt/189.txt,Grab First,5,2,12012,729,24,8,8,1.5018892288208008
cnf/sudoku/1000-sudokus.txt/489.txt,Grab First,0,0,12013,729,25,1,1,1.4492506980895996
cnf/sudoku/1000-sudokus.txt/510.txt,Grab First,3,1,12013,729,25,5,5,1.46124267578125
cnf/sudoku/1000-sudokus.txt/706.txt,Grab First,14,13,12014,729,26,28,28,1.8670525550842285
cnf/sudoku/1000-sudokus.txt/281.txt,Grab First,15,12,12012,729,24,28,28,1.8205783367156982
cnf/sudoku/1000-sudokus.txt/180.txt,Grab First,2,2,12012,729,24,5,5,1.5608899593353271
cnf/sudoku/1000-sudokus.txt/556.txt,Grab First,9,6,12013,729,25,16,16,1.5543124675750732
cnf/sudoku/1000-sudokus.txt/316.txt,Grab First,0,0,12012,729,24,1,1,1.4858450889587402
cnf/sudoku/1000-sudokus.txt/132.txt,Grab First,2,1,12011,729,23,4,4,1.4078271389007568
cnf/sudoku/1000-sudokus.txt/232.txt,Grab First,0,0,12012,729,24,1,1,1.5562777519226074
cnf/sudoku/1000-sudokus.txt/888.txt,Grab First,3,1,12014,729,26,5,5,1.4529972076416016
cnf/sudoku/1000-sudokus.txt/553.txt,Grab First,2,1,12013,729,25,4,4,1.5694351196289062
cnf/sudoku/1000-sudokus.txt/966.txt,Grab First,7,1,12015,729,27,9,9,1.7064650058746338
cnf/sudoku/1000-sudokus.txt/902.txt,Grab First,38,37,12014,729,26,76,76,2.206332206726074
cnf/sudoku/1000-sudokus.txt/956.txt,Grab First,5,3,12015,729,27,9,9,1.7113070487976074
cnf/sudoku/1000-sudokus.txt/747.txt,Grab First,2,1,12014,729,26,4,4,1.4697632789611816
cnf/sudoku/1000-sudokus.txt/455.txt,Grab First,1,1,12013,729,25,3,3,1.4507968425750732
cnf/sudoku/1000-sudokus.txt/942.txt,Grab First,0,0,12015,729,27,1,1,1.4563093185424805
cnf/sudoku/1000-sudokus.txt/980.txt,Grab First,45,43,12015,729,27,89,89,2.492271661758423
cnf/sudoku/1000-sudokus.txt/663.txt,Grab First,6,3,12013,729,25,10,10,1.6159822940826416
cnf/sudoku/1000-sudokus.txt/450.txt,Grab First,4,3,12013,729,25,8,8,1.5488524436950684
cnf/sudoku/1000-sudokus.txt/62.txt,Grab First,1,1,12011,729,23,3,3,1.5420994758605957
cnf/sudoku/1000-sudokus.txt/829.txt,Grab First,6,4,12014,729,26,11,11,1.5837652683258057
cnf/sudoku/1000-sudokus.txt/456.txt,Grab First,11,2,12013,729,25,14,14,1.4819705486297607
cnf/sudoku/1000-sudokus.txt/605.txt,Grab First,2,2,12013,729,25,5,5,1.680253267288208
cnf/sudoku/1000-sudokus.txt/600.txt,Grab First,0,0,12013,729,25,1,1,1.5150907039642334
cnf/sudoku/1000-sudokus.txt/741.txt,Grab First,14,14,12014,729,26,29,29,1.5854387283325195
cnf/sudoku/1000-sudokus.txt/408.txt,Grab First,5,2,12013,729,25,8,8,1.3787283897399902
cnf/sudoku/1000-sudokus.txt/111.txt,Grab First,0,0,12011,729,23,1,1,1.3795175552368164
cnf/sudoku/1000-sudokus.txt/944.txt,Grab First,2,1,12015,729,27,4,4,1.4192438125610352
cnf/sudoku/1000-sudokus.txt/901.txt,Grab First,5,3,12014,729,26,9,9,1.5265016555786133
cnf/sudoku/1000-sudokus.txt/42.txt,Grab First,0,0,12011,729,23,1,1,1.4344816207885742
cnf/sudoku/1000-sudokus.txt/259.txt,Grab First,35,32,12012,729,24,68,68,2.0521209239959717
cnf/sudoku/1000-sudokus.txt/868.txt,Grab First,3,1,12014,729,26,5,5,1.4809274673461914
cnf/sudoku/1000-sudokus.txt/914.txt,Grab First,5,4,12014,729,26,10,10,1.4494163990020752
cnf/sudoku/1000-sudokus.txt/362.txt,Grab First,0,0,12012,729,24,1,1,1.3793208599090576
cnf/sudoku/1000-sudokus.txt/534.txt,Grab First,3,3,12013,729,25,7,7,1.4495205879211426
cnf/sudoku/1000-sudokus.txt/802.txt,Grab First,13,10,12014,729,26,24,24,1.5454607009887695
cnf/sudoku/1000-sudokus.txt/623.txt,Grab First,5,2,12013,729,25,8,8,1.5020849704742432
cnf/sudoku/1000-sudokus.txt/305.txt,Grab First,17,15,12012,729,24,33,33,1.7726788520812988
cnf/sudoku/1000-sudokus.txt/769.txt,Grab First,7,7,12014,729,26,15,15,1.5883424282073975
cnf/sudoku/1000-sudokus.txt/196.txt,Grab First,4,2,12012,729,24,7,7,1.4003570079803467
cnf/sudoku/1000-sudokus.txt/882.txt,Grab First,1,0,12014,729,26,2,2,1.474036455154419
cnf/sudoku/1000-sudokus.txt/552.txt,Grab First,8,7,12013,729,25,16,16,1.411825180053711
cnf/sudoku/1000-sudokus.txt/975.txt,Grab First,12,7,12015,729,27,20,20,1.4813849925994873
cnf/sudoku/1000-sudokus.txt/989.txt,Grab First,19,16,12015,729,27,36,36,1.6466784477233887
cnf/sudoku/1000-sudokus.txt/661.txt,Grab First,35,35,12013,729,25,71,71,2.3789920806884766
cnf/sudoku/1000-sudokus.txt/772.txt,Grab First,3,2,12014,729,26,6,6,1.5600614547729492
cnf/sudoku/1000-sudokus.txt/884.txt,Grab First,0,0,12014,729,26,1,1,1.4509356021881104
cnf/sudoku/1000-sudokus.txt/629.txt,Grab First,0,0,12013,729,25,1,1,1.3935446739196777
cnf/sudoku/1000-sudokus.txt/270.txt,Grab First,0,0,12012,729,24,1,1,1.4153358936309814
cnf/sudoku/1000-sudokus.txt/895.txt,Grab First,4,0,12014,729,26,5,5,1.456944465637207
cnf/sudoku/1000-sudokus.txt/337.txt,Grab First,1,1,12012,729,24,3,3,1.4546558856964111
cnf/sudoku/1000-sudokus.txt/34.txt,Grab First,22,19,12011,729,23,42,42,1.8281035423278809
cnf/sudoku/1000-sudokus.txt/968.txt,Grab First,25,24,12015,729,27,50,50,1.5667803287506104
cnf/sudoku/1000-sudokus.txt/997.txt,Grab First,4,1,12016,729,28,6,6,1.4185216426849365
cnf/sudoku/1000-sudokus.txt/178.txt,Grab First,5,1,12012,729,24,7,7,1.3865327835083008
cnf/sudoku/1000-sudokus.txt/984.txt,Grab First,6,6,12015,729,27,13,13,1.4929077625274658
cnf/sudoku/1000-sudokus.txt/144.txt,Grab First,0,0,12012,729,24,1,1,1.4450106620788574
cnf/sudoku/1000-sudokus.txt/233.txt,Grab First,1,0,12012,729,24,2,2,1.35868239402771
cnf/sudoku/1000-sudokus.txt/435.txt,Grab First,6,5,12013,729,25,12,12,1.345081090927124
cnf/sudoku/1000-sudokus.txt/341.txt,Grab First,2,0,12012,729,24,3,3,1.3972487449645996
cnf/sudoku/1000-sudokus.txt/271.txt,Grab First,3,3,12012,729,24,7,7,1.438058614730835
cnf/sudoku/1000-sudokus.txt/445.txt,Grab First,5,3,12013,729,25,9,9,1.5374164581298828
cnf/sudoku/1000-sudokus.txt/691.txt,Grab First,9,9,12013,729,25,19,19,1.5634660720825195
cnf/sudoku/1000-sudokus.txt/862.txt,Grab First,5,2,12014,729,26,8,8,1.4478600025177002
cnf/sudoku/1000-sudokus.txt/258.txt,Grab First,25,22,12012,729,24,48,48,1.7413794994354248
cnf/sudoku/1000-sudokus.txt/787.txt,Grab First,3,1,12014,729,26,5,5,1.4138603210449219
cnf/sudoku/1000-sudokus.txt/670.txt,Grab First,4,1,12013,729,25,6,6,1.4362692832946777
cnf/sudoku/1000-sudokus.txt/986.txt,Grab First,3,2,12015,729,27,6,6,1.4524664878845215
cnf/sudoku/1000-sudokus.txt/559.txt,Grab First,0,0,12013,729,25,1,1,1.3745980262756348
cnf/sudoku/1000-sudokus.txt/681.txt,Grab First,0,0,12013,729,25,1,1,1.4230659008026123
cnf/sudoku/1000-sudokus.txt/537.txt,Grab First,7,4,12013,729,25,12,12,1.4164104461669922
cnf/sudoku/1000-sudokus.txt/65.txt,Grab First,5,1,12011,729,23,7,7,1.4239587783813477
cnf/sudoku/1000-sudokus.txt/323.txt,Grab First,0,0,12012,729,24,1,1,1.5144081115722656
cnf/sudoku/1000-sudokus.txt/396.txt,Grab First,17,14,12012,729,24,32,32,1.6615092754364014
cnf/sudoku/1000-sudokus.txt/310.txt,Grab First,12,6,12012,729,24,19,19,1.5769033432006836
cnf/sudoku/1000-sudokus.txt/1003.txt,Grab First,2,2,12016,729,28,5,5,1.4879722595214844
cnf/sudoku/1000-sudokus.txt/641.txt,Grab First,4,4,12013,729,25,9,9,1.4179043769836426
cnf/sudoku/1000-sudokus.txt/678.txt,Grab First,1,0,12013,729,25,2,2,1.4347846508026123
cnf/sudoku/1000-sudokus.txt/1005.txt,Grab First,3,3,12016,729,28,7,7,1.4440224170684814
cnf/sudoku/1000-sudokus.txt/547.txt,Grab First,26,25,12013,729,25,52,52,1.7766263484954834
cnf/sudoku/1000-sudokus.txt/177.txt,Grab First,18,16,12012,729,24,35,35,1.6980595588684082
cnf/sudoku/1000-sudokus.txt/98.txt,Grab First,3,3,12011,729,23,7,7,1.4596712589263916
