file_name,strategy,splits,backtracks,clauses,variables,givens,unit_rule,pure_rule,execution_time
cnf/sudoku/1000-sudokus.txt/786.txt,DLIS,69,68,12014,729,26,138,138,1.8151161670684814
cnf/sudoku/1000-sudokus.txt/22.txt,DLIS,91,89,12011,729,23,181,181,1.9347851276397705
cnf/sudoku/1000-sudokus.txt/61.txt,DLIS,0,0,12011,729,23,1,1,1.3323943614959717
cnf/sudoku/1000-sudokus.txt/885.txt,DLIS,49,48,12014,729,26,98,98,1.9246375560760498
cnf/sudoku/1000-sudokus.txt/925.txt,DLIS,3,2,12015,729,27,6,6,1.3378527164459229
cnf/sudoku/1000-sudokus.txt/327.txt,DLIS,24,23,12012,729,24,48,48,1.3957428932189941
cnf/sudoku/1000-sudokus.txt/237.txt,DLIS,0,0,12012,729,24,1,1,1.3193514347076416
cnf/sudoku/1000-sudokus.txt/78.txt,DLIS,73,72,12011,729,23,146,146,1.907588005065918
cnf/sudoku/1000-sudokus.txt/869.txt,DLIS,2,1,12014,729,26,4,4,1.3894200325012207
cnf/sudoku/1000-sudokus.txt/771.txt,DLIS,6,5,12014,729,26,12,12,1.4070382118225098
cnf/sudoku/1000-sudokus.txt/368.txt,DLIS,8,7,12012,729,24,16,16,1.3521454334259033
cnf/sudoku/1000-sudokus.txt/826.txt,DLIS,0,0,12014,729,26,1,1,1.490358591079712
cnf/sudoku/1000-sudokus.txt/596.txt,DLIS,0,0,12013,729,25,1,1,1.463697910308838
cnf/sudoku/1000-sudokus.txt/693.txt,DLIS,708,707,12013,729,25,1416,1416,7.2126851081848145
cnf/sudoku/1000-sudokus.txt/328.txt,DLIS,6,5,12012,729,24,12,12,1.508512258529663
cnf/sudoku/1000-sudokus.txt/673.txt,DLIS,52,51,12013,729,25,104,104,1.7295119762420654
cnf/sudoku/1000-sudokus.txt/131.txt,DLIS,3,2,12011,729,23,6,6,1.4351067543029785
cnf/sudoku/1000-sudokus.txt/447.txt,DLIS,2,1,12013,729,25,4,4,1.4236369132995605
cnf/sudoku/1000-sudokus.txt/461.txt,DLIS,0,0,12013,729,25,1,1,1.4553837776184082
cnf/sudoku/1000-sudokus.txt/395.txt,DLIS,81,79,12012,729,24,161,161,2.0349111557006836
cnf/sudoku/1000-sudokus.txt/200.txt,DLIS,0,0,12012,729,24,1,1,1.418682336807251
cnf/sudoku/1000-sudokus.txt/434.txt,DLIS,51,49,12013,729,25,101,101,1.7223100662231445
cnf/sudoku/1000-sudokus.txt/912.txt,DLIS,141,140,12014,729,26,282,282,2.5832202434539795
cnf/sudoku/1000-sudokus.txt/845.txt,DLIS,12,11,12014,729,26,24,24,1.6419425010681152
cnf/sudoku/1000-sudokus.txt/973.txt,DLIS,55,54,12015,729,27,110,110,1.8708827495574951
cnf/sudoku/1000-sudokus.txt/481.txt,DLIS,17,15,12013,729,25,33,33,1.8519556522369385
cnf/sudoku/1000-sudokus.txt/298.txt,DLIS,48,46,12012,729,24,95,95,2.0774664878845215
cnf/sudoku/1000-sudokus.txt/1007.txt,DLIS,0,0,12016,729,28,1,1,1.5116240978240967
cnf/sudoku/1000-sudokus.txt/106.txt,DLIS,0,0,12011,729,23,1,1,1.4754307270050049
cnf/sudoku/1000-sudokus.txt/57.txt,DLIS,0,0,12011,729,23,1,1,1.4969511032104492
cnf/sudoku/1000-sudokus.txt/35.txt,DLIS,1349,1347,12011,729,23,2697,2697,19.477269649505615
cnf/sudoku/1000-sudokus.txt/871.txt,DLIS,10,8,12014,729,26,19,19,1.6074495315551758
cnf/sudoku/1000-sudokus.txt/398.txt,DLIS,63,62,12012,729,24,126,126,1.868415117263794
cnf/sudoku/1000-sudokus.txt/617.txt,DLIS,50,49,12013,729,25,100,100,1.7612664699554443
cnf/sudoku/1000-sudokus.txt/666.txt,DLIS,8,7,12013,729,25,16,16,1.4862425327301025
cnf/sudoku/1000-sudokus.txt/953.txt,DLIS,45,44,12015,729,27,90,90,1.8739688396453857
cnf/sudoku/1000-sudokus.txt/226.txt,DLIS,4,3,12012,729,24,8,8,1.4386439323425293
cnf/sudoku/1000-sudokus.txt/14.txt,DLIS,9,8,12010,729,22,18,18,1.665633201599121
cnf/sudoku/1000-sudokus.txt/85.txt,DLIS,17,16,12011,729,23,34,34,1.5841758251190186
cnf/sudoku/1000-sudokus.txt/442.txt,DLIS,114,111,12013,729,25,226,226,3.0119330883026123
cnf/sudoku/1000-sudokus.txt/890.txt,DLIS,144,142,12014,729,26,287,287,2.8851850032806396
cnf/sudoku/1000-sudokus.txt/998.txt,DLIS,7,6,12016,729,28,14,14,1.6736791133880615
cnf/sudoku/1000-sudokus.txt/835.txt,DLIS,1230,1228,12014,729,26,2459,2459,14.849303245544434
cnf/sudoku/1000-sudokus.txt/615.txt,DLIS,63,62,12013,729,25,126,126,2.2279088497161865
cnf/sudoku/1000-sudokus.txt/751.txt,DLIS,10,8,12014,729,26,19,19,1.8216352462768555
cnf/sudoku/1000-sudokus.txt/823.txt,DLIS,3,2,12014,729,26,6,6,1.6640470027923584
cnf/sudoku/1000-sudokus.txt/10.txt,DLIS,634,632,12010,729,22,1267,1267,9.16423487663269
cnf/sudoku/1000-sudokus.txt/146.txt,DLIS,0,0,12012,729,24,1,1,1.5394439697265625
cnf/sudoku/1000-sudokus.txt/212.txt,DLIS,26,25,12012,729,24,52,52,1.5048365592956543
cnf/sudoku/1000-sudokus.txt/924.txt,DLIS,23,21,12015,729,27,45,45,1.7692580223083496
cnf/sudoku/1000-sudokus.txt/873.txt,DLIS,6,5,12014,729,26,12,12,1.6426668167114258
cnf/sudoku/1000-sudokus.txt/930.txt,DLIS,57,56,12015,729,27,114,114,1.9586260318756104
cnf/sudoku/1000-sudokus.txt/231.txt,DLIS,40,39,12012,729,24,80,80,1.8662545680999756
cnf/sudoku/1000-sudokus.txt/415.txt,DLIS,8,7,12013,729,25,16,16,1.839433193206787
cnf/sudoku/1000-sudokus.txt/964.txt,DLIS,6,5,12015,729,27,12,12,1.5702266693115234
cnf/sudoku/1000-sudokus.txt/225.txt,DLIS,13,12,12012,729,24,26,26,1.5798015594482422
cnf/sudoku/1000-sudokus.txt/767.txt,DLIS,2,1,12014,729,26,4,4,1.5296111106872559
cnf/sudoku/1000-sudokus.txt/491.txt,DLIS,3,2,12013,729,25,6,6,1.4085783958435059
cnf/sudoku/1000-sudokus.txt/504.txt,DLIS,93,92,12013,729,25,186,186,2.0733954906463623
cnf/sudoku/1000-sudokus.txt/420.txt,DLIS,3,2,12013,729,25,6,6,1.5227258205413818
cnf/sudoku/1000-sudokus.txt/121.txt,DLIS,221,220,12011,729,23,442,442,3.536238193511963
cnf/sudoku/1000-sudokus.txt/926.txt,DLIS,24,23,12015,729,27,48,48,1.5885610580444336
cnf/sudoku/1000-sudokus.txt/357.txt,DLIS,0,0,12012,729,24,1,1,1.3715622425079346
cnf/sudoku/1000-sudokus.txt/932.txt,DLIS,54,52,12015,729,27,107,107,1.673652172088623
cnf/sudoku/1000-sudokus.txt/2.txt,DLIS,133,131,12010,729,22,265,265,2.6509478092193604
cnf/sudoku/1000-sudokus.txt/647.txt,DLIS,370,369,12013,729,25,740,740,5.768157482147217
cnf/sudoku/1000-sudokus.txt/124.txt,DLIS,85,83,12011,729,23,169,169,2.5595970153808594
cnf/sudoku/1000-sudokus.txt/542.txt,DLIS,12,11,12013,729,25,24,24,1.497166633605957
cnf/sudoku/1000-sudokus.txt/388.txt,DLIS,0,0,12012,729,24,1,1,1.40980863571167
cnf/sudoku/1000-sudokus.txt/539.txt,DLIS,10,9,12013,729,25,20,20,1.4622504711151123
cnf/sudoku/1000-sudokus.txt/548.txt,DLIS,122,120,12013,729,25,243,243,2.4970040321350098
cnf/sudoku/1000-sudokus.txt/909.txt,DLIS,71,70,12014,729,26,142,142,1.8813085556030273
cnf/sudoku/1000-sudokus.txt/567.txt,DLIS,6,5,12013,729,25,12,12,1.4659287929534912
cnf/sudoku/1000-sudokus.txt/583.txt,DLIS,4,3,12013,729,25,8,8,1.2970147132873535
cnf/sudoku/1000-sudokus.txt/702.txt,DLIS,121,119,12013,729,25,241,241,2.6457438468933105
cnf/sudoku/1000-sudokus.txt/790.txt,DLIS,6,4,12014,729,26,11,11,1.5150494575500488
cnf/sudoku/1000-sudokus.txt/526.txt,DLIS,0,0,12013,729,25,1,1,1.4592792987823486
cnf/sudoku/1000-sudokus.txt/249.txt,DLIS,77,75,12012,729,24,153,153,1.9073655605316162
cnf/sudoku/1000-sudokus.txt/612.txt,DLIS,8,7,12013,729,25,16,16,1.5617671012878418
cnf/sudoku/1000-sudokus.txt/291.txt,DLIS,8,7,12012,729,24,16,16,1.5509552955627441
cnf/sudoku/1000-sudokus.txt/935.txt,DLIS,8,7,12015,729,27,16,16,1.4590787887573242
cnf/sudoku/1000-sudokus.txt/385.txt,DLIS,9,8,12012,729,24,18,18,1.4949204921722412
cnf/sudoku/1000-sudokus.txt/1009.txt,DLIS,30,29,12017,729,29,60,60,1.6510071754455566
cnf/sudoku/1000-sudokus.txt/243.txt,DLIS,9,8,12012,729,24,18,18,1.5667908191680908
cnf/sudoku/1000-sudokus.txt/220.txt,DLIS,22,19,12012,729,24,42,42,1.6159842014312744
cnf/sudoku/1000-sudokus.txt/611.txt,DLIS,126,125,12013,729,25,252,252,2.2622439861297607
cnf/sudoku/1000-sudokus.txt/263.txt,DLIS,0,0,12012,729,24,1,1,1.386019229888916
cnf/sudoku/1000-sudokus.txt/877.txt,DLIS,25,24,12014,729,26,50,50,1.6926231384277344
cnf/sudoku/1000-sudokus.txt/704.txt,DLIS,11,10,12013,729,25,22,22,1.602879285812378
cnf/sudoku/1000-sudokus.txt/536.txt,DLIS,4,2,12013,729,25,7,7,1.457792043685913
cnf/sudoku/1000-sudokus.txt/878.txt,DLIS,7,6,12014,729,26,14,14,1.5310719013214111
cnf/sudoku/1000-sudokus.txt/367.txt,DLIS,242,240,12012,729,24,483,483,4.239500284194946
cnf/sudoku/1000-sudokus.txt/370.txt,DLIS,8,7,12012,729,24,16,16,1.5773320198059082
cnf/sudoku/1000-sudokus.txt/616.txt,DLIS,20,19,12013,729,25,40,40,1.526052474975586
cnf/sudoku/1000-sudokus.txt/197.txt,DLIS,3,2,12012,729,24,6,6,1.6404457092285156
cnf/sudoku/1000-sudokus.txt/696.txt,DLIS,100,99,12013,729,25,200,200,2.703577995300293
cnf/sudoku/1000-sudokus.txt/682.txt,DLIS,0,0,12013,729,25,1,1,1.5088229179382324
cnf/sudoku/1000-sudokus.txt/499.txt,DLIS,15,14,12013,729,25,30,30,1.5185546875
cnf/sudoku/1000-sudokus.txt/295.txt,DLIS,0,0,12012,729,24,1,1,1.4451041221618652
cnf/sudoku/1000-sudokus.txt/213.txt,DLIS,5,4,12012,729,24,10,10,1.4885966777801514
cnf/sudoku/1000-sudokus.txt/656.txt,DLIS,0,0,12013,729,25,1,1,1.3986396789550781
cnf/sudoku/1000-sudokus.txt/416.txt,DLIS,23,22,12013,729,25,46,46,1.6106722354888916
cnf/sudoku/1000-sudokus.txt/288.txt,DLIS,126,125,12012,729,24,252,252,2.42287015914917
cnf/sudoku/1000-sudokus.txt/738.txt,DLIS,57,55,12014,729,26,113,113,2.233045816421509
cnf/sudoku/1000-sudokus.txt/764.txt,DLIS,79,78,12014,729,26,158,158,2.2240610122680664
cnf/sudoku/1000-sudokus.txt/896.txt,DLIS,64,62,12014,729,26,127,127,1.977738857269287
cnf/sudoku/1000-sudokus.txt/940.txt,DLIS,115,113,12015,729,27,229,229,2.294121265411377
cnf/sudoku/1000-sudokus.txt/584.txt,DLIS,77,76,12013,729,25,154,154,2.1313138008117676
cnf/sudoku/1000-sudokus.txt/340.txt,DLIS,0,0,12012,729,24,1,1,1.589738368988037
cnf/sudoku/1000-sudokus.txt/687.txt,DLIS,305,303,12013,729,25,609,609,4.803956508636475
cnf/sudoku/1000-sudokus.txt/91.txt,DLIS,56,55,12011,729,23,112,112,2.1157426834106445
cnf/sudoku/1000-sudokus.txt/937.txt,DLIS,0,0,12015,729,27,1,1,1.38376784324646
cnf/sudoku/1000-sudokus.txt/245.txt,DLIS,861,860,12012,729,24,1722,1722,11.412491798400879
cnf/sudoku/1000-sudokus.txt/460.txt,DLIS,32,31,12013,729,25,64,64,1.717932939529419
cnf/sudoku/1000-sudokus.txt/66.txt,DLIS,0,0,12011,729,23,1,1,1.493656873703003
cnf/sudoku/1000-sudokus.txt/302.txt,DLIS,0,0,12012,729,24,1,1,1.4759461879730225
cnf/sudoku/1000-sudokus.txt/755.txt,DLIS,102,100,12014,729,26,203,203,2.350055694580078
cnf/sudoku/1000-sudokus.txt/479.txt,DLIS,0,0,12013,729,25,1,1,1.403348684310913
cnf/sudoku/1000-sudokus.txt/544.txt,DLIS,112,111,12013,729,25,224,224,2.3825910091400146
cnf/sudoku/1000-sudokus.txt/954.txt,DLIS,58,57,12015,729,27,116,116,2.097688913345337
cnf/sudoku/1000-sudokus.txt/716.txt,DLIS,0,0,12014,729,26,1,1,1.437382459640503
cnf/sudoku/1000-sudokus.txt/51.txt,DLIS,0,0,12011,729,23,1,1,1.3821487426757812
cnf/sudoku/1000-sudokus.txt/651.txt,DLIS,0,0,12013,729,25,1,1,1.4329042434692383
cnf/sudoku/1000-sudokus.txt/712.txt,DLIS,17,16,12014,729,26,34,34,1.513007640838623
cnf/sudoku/1000-sudokus.txt/967.txt,DLIS,2,1,12015,729,27,4,4,1.3846375942230225
cnf/sudoku/1000-sudokus.txt/439.txt,DLIS,0,0,12013,729,25,1,1,1.4444868564605713
cnf/sudoku/1000-sudokus.txt/104.txt,DLIS,0,0,12011,729,23,1,1,1.4029436111450195
cnf/sudoku/1000-sudokus.txt/962.txt,DLIS,17,16,12015,729,27,34,34,1.5487444400787354
cnf/sudoku/1000-sudokus.txt/167.txt,DLIS,1,0,12012,729,24,2,2,1.562708854675293
cnf/sudoku/1000-sudokus.txt/54.txt,DLIS,4,3,12011,729,23,8,8,1.4693377017974854
cnf/sudoku/1000-sudokus.txt/365.txt,DLIS,0,0,12012,729,24,1,1,1.381711483001709
cnf/sudoku/1000-sudokus.txt/230.txt,DLIS,22,21,12012,729,24,44,44,1.4899301528930664
cnf/sudoku/1000-sudokus.txt/247.txt,DLIS,0,0,12012,729,24,1,1,1.610497236251831
cnf/sudoku/1000-sudokus.txt/56.txt,DLIS,0,0,12011,729,23,1,1,1.5998008251190186
cnf/sudoku/1000-sudokus.txt/922.txt,DLIS,7,6,12015,729,27,14,14,1.5723800659179688
cnf/sudoku/1000-sudokus.txt/75.txt,DLIS,0,0,12011,729,23,1,1,1.4350073337554932
cnf/sudoku/1000-sudokus.txt/970.txt,DLIS,101,100,12015,729,27,202,202,2.6657931804656982
cnf/sudoku/1000-sudokus.txt/522.txt,DLIS,0,0,12013,729,25,1,1,1.4759013652801514
cnf/sudoku/1000-sudokus.txt/48.txt,DLIS,39,36,12011,729,23,76,76,2.019566297531128
cnf/sudoku/1000-sudokus.txt/783.txt,DLIS,105,104,12014,729,26,210,210,2.738882303237915
cnf/sudoku/1000-sudokus.txt/899.txt,DLIS,7,6,12014,729,26,14,14,1.443033218383789
cnf/sudoku/1000-sudokus.txt/13.txt,DLIS,16,15,12010,729,22,32,32,1.5516455173492432
cnf/sudoku/1000-sudokus.txt/581.txt,DLIS,0,0,12013,729,25,1,1,1.4202229976654053
cnf/sudoku/1000-sudokus.txt/156.txt,DLIS,26,25,12012,729,24,52,52,1.6542103290557861
cnf/sudoku/1000-sudokus.txt/128.txt,DLIS,39,38,12011,729,23,78,78,1.8464982509613037
cnf/sudoku/1000-sudokus.txt/721.txt,DLIS,72,70,12014,729,26,143,143,2.1321215629577637
cnf/sudoku/1000-sudokus.txt/805.txt,DLIS,55,54,12014,729,26,110,110,1.6811058521270752
cnf/sudoku/1000-sudokus.txt/69.txt,DLIS,0,0,12011,729,23,1,1,1.3556923866271973
cnf/sudoku/1000-sudokus.txt/459.txt,DLIS,28,27,12013,729,25,56,56,1.5623831748962402
cnf/sudoku/1000-sudokus.txt/761.txt,DLIS,9,8,12014,729,26,18,18,1.9809646606445312
cnf/sudoku/1000-sudokus.txt/393.txt,DLIS,48,46,12012,729,24,95,95,1.903425931930542
cnf/sudoku/1000-sudokus.txt/875.txt,DLIS,319,318,12014,729,26,638,638,5.13638162612915
cnf/sudoku/1000-sudokus.txt/335.txt,DLIS,121,119,12012,729,24,241,241,3.198397636413574
cnf/sudoku/1000-sudokus.txt/350.txt,DLIS,76,74,12012,729,24,151,151,2.0869140625
cnf/sudoku/1000-sudokus.txt/750.txt,DLIS,78,77,12014,729,26,156,156,2.3685734272003174
cnf/sudoku/1000-sudokus.txt/531.txt,DLIS,14,13,12013,729,25,28,28,1.8037083148956299
cnf/sudoku/1000-sudokus.txt/624.txt,DLIS,0,0,12013,729,25,1,1,1.457322120666504
cnf/sudoku/1000-sudokus.txt/880.txt,DLIS,17,15,12014,729,26,33,33,1.863929271697998
cnf/sudoku/1000-sudokus.txt/828.txt,DLIS,252,251,12014,729,26,504,504,4.225009202957153
cnf/sudoku/1000-sudokus.txt/585.txt,DLIS,104,102,12013,729,25,207,207,2.5096733570098877
cnf/sudoku/1000-sudokus.txt/726.txt,DLIS,8,7,12014,729,26,16,16,1.586540699005127
cnf/sudoku/1000-sudokus.txt/70.txt,DLIS,2330,2327,12011,729,23,4658,4658,27.345712184906006
cnf/sudoku/1000-sudokus.txt/604.txt,DLIS,21,19,12013,729,25,41,41,1.653212547302246
cnf/sudoku/1000-sudokus.txt/284.txt,DLIS,4,3,12012,729,24,8,8,1.467742681503296
cnf/sudoku/1000-sudokus.txt/425.txt,DLIS,10,8,12013,729,25,19,19,1.4825067520141602
cnf/sudoku/1000-sudokus.txt/1006.txt,DLIS,10,8,12016,729,28,19,19,1.5702292919158936
cnf/sudoku/1000-sudokus.txt/486.txt,DLIS,1,0,12013,729,25,2,2,1.4425959587097168
cnf/sudoku/1000-sudokus.txt/839.txt,DLIS,55,53,12014,729,26,109,109,1.9221973419189453
cnf/sudoku/1000-sudokus.txt/569.txt,DLIS,0,0,12013,729,25,1,1,1.4378199577331543
cnf/sudoku/1000-sudokus.txt/454.txt,DLIS,3,2,12013,729,25,6,6,1.5136582851409912
cnf/sudoku/1000-sudokus.txt/947.txt,DLIS,11,10,12015,729,27,22,22,1.5880706310272217
cnf/sudoku/1000-sudokus.txt/650.txt,DLIS,3,2,12013,729,25,6,6,1.4547817707061768
cnf/sudoku/1000-sudokus.txt/576.txt,DLIS,0,0,12013,729,25,1,1,1.340719223022461
cnf/sudoku/1000-sudokus.txt/402.txt,DLIS,12,11,12013,729,25,24,24,1.4588260650634766
cnf/sudoku/1000-sudokus.txt/82.txt,DLIS,0,0,12011,729,23,1,1,1.4288570880889893
cnf/sudoku/1000-sudokus.txt/891.txt,DLIS,18,17,12014,729,26,36,36,1.8148696422576904
cnf/sudoku/1000-sudokus.txt/607.txt,DLIS,2,1,12013,729,25,4,4,1.4994256496429443
cnf/sudoku/1000-sudokus.txt/814.txt,DLIS,0,0,12014,729,26,1,1,1.4799871444702148
cnf/sudoku/1000-sudokus.txt/837.txt,DLIS,13,11,12014,729,26,25,25,1.7092065811157227
cnf/sudoku/1000-sudokus.txt/12.txt,DLIS,23,22,12010,729,22,46,46,1.707892894744873
cnf/sudoku/1000-sudokus.txt/709.txt,DLIS,5,4,12014,729,26,10,10,1.6032798290252686
cnf/sudoku/1000-sudokus.txt/974.txt,DLIS,66,64,12015,729,27,131,131,2.186661720275879
cnf/sudoku/1000-sudokus.txt/484.txt,DLIS,60,59,12013,729,25,120,120,2.2104077339172363
cnf/sudoku/1000-sudokus.txt/149.txt,DLIS,0,0,12012,729,24,1,1,1.4867303371429443
cnf/sudoku/1000-sudokus.txt/987.txt,DLIS,71,70,12015,729,27,142,142,2.1535868644714355
cnf/sudoku/1000-sudokus.txt/872.txt,DLIS,10,8,12014,729,26,19,19,1.6207332611083984
cnf/sudoku/1000-sudokus.txt/643.txt,DLIS,0,0,12013,729,25,1,1,1.4706993103027344
cnf/sudoku/1000-sudokus.txt/449.txt,DLIS,0,0,12013,729,25,1,1,1.5001249313354492
cnf/sudoku/1000-sudokus.txt/533.txt,DLIS,6,5,12013,729,25,12,12,1.8683507442474365
cnf/sudoku/1000-sudokus.txt/265.txt,DLIS,0,0,12012,729,24,1,1,1.6114394664764404
cnf/sudoku/1000-sudokus.txt/238.txt,DLIS,605,604,12012,729,24,1210,1210,8.445522546768188
cnf/sudoku/1000-sudokus.txt/349.txt,DLIS,0,0,12012,729,24,1,1,1.5438921451568604
cnf/sudoku/1000-sudokus.txt/410.txt,DLIS,0,0,12013,729,25,1,1,1.5824851989746094
cnf/sudoku/1000-sudokus.txt/653.txt,DLIS,712,710,12013,729,25,1423,1423,9.842373609542847
cnf/sudoku/1000-sudokus.txt/519.txt,DLIS,15,13,12013,729,25,29,29,1.5472171306610107
cnf/sudoku/1000-sudokus.txt/545.txt,DLIS,21,20,12013,729,25,42,42,1.6628212928771973
cnf/sudoku/1000-sudokus.txt/628.txt,DLIS,2,1,12013,729,25,4,4,1.7573885917663574
cnf/sudoku/1000-sudokus.txt/527.txt,DLIS,237,235,12013,729,25,473,473,4.534785509109497
cnf/sudoku/1000-sudokus.txt/97.txt,DLIS,54,53,12011,729,23,108,108,1.840080976486206
cnf/sudoku/1000-sudokus.txt/165.txt,DLIS,13,11,12012,729,24,25,25,1.5445277690887451
cnf/sudoku/1000-sudokus.txt/564.txt,DLIS,47,46,12013,729,25,94,94,1.9072496891021729
cnf/sudoku/1000-sudokus.txt/277.txt,DLIS,28,27,12012,729,24,56,56,1.682159662246704
cnf/sudoku/1000-sudokus.txt/6.txt,DLIS,0,0,12010,729,22,1,1,1.500199556350708
cnf/sudoku/1000-sudokus.txt/898.txt,DLIS,0,0,12014,729,26,1,1,1.7191259860992432
cnf/sudoku/1000-sudokus.txt/724.txt,DLIS,9,8,12014,729,26,18,18,1.8060967922210693
cnf/sudoku/1000-sudokus.txt/289.txt,DLIS,0,0,12012,729,24,1,1,1.6265232563018799
cnf/sudoku/1000-sudokus.txt/164.txt,DLIS,0,0,12012,729,24,1,1,1.5345098972320557
cnf/sudoku/1000-sudokus.txt/763.txt,DLIS,45,43,12014,729,26,89,89,2.06623911857605
cnf/sudoku/1000-sudokus.txt/324.txt,DLIS,970,969,12012,729,24,1940,1940,11.642249822616577
cnf/sudoku/1000-sudokus.txt/219.txt,DLIS,18,16,12012,729,24,35,35,1.697880506515503
cnf/sudoku/1000-sudokus.txt/117.txt,DLIS,0,0,12011,729,23,1,1,1.4705145359039307
cnf/sudoku/1000-sudokus.txt/680.txt,DLIS,17,16,12013,729,25,34,34,1.6249396800994873
cnf/sudoku/1000-sudokus.txt/690.txt,DLIS,2,1,12013,729,25,4,4,1.5505266189575195
cnf/sudoku/1000-sudokus.txt/644.txt,DLIS,0,0,12013,729,25,1,1,1.4136531352996826
cnf/sudoku/1000-sudokus.txt/613.txt,DLIS,0,0,12013,729,25,1,1,1.5509114265441895
cnf/sudoku/1000-sudokus.txt/47.txt,DLIS,0,0,12011,729,23,1,1,1.647186517715454
cnf/sudoku/1000-sudokus.txt/16.txt,DLIS,0,0,12010,729,22,1,1,1.36016845703125
cnf/sudoku/1000-sudokus.txt/448.txt,DLIS,11,10,12013,729,25,22,22,1.475032091140747
cnf/sudoku/1000-sudokus.txt/274.txt,DLIS,13,12,12012,729,24,26,26,1.5482251644134521
cnf/sudoku/1000-sudokus.txt/37.txt,DLIS,56,55,12011,729,23,112,112,1.6323115825653076
cnf/sudoku/1000-sudokus.txt/23.txt,DLIS,0,0,12011,729,23,1,1,1.3948450088500977
cnf/sudoku/1000-sudokus.txt/588.txt,DLIS,27,26,12013,729,25,54,54,1.735973596572876
cnf/sudoku/1000-sudokus.txt/116.txt,DLIS,3,2,12011,729,23,6,6,1.5147976875305176
cnf/sudoku/1000-sudokus.txt/334.txt,DLIS,522,521,12012,729,24,1044,1044,6.621351957321167
cnf/sudoku/1000-sudokus.txt/745.txt,DLIS,35,34,12014,729,26,70,70,1.6405704021453857
cnf/sudoku/1000-sudokus.txt/897.txt,DLIS,81,80,12014,729,26,162,162,2.1850051879882812
cnf/sudoku/1000-sudokus.txt/492.txt,DLIS,0,0,12013,729,25,1,1,1.4381492137908936
cnf/sudoku/1000-sudokus.txt/135.txt,DLIS,0,0,12011,729,23,1,1,1.381105661392212
cnf/sudoku/1000-sudokus.txt/234.txt,DLIS,127,125,12012,729,24,253,253,2.843104600906372
cnf/sudoku/1000-sudokus.txt/503.txt,DLIS,61,59,12013,729,25,121,121,2.0244123935699463
cnf/sudoku/1000-sudokus.txt/798.txt,DLIS,0,0,12014,729,26,1,1,1.4240713119506836
cnf/sudoku/1000-sudokus.txt/874.txt,DLIS,3,2,12014,729,26,6,6,1.4171679019927979
cnf/sudoku/1000-sudokus.txt/221.txt,DLIS,0,0,12012,729,24,1,1,1.613675594329834
cnf/sudoku/1000-sudokus.txt/824.txt,DLIS,60,57,12014,729,26,118,118,2.0319032669067383
cnf/sudoku/1000-sudokus.txt/538.txt,DLIS,1,0,12013,729,25,2,2,1.8206703662872314
cnf/sudoku/1000-sudokus.txt/41.txt,DLIS,0,0,12011,729,23,1,1,1.5191082954406738
cnf/sudoku/1000-sudokus.txt/948.txt,DLIS,112,110,12015,729,27,223,223,2.807436227798462
cnf/sudoku/1000-sudokus.txt/753.txt,DLIS,62,61,12014,729,26,124,124,1.963369607925415
cnf/sudoku/1000-sudokus.txt/774.txt,DLIS,44,42,12014,729,26,87,87,2.0295021533966064
cnf/sudoku/1000-sudokus.txt/411.txt,DLIS,50,48,12013,729,25,99,99,1.9981064796447754
cnf/sudoku/1000-sudokus.txt/58.txt,DLIS,370,369,12011,729,23,740,740,5.161675930023193
cnf/sudoku/1000-sudokus.txt/512.txt,DLIS,0,0,12013,729,25,1,1,1.5407087802886963
cnf/sudoku/1000-sudokus.txt/645.txt,DLIS,23,21,12013,729,25,45,45,1.5949318408966064
cnf/sudoku/1000-sudokus.txt/992.txt,DLIS,18,17,12015,729,27,36,36,1.5986557006835938
cnf/sudoku/1000-sudokus.txt/523.txt,DLIS,0,0,12013,729,25,1,1,1.4765055179595947
cnf/sudoku/1000-sudokus.txt/1001.txt,DLIS,71,70,12016,729,28,142,142,2.1832337379455566
cnf/sudoku/1000-sudokus.txt/945.txt,DLIS,0,0,12015,729,27,1,1,1.476130723953247
cnf/sudoku/1000-sudokus.txt/173.txt,DLIS,0,0,12012,729,24,1,1,1.391547441482544
cnf/sudoku/1000-sudokus.txt/472.txt,DLIS,178,177,12013,729,25,356,356,2.5995383262634277
cnf/sudoku/1000-sudokus.txt/194.txt,DLIS,7,5,12012,729,24,13,13,1.5060458183288574
cnf/sudoku/1000-sudokus.txt/122.txt,DLIS,376,373,12011,729,23,750,750,6.058429479598999
cnf/sudoku/1000-sudokus.txt/760.txt,DLIS,87,85,12014,729,26,173,173,2.7954373359680176
cnf/sudoku/1000-sudokus.txt/240.txt,DLIS,0,0,12012,729,24,1,1,1.684323787689209
cnf/sudoku/1000-sudokus.txt/441.txt,DLIS,540,539,12013,729,25,1080,1080,7.37923789024353
cnf/sudoku/1000-sudokus.txt/105.txt,DLIS,0,0,12011,729,23,1,1,1.5854787826538086
cnf/sudoku/1000-sudokus.txt/664.txt,DLIS,0,0,12013,729,25,1,1,1.529484748840332
cnf/sudoku/1000-sudokus.txt/557.txt,DLIS,15,14,12013,729,25,30,30,1.6332449913024902
cnf/sudoku/1000-sudokus.txt/505.txt,DLIS,306,304,12013,729,25,611,611,4.613568305969238
cnf/sudoku/1000-sudokus.txt/488.txt,DLIS,88,86,12013,729,25,175,175,2.3554017543792725
cnf/sudoku/1000-sudokus.txt/89.txt,DLIS,35,34,12011,729,23,70,70,1.739067792892456
cnf/sudoku/1000-sudokus.txt/715.txt,DLIS,2,1,12014,729,26,4,4,1.5788893699645996
cnf/sudoku/1000-sudokus.txt/140.txt,DLIS,3,2,12012,729,24,6,6,1.461484432220459
cnf/sudoku/1000-sudokus.txt/161.txt,DLIS,0,0,12012,729,24,1,1,1.469810962677002
cnf/sudoku/1000-sudokus.txt/638.txt,DLIS,3,2,12013,729,25,6,6,1.4406802654266357
cnf/sudoku/1000-sudokus.txt/506.txt,DLIS,5,4,12013,729,25,10,10,1.5217280387878418
cnf/sudoku/1000-sudokus.txt/860.txt,DLIS,12,11,12014,729,26,24,24,1.6319894790649414
cnf/sudoku/1000-sudokus.txt/223.txt,DLIS,19,19,12012,729,24,39,39,1.583207130432129
cnf/sudoku/1000-sudokus.txt/264.txt,DLIS,13,12,12012,729,24,26,26,1.5400917530059814
cnf/sudoku/1000-sudokus.txt/312.txt,DLIS,0,0,12012,729,24,1,1,1.5306260585784912
cnf/sudoku/1000-sudokus.txt/431.txt,DLIS,0,0,12013,729,25,1,1,1.4429378509521484
cnf/sudoku/1000-sudokus.txt/907.txt,DLIS,46,44,12014,729,26,91,91,1.825174331665039
cnf/sudoku/1000-sudokus.txt/785.txt,DLIS,5,4,12014,729,26,10,10,1.547816514968872
cnf/sudoku/1000-sudokus.txt/369.txt,DLIS,17,17,12012,729,24,35,35,1.6001849174499512
cnf/sudoku/1000-sudokus.txt/916.txt,DLIS,0,0,12015,729,27,1,1,1.618856430053711
cnf/sudoku/1000-sudokus.txt/137.txt,DLIS,0,0,12011,729,23,1,1,1.5683825016021729
cnf/sudoku/1000-sudokus.txt/887.txt,DLIS,0,0,12014,729,26,1,1,1.530590295791626
cnf/sudoku/1000-sudokus.txt/171.txt,DLIS,119,117,12012,729,24,237,237,2.3953843116760254
cnf/sudoku/1000-sudokus.txt/727.txt,DLIS,22,20,12014,729,26,43,43,1.6411736011505127
cnf/sudoku/1000-sudokus.txt/614.txt,DLIS,140,138,12013,729,25,279,279,3.2627294063568115
cnf/sudoku/1000-sudokus.txt/235.txt,DLIS,0,0,12012,729,24,1,1,1.5676319599151611
cnf/sudoku/1000-sudokus.txt/999.txt,DLIS,41,40,12016,729,28,82,82,2.0134706497192383
cnf/sudoku/1000-sudokus.txt/371.txt,DLIS,3,2,12012,729,24,6,6,1.654237985610962
cnf/sudoku/1000-sudokus.txt/592.txt,DLIS,0,0,12013,729,25,1,1,1.776277780532837
cnf/sudoku/1000-sudokus.txt/686.txt,DLIS,342,340,12013,729,25,683,683,6.535966634750366
cnf/sudoku/1000-sudokus.txt/821.txt,DLIS,41,39,12014,729,26,81,81,1.7361202239990234
cnf/sudoku/1000-sudokus.txt/791.txt,DLIS,0,0,12014,729,26,1,1,1.5215001106262207
cnf/sudoku/1000-sudokus.txt/309.txt,DLIS,9,8,12012,729,24,18,18,1.574716567993164
cnf/sudoku/1000-sudokus.txt/757.txt,DLIS,33,32,12014,729,26,66,66,1.9937498569488525
cnf/sudoku/1000-sudokus.txt/590.txt,DLIS,124,123,12013,729,25,248,248,2.7426488399505615
cnf/sudoku/1000-sudokus.txt/251.txt,DLIS,504,503,12012,729,24,1008,1008,7.250190496444702
cnf/sudoku/1000-sudokus.txt/257.txt,DLIS,0,0,12012,729,24,1,1,1.7161579132080078
cnf/sudoku/1000-sudokus.txt/688.txt,DLIS,10,9,12013,729,25,20,20,1.4887776374816895
cnf/sudoku/1000-sudokus.txt/228.txt,DLIS,9,8,12012,729,24,18,18,1.5765645503997803
cnf/sudoku/1000-sudokus.txt/355.txt,DLIS,27,26,12012,729,24,54,54,1.6400115489959717
cnf/sudoku/1000-sudokus.txt/254.txt,DLIS,7,7,12012,729,24,15,15,1.5159449577331543
cnf/sudoku/1000-sudokus.txt/353.txt,DLIS,0,0,12012,729,24,1,1,1.4186174869537354
cnf/sudoku/1000-sudokus.txt/1002.txt,DLIS,7,6,12016,729,28,14,14,1.5883116722106934
cnf/sudoku/1000-sudokus.txt/723.txt,DLIS,11,10,12014,729,26,22,22,1.6665401458740234
cnf/sudoku/1000-sudokus.txt/810.txt,DLIS,14,13,12014,729,26,28,28,1.748042345046997
cnf/sudoku/1000-sudokus.txt/181.txt,DLIS,58,56,12012,729,24,115,115,2.075395345687866
cnf/sudoku/1000-sudokus.txt/204.txt,DLIS,5,4,12012,729,24,10,10,1.5725510120391846
cnf/sudoku/1000-sudokus.txt/509.txt,DLIS,16,14,12013,729,25,31,31,1.7613706588745117
cnf/sudoku/1000-sudokus.txt/991.txt,DLIS,132,129,12015,729,27,262,262,2.996350049972534
cnf/sudoku/1000-sudokus.txt/268.txt,DLIS,776,774,12012,729,24,1551,1551,9.421639204025269
cnf/sudoku/1000-sudokus.txt/599.txt,DLIS,19,18,12013,729,25,38,38,1.9124939441680908
cnf/sudoku/1000-sudokus.txt/176.txt,DLIS,11,10,12012,729,24,22,22,1.80419921875
cnf/sudoku/1000-sudokus.txt/719.txt,DLIS,0,0,12014,729,26,1,1,1.5949928760528564
cnf/sudoku/1000-sudokus.txt/444.txt,DLIS,249,248,12013,729,25,498,498,3.353508949279785
cnf/sudoku/1000-sudokus.txt/9.txt,DLIS,83,81,12010,729,22,165,165,2.3284029960632324
cnf/sudoku/1000-sudokus.txt/239.txt,DLIS,11,10,12012,729,24,22,22,1.5405919551849365
cnf/sudoku/1000-sudokus.txt/820.txt,DLIS,184,183,12014,729,26,368,368,2.6154611110687256
cnf/sudoku/1000-sudokus.txt/83.txt,DLIS,72,70,12011,729,23,143,143,2.350252628326416
cnf/sudoku/1000-sudokus.txt/648.txt,DLIS,253,251,12013,729,25,505,505,4.5121941566467285
cnf/sudoku/1000-sudokus.txt/63.txt,DLIS,0,0,12011,729,23,1,1,1.4663598537445068
cnf/sudoku/1000-sudokus.txt/961.txt,DLIS,144,142,12015,729,27,287,287,2.720703363418579
cnf/sudoku/1000-sudokus.txt/958.txt,DLIS,7,6,12015,729,27,14,14,1.9170920848846436
cnf/sudoku/1000-sudokus.txt/120.txt,DLIS,11,10,12011,729,23,22,22,1.8257851600646973
cnf/sudoku/1000-sudokus.txt/59.txt,DLIS,496,495,12011,729,23,992,992,8.203344821929932
cnf/sudoku/1000-sudokus.txt/18.txt,DLIS,0,0,12010,729,22,1,1,1.6587073802947998
cnf/sudoku/1000-sudokus.txt/809.txt,DLIS,159,157,12014,729,26,317,317,3.8388097286224365
cnf/sudoku/1000-sudokus.txt/248.txt,DLIS,0,0,12012,729,24,1,1,1.5207884311676025
cnf/sudoku/1000-sudokus.txt/382.txt,DLIS,0,0,12012,729,24,1,1,1.4304490089416504
cnf/sudoku/1000-sudokus.txt/627.txt,DLIS,4,3,12013,729,25,8,8,1.5693390369415283
cnf/sudoku/1000-sudokus.txt/414.txt,DLIS,7,6,12013,729,25,14,14,1.6697847843170166
cnf/sudoku/1000-sudokus.txt/733.txt,DLIS,91,90,12014,729,26,182,182,2.391794204711914
cnf/sudoku/1000-sudokus.txt/92.txt,DLIS,87,86,12011,729,23,174,174,2.6817588806152344
cnf/sudoku/1000-sudokus.txt/252.txt,DLIS,0,0,12012,729,24,1,1,1.4418518543243408
cnf/sudoku/1000-sudokus.txt/850.txt,DLIS,58,57,12014,729,26,116,116,1.9896745681762695
cnf/sudoku/1000-sudokus.txt/679.txt,DLIS,9,7,12013,729,25,17,17,1.5108895301818848
cnf/sudoku/1000-sudokus.txt/711.txt,DLIS,15,14,12014,729,26,30,30,1.6733107566833496
cnf/sudoku/1000-sudokus.txt/657.txt,DLIS,95,94,12013,729,25,190,190,2.4624340534210205
cnf/sudoku/1000-sudokus.txt/380.txt,DLIS,7,6,12012,729,24,14,14,1.5789532661437988
cnf/sudoku/1000-sudokus.txt/403.txt,DLIS,3,2,12013,729,25,6,6,1.7234916687011719
cnf/sudoku/1000-sudokus.txt/71.txt,DLIS,43,42,12011,729,23,86,86,1.9273746013641357
cnf/sudoku/1000-sudokus.txt/465.txt,DLIS,18,17,12013,729,25,36,36,1.6385533809661865
cnf/sudoku/1000-sudokus.txt/554.txt,DLIS,1,0,12013,729,25,2,2,1.3873815536499023
cnf/sudoku/1000-sudokus.txt/290.txt,DLIS,6,5,12012,729,24,12,12,1.5713889598846436
cnf/sudoku/1000-sudokus.txt/297.txt,DLIS,8,7,12012,729,24,16,16,1.5510215759277344
cnf/sudoku/1000-sudokus.txt/487.txt,DLIS,4,3,12013,729,25,8,8,1.552971601486206
cnf/sudoku/1000-sudokus.txt/518.txt,DLIS,7,6,12013,729,25,14,14,1.7463819980621338
cnf/sudoku/1000-sudokus.txt/17.txt,DLIS,0,0,12010,729,22,1,1,1.5737054347991943
cnf/sudoku/1000-sudokus.txt/278.txt,DLIS,0,0,12012,729,24,1,1,1.5465080738067627
cnf/sudoku/1000-sudokus.txt/67.txt,DLIS,32,29,12011,729,23,62,62,1.7100954055786133
cnf/sudoku/1000-sudokus.txt/139.txt,DLIS,65,63,12012,729,24,129,129,1.9359934329986572
cnf/sudoku/1000-sudokus.txt/773.txt,DLIS,0,0,12014,729,26,1,1,1.6910367012023926
cnf/sudoku/1000-sudokus.txt/918.txt,DLIS,0,0,12015,729,27,1,1,1.6929292678833008
cnf/sudoku/1000-sudokus.txt/190.txt,DLIS,1408,1406,12012,729,24,2815,2815,17.777998447418213
cnf/sudoku/1000-sudokus.txt/407.txt,DLIS,4,3,12013,729,25,8,8,1.9572181701660156
cnf/sudoku/1000-sudokus.txt/759.txt,DLIS,4,3,12014,729,26,8,8,1.6525874137878418
cnf/sudoku/1000-sudokus.txt/668.txt,DLIS,8,7,12013,729,25,16,16,1.6453428268432617
cnf/sudoku/1000-sudokus.txt/788.txt,DLIS,253,252,12014,729,26,506,506,3.990079402923584
cnf/sudoku/1000-sudokus.txt/675.txt,DLIS,146,145,12013,729,25,292,292,3.366957187652588
cnf/sudoku/1000-sudokus.txt/381.txt,DLIS,0,0,12012,729,24,1,1,1.5593888759613037
cnf/sudoku/1000-sudokus.txt/493.txt,DLIS,35,34,12013,729,25,70,70,1.788055658340454
cnf/sudoku/1000-sudokus.txt/904.txt,DLIS,545,543,12014,729,26,1089,1089,7.971374750137329
cnf/sudoku/1000-sudokus.txt/318.txt,DLIS,33,32,12012,729,24,66,66,1.5317940711975098
cnf/sudoku/1000-sudokus.txt/779.txt,DLIS,98,96,12014,729,26,195,195,2.472769021987915
cnf/sudoku/1000-sudokus.txt/1008.txt,DLIS,3,2,12016,729,28,6,6,1.4411585330963135
cnf/sudoku/1000-sudokus.txt/708.txt,DLIS,96,95,12014,729,26,192,192,2.2372119426727295
cnf/sudoku/1000-sudokus.txt/217.txt,DLIS,0,0,12012,729,24,1,1,1.4772601127624512
cnf/sudoku/1000-sudokus.txt/330.txt,DLIS,10,8,12012,729,24,19,19,1.6557519435882568
cnf/sudoku/1000-sudokus.txt/329.txt,DLIS,2,1,12012,729,24,4,4,1.4520440101623535
cnf/sudoku/1000-sudokus.txt/983.txt,DLIS,180,177,12015,729,27,358,358,3.3833906650543213
cnf/sudoku/1000-sudokus.txt/853.txt,DLIS,14,13,12014,729,26,28,28,1.5957112312316895
cnf/sudoku/1000-sudokus.txt/827.txt,DLIS,66,65,12014,729,26,132,132,1.9095544815063477
cnf/sudoku/1000-sudokus.txt/698.txt,DLIS,0,0,12013,729,25,1,1,1.4443013668060303
cnf/sudoku/1000-sudokus.txt/175.txt,DLIS,22,22,12012,729,24,45,45,1.5118248462677002
cnf/sudoku/1000-sudokus.txt/602.txt,DLIS,26,24,12013,729,25,51,51,1.953789234161377
cnf/sudoku/1000-sudokus.txt/215.txt,DLIS,323,321,12012,729,24,645,645,4.827463388442993
cnf/sudoku/1000-sudokus.txt/517.txt,DLIS,9,8,12013,729,25,18,18,1.4620847702026367
cnf/sudoku/1000-sudokus.txt/351.txt,DLIS,5,4,12012,729,24,10,10,1.4773881435394287
cnf/sudoku/1000-sudokus.txt/633.txt,DLIS,7,6,12013,729,25,14,14,1.4546523094177246
cnf/sudoku/1000-sudokus.txt/830.txt,DLIS,1,0,12014,729,26,2,2,1.6373322010040283
cnf/sudoku/1000-sudokus.txt/591.txt,DLIS,341,338,12013,729,25,680,680,5.766621828079224
cnf/sudoku/1000-sudokus.txt/473.txt,DLIS,150,149,12013,729,25,300,300,2.9065041542053223
cnf/sudoku/1000-sudokus.txt/129.txt,DLIS,166,164,12011,729,23,331,331,3.5871503353118896
cnf/sudoku/1000-sudokus.txt/90.txt,DLIS,81,79,12011,729,23,161,161,2.1753695011138916
cnf/sudoku/1000-sudokus.txt/697.txt,DLIS,283,282,12013,729,25,566,566,5.222675561904907
cnf/sudoku/1000-sudokus.txt/193.txt,DLIS,10,9,12012,729,24,20,20,1.6898307800292969
cnf/sudoku/1000-sudokus.txt/807.txt,DLIS,9,7,12014,729,26,17,17,1.6671228408813477
cnf/sudoku/1000-sudokus.txt/642.txt,DLIS,0,0,12013,729,25,1,1,1.5322902202606201
cnf/sudoku/1000-sudokus.txt/241.txt,DLIS,0,0,12012,729,24,1,1,1.5021581649780273
cnf/sudoku/1000-sudokus.txt/378.txt,DLIS,1,0,12012,729,24,2,2,1.4337892532348633
cnf/sudoku/1000-sudokus.txt/386.txt,DLIS,66,64,12012,729,24,131,131,2.0026848316192627
cnf/sudoku/1000-sudokus.txt/619.txt,DLIS,23,21,12013,729,25,45,45,1.8132681846618652
cnf/sudoku/1000-sudokus.txt/433.txt,DLIS,4,3,12013,729,25,8,8,1.7906363010406494
cnf/sudoku/1000-sudokus.txt/870.txt,DLIS,30,29,12014,729,26,60,60,1.786923885345459
cnf/sudoku/1000-sudokus.txt/993.txt,DLIS,5,3,12015,729,27,9,9,1.5798678398132324
cnf/sudoku/1000-sudokus.txt/654.txt,DLIS,0,0,12013,729,25,1,1,1.5850830078125
cnf/sudoku/1000-sudokus.txt/979.txt,DLIS,9,8,12015,729,27,18,18,1.6337769031524658
cnf/sudoku/1000-sudokus.txt/43.txt,DLIS,11,10,12011,729,23,22,22,1.8697748184204102
cnf/sudoku/1000-sudokus.txt/949.txt,DLIS,0,0,12015,729,27,1,1,1.6116859912872314
cnf/sudoku/1000-sudokus.txt/321.txt,DLIS,5,4,12012,729,24,10,10,1.8086357116699219
cnf/sudoku/1000-sudokus.txt/579.txt,DLIS,784,782,12013,729,25,1567,1567,9.348139524459839
cnf/sudoku/1000-sudokus.txt/275.txt,DLIS,0,0,12012,729,24,1,1,1.7185401916503906
cnf/sudoku/1000-sudokus.txt/436.txt,DLIS,0,0,12013,729,25,1,1,1.5889678001403809
cnf/sudoku/1000-sudokus.txt/561.txt,DLIS,0,0,12013,729,25,1,1,1.5970275402069092
cnf/sudoku/1000-sudokus.txt/19.txt,DLIS,0,0,12010,729,22,1,1,1.523277997970581
cnf/sudoku/1000-sudokus.txt/53.txt,DLIS,0,0,12011,729,23,1,1,1.5722851753234863
cnf/sudoku/1000-sudokus.txt/390.txt,DLIS,57,54,12012,729,24,112,112,2.286935567855835
cnf/sudoku/1000-sudokus.txt/343.txt,DLIS,0,0,12012,729,24,1,1,1.5518910884857178
cnf/sudoku/1000-sudokus.txt/356.txt,DLIS,7,6,12012,729,24,14,14,1.6645069122314453
cnf/sudoku/1000-sudokus.txt/475.txt,DLIS,1,0,12013,729,25,2,2,1.546860694885254
cnf/sudoku/1000-sudokus.txt/500.txt,DLIS,0,0,12013,729,25,1,1,1.6609582901000977
cnf/sudoku/1000-sudokus.txt/405.txt,DLIS,65,63,12013,729,25,129,129,1.9255733489990234
cnf/sudoku/1000-sudokus.txt/8.txt,DLIS,0,0,12010,729,22,1,1,1.58717679977417
cnf/sudoku/1000-sudokus.txt/296.txt,DLIS,14,13,12012,729,24,28,28,1.5187976360321045
cnf/sudoku/1000-sudokus.txt/471.txt,DLIS,10,9,12013,729,25,20,20,1.5585331916809082
cnf/sudoku/1000-sudokus.txt/276.txt,DLIS,24,22,12012,729,24,47,47,1.706688404083252
cnf/sudoku/1000-sudokus.txt/501.txt,DLIS,0,0,12013,729,25,1,1,1.576244592666626
cnf/sudoku/1000-sudokus.txt/153.txt,DLIS,113,111,12012,729,24,225,225,2.906862735748291
cnf/sudoku/1000-sudokus.txt/841.txt,DLIS,90,89,12014,729,26,180,180,2.34659481048584
cnf/sudoku/1000-sudokus.txt/313.txt,DLIS,7,5,12012,729,24,13,13,1.588855266571045
cnf/sudoku/1000-sudokus.txt/732.txt,DLIS,18,17,12014,729,26,36,36,1.5898668766021729
cnf/sudoku/1000-sudokus.txt/44.txt,DLIS,89,87,12011,729,23,177,177,2.2669827938079834
cnf/sudoku/1000-sudokus.txt/520.txt,DLIS,0,0,12013,729,25,1,1,1.4355583190917969
cnf/sudoku/1000-sudokus.txt/1.txt,DLIS,0,0,12009,729,21,1,1,1.4558305740356445
cnf/sudoku/1000-sudokus.txt/995.txt,DLIS,18,17,12016,729,28,36,36,1.6123764514923096
cnf/sudoku/1000-sudokus.txt/900.txt,DLIS,15,14,12014,729,26,30,30,1.6025364398956299
cnf/sudoku/1000-sudokus.txt/115.txt,DLIS,9,8,12011,729,23,18,18,1.5074059963226318
cnf/sudoku/1000-sudokus.txt/972.txt,DLIS,34,32,12015,729,27,67,67,1.840498685836792
cnf/sudoku/1000-sudokus.txt/609.txt,DLIS,17,15,12013,729,25,33,33,1.6602349281311035
cnf/sudoku/1000-sudokus.txt/865.txt,DLIS,16,14,12014,729,26,31,31,1.6788108348846436
cnf/sudoku/1000-sudokus.txt/563.txt,DLIS,0,0,12013,729,25,1,1,1.4816546440124512
cnf/sudoku/1000-sudokus.txt/524.txt,DLIS,0,0,12013,729,25,1,1,1.4052932262420654
cnf/sudoku/1000-sudokus.txt/86.txt,DLIS,1,0,12011,729,23,2,2,1.4086992740631104
cnf/sudoku/1000-sudokus.txt/742.txt,DLIS,0,0,12014,729,26,1,1,1.4762535095214844
cnf/sudoku/1000-sudokus.txt/253.txt,DLIS,55,53,12012,729,24,109,109,2.08817195892334
cnf/sudoku/1000-sudokus.txt/549.txt,DLIS,1,0,12013,729,25,2,2,1.5329711437225342
cnf/sudoku/1000-sudokus.txt/578.txt,DLIS,3,2,12013,729,25,6,6,1.5538115501403809
cnf/sudoku/1000-sudokus.txt/762.txt,DLIS,20,17,12014,729,26,38,38,1.5783026218414307
cnf/sudoku/1000-sudokus.txt/502.txt,DLIS,30,28,12013,729,25,59,59,1.9187300205230713
cnf/sudoku/1000-sudokus.txt/339.txt,DLIS,10,9,12012,729,24,20,20,1.5958824157714844
cnf/sudoku/1000-sudokus.txt/630.txt,DLIS,35,33,12013,729,25,69,69,1.6861023902893066
cnf/sudoku/1000-sudokus.txt/364.txt,DLIS,12,10,12012,729,24,23,23,1.700455904006958
cnf/sudoku/1000-sudokus.txt/575.txt,DLIS,275,273,12013,729,25,549,549,4.183292388916016
cnf/sudoku/1000-sudokus.txt/376.txt,DLIS,99,98,12012,729,24,198,198,2.4498584270477295
cnf/sudoku/1000-sudokus.txt/160.txt,DLIS,0,0,12012,729,24,1,1,1.464128017425537
cnf/sudoku/1000-sudokus.txt/558.txt,DLIS,0,0,12013,729,25,1,1,1.4444704055786133
cnf/sudoku/1000-sudokus.txt/119.txt,DLIS,6,5,12011,729,23,12,12,1.5439386367797852
cnf/sudoku/1000-sudokus.txt/889.txt,DLIS,46,45,12014,729,26,92,92,1.799865961074829
cnf/sudoku/1000-sudokus.txt/639.txt,DLIS,74,72,12013,729,25,147,147,2.156414270401001
cnf/sudoku/1000-sudokus.txt/765.txt,DLIS,337,335,12014,729,26,673,673,5.069230556488037
cnf/sudoku/1000-sudokus.txt/775.txt,DLIS,0,0,12014,729,26,1,1,1.4782204627990723
cnf/sudoku/1000-sudokus.txt/854.txt,DLIS,19,18,12014,729,26,38,38,1.8071098327636719
cnf/sudoku/1000-sudokus.txt/610.txt,DLIS,7,5,12013,729,25,13,13,1.6609046459197998
cnf/sudoku/1000-sudokus.txt/168.txt,DLIS,274,273,12012,729,24,548,548,4.942330360412598
cnf/sudoku/1000-sudokus.txt/649.txt,DLIS,7,6,12013,729,25,14,14,1.5840237140655518
cnf/sudoku/1000-sudokus.txt/728.txt,DLIS,1,0,12014,729,26,2,2,1.6398825645446777
cnf/sudoku/1000-sudokus.txt/692.txt,DLIS,19,18,12013,729,25,38,38,1.6322767734527588
cnf/sudoku/1000-sudokus.txt/422.txt,DLIS,1,0,12013,729,25,2,2,1.4901995658874512
cnf/sudoku/1000-sudokus.txt/496.txt,DLIS,23,20,12013,729,25,44,44,1.661311149597168
cnf/sudoku/1000-sudokus.txt/387.txt,DLIS,10,8,12012,729,24,19,19,1.5585722923278809
cnf/sudoku/1000-sudokus.txt/203.txt,DLIS,0,0,12012,729,24,1,1,1.5248193740844727
cnf/sudoku/1000-sudokus.txt/224.txt,DLIS,0,0,12012,729,24,1,1,1.3936853408813477
cnf/sudoku/1000-sudokus.txt/31.txt,DLIS,0,0,12011,729,23,1,1,1.439929723739624
cnf/sudoku/1000-sudokus.txt/322.txt,DLIS,96,95,12012,729,24,192,192,2.1446011066436768
cnf/sudoku/1000-sudokus.txt/598.txt,DLIS,18,17,12013,729,25,36,36,1.5821382999420166
cnf/sudoku/1000-sudokus.txt/304.txt,DLIS,3,2,12012,729,24,6,6,1.4089527130126953
cnf/sudoku/1000-sudokus.txt/155.txt,DLIS,0,0,12012,729,24,1,1,1.441819429397583
cnf/sudoku/1000-sudokus.txt/7.txt,DLIS,0,0,12010,729,22,1,1,1.5408539772033691
cnf/sudoku/1000-sudokus.txt/846.txt,DLIS,7,5,12014,729,26,13,13,1.4125888347625732
cnf/sudoku/1000-sudokus.txt/718.txt,DLIS,8,6,12014,729,26,15,15,1.5058891773223877
cnf/sudoku/1000-sudokus.txt/535.txt,DLIS,2,1,12013,729,25,4,4,1.470557689666748
cnf/sudoku/1000-sudokus.txt/710.txt,DLIS,0,0,12014,729,26,1,1,1.462477684020996
cnf/sudoku/1000-sudokus.txt/927.txt,DLIS,63,62,12015,729,27,126,126,1.9980835914611816
cnf/sudoku/1000-sudokus.txt/185.txt,DLIS,52,50,12012,729,24,103,103,1.8749706745147705
cnf/sudoku/1000-sudokus.txt/587.txt,DLIS,6,5,12013,729,25,12,12,1.4516847133636475
cnf/sudoku/1000-sudokus.txt/811.txt,DLIS,16,14,12014,729,26,31,31,1.7135295867919922
cnf/sudoku/1000-sudokus.txt/911.txt,DLIS,22,21,12014,729,26,44,44,1.5436952114105225
cnf/sudoku/1000-sudokus.txt/211.txt,DLIS,13,11,12012,729,24,25,25,1.667231798171997
cnf/sudoku/1000-sudokus.txt/792.txt,DLIS,0,0,12014,729,26,1,1,1.425283432006836
cnf/sudoku/1000-sudokus.txt/166.txt,DLIS,5,4,12012,729,24,10,10,1.461273431777954
cnf/sudoku/1000-sudokus.txt/187.txt,DLIS,18,17,12012,729,24,36,36,1.4637775421142578
cnf/sudoku/1000-sudokus.txt/713.txt,DLIS,24,22,12014,729,26,47,47,1.6380963325500488
cnf/sudoku/1000-sudokus.txt/848.txt,DLIS,0,0,12014,729,26,1,1,1.4092893600463867
cnf/sudoku/1000-sudokus.txt/74.txt,DLIS,0,0,12011,729,23,1,1,1.440361738204956
cnf/sudoku/1000-sudokus.txt/513.txt,DLIS,134,132,12013,729,25,267,267,2.9671871662139893
cnf/sudoku/1000-sudokus.txt/570.txt,DLIS,83,82,12013,729,25,166,166,2.123410701751709
cnf/sudoku/1000-sudokus.txt/905.txt,DLIS,143,141,12014,729,26,285,285,2.9037749767303467
cnf/sudoku/1000-sudokus.txt/462.txt,DLIS,32,31,12013,729,25,64,64,1.7151145935058594
cnf/sudoku/1000-sudokus.txt/838.txt,DLIS,0,0,12014,729,26,1,1,1.4640133380889893
cnf/sudoku/1000-sudokus.txt/725.txt,DLIS,179,178,12014,729,26,358,358,3.0065462589263916
cnf/sudoku/1000-sudokus.txt/543.txt,DLIS,76,75,12013,729,25,152,152,1.9365675449371338
cnf/sudoku/1000-sudokus.txt/720.txt,DLIS,12,11,12014,729,26,24,24,1.6397819519042969
cnf/sudoku/1000-sudokus.txt/529.txt,DLIS,2,1,12013,729,25,4,4,1.4732868671417236
cnf/sudoku/1000-sudokus.txt/676.txt,DLIS,100,99,12013,729,25,200,200,2.688154697418213
cnf/sudoku/1000-sudokus.txt/920.txt,DLIS,11,9,12015,729,27,21,21,1.5062270164489746
cnf/sudoku/1000-sudokus.txt/589.txt,DLIS,10,8,12013,729,25,19,19,1.530731201171875
cnf/sudoku/1000-sudokus.txt/216.txt,DLIS,57,56,12012,729,24,114,114,1.7512390613555908
cnf/sudoku/1000-sudokus.txt/158.txt,DLIS,5,4,12012,729,24,10,10,1.6535193920135498
cnf/sudoku/1000-sudokus.txt/859.txt,DLIS,49,48,12014,729,26,98,98,1.941899299621582
cnf/sudoku/1000-sudokus.txt/636.txt,DLIS,37,36,12013,729,25,74,74,1.6938602924346924
cnf/sudoku/1000-sudokus.txt/700.txt,DLIS,3,2,12013,729,25,6,6,1.6169297695159912
cnf/sudoku/1000-sudokus.txt/857.txt,DLIS,38,35,12014,729,26,74,74,2.021160125732422
cnf/sudoku/1000-sudokus.txt/443.txt,DLIS,3,2,12013,729,25,6,6,1.7033710479736328
cnf/sudoku/1000-sudokus.txt/242.txt,DLIS,31,30,12012,729,24,62,62,1.8918206691741943
cnf/sudoku/1000-sudokus.txt/671.txt,DLIS,7,6,12013,729,25,14,14,1.475233554840088
cnf/sudoku/1000-sudokus.txt/744.txt,DLIS,19,18,12014,729,26,38,38,1.6820204257965088
cnf/sudoku/1000-sudokus.txt/110.txt,DLIS,16,15,12011,729,23,32,32,1.491610050201416
cnf/sudoku/1000-sudokus.txt/495.txt,DLIS,69,68,12013,729,25,138,138,1.9654061794281006
cnf/sudoku/1000-sudokus.txt/988.txt,DLIS,7,6,12015,729,27,14,14,1.6306538581848145
cnf/sudoku/1000-sudokus.txt/272.txt,DLIS,2,1,12012,729,24,4,4,1.442232608795166
cnf/sudoku/1000-sudokus.txt/685.txt,DLIS,39,38,12013,729,25,78,78,1.8683996200561523
cnf/sudoku/1000-sudokus.txt/466.txt,DLIS,151,150,12013,729,25,302,302,2.8141157627105713
cnf/sudoku/1000-sudokus.txt/285.txt,DLIS,0,0,12012,729,24,1,1,1.5236852169036865
cnf/sudoku/1000-sudokus.txt/915.txt,DLIS,95,94,12014,729,26,190,190,2.150827407836914
cnf/sudoku/1000-sudokus.txt/218.txt,DLIS,0,0,12012,729,24,1,1,1.4046072959899902
cnf/sudoku/1000-sudokus.txt/345.txt,DLIS,0,0,12012,729,24,1,1,1.465895175933838
cnf/sudoku/1000-sudokus.txt/722.txt,DLIS,138,137,12014,729,26,276,276,2.794665813446045
cnf/sudoku/1000-sudokus.txt/451.txt,DLIS,361,360,12013,729,25,722,722,5.273011207580566
cnf/sudoku/1000-sudokus.txt/856.txt,DLIS,7,6,12014,729,26,14,14,1.8704521656036377
cnf/sudoku/1000-sudokus.txt/463.txt,DLIS,242,240,12013,729,25,483,483,3.3743813037872314
cnf/sudoku/1000-sudokus.txt/84.txt,DLIS,0,0,12011,729,23,1,1,1.5115091800689697
cnf/sudoku/1000-sudokus.txt/68.txt,DLIS,0,0,12011,729,23,1,1,1.5036015510559082
cnf/sudoku/1000-sudokus.txt/20.txt,DLIS,0,0,12010,729,22,1,1,1.3828444480895996
cnf/sudoku/1000-sudokus.txt/864.txt,DLIS,89,88,12014,729,26,178,178,2.2062933444976807
cnf/sudoku/1000-sudokus.txt/229.txt,DLIS,35,33,12012,729,24,69,69,1.8454275131225586
cnf/sudoku/1000-sudokus.txt/207.txt,DLIS,195,193,12012,729,24,389,389,4.102635622024536
cnf/sudoku/1000-sudokus.txt/299.txt,DLIS,3,2,12012,729,24,6,6,1.5816161632537842
cnf/sudoku/1000-sudokus.txt/977.txt,DLIS,1,0,12015,729,27,2,2,1.5635082721710205
cnf/sudoku/1000-sudokus.txt/577.txt,DLIS,139,137,12013,729,25,277,277,2.80314564704895
cnf/sudoku/1000-sudokus.txt/344.txt,DLIS,1,0,12012,729,24,2,2,1.4996471405029297
cnf/sudoku/1000-sudokus.txt/143.txt,DLIS,7,5,12012,729,24,13,13,1.5374329090118408
cnf/sudoku/1000-sudokus.txt/261.txt,DLIS,119,118,12012,729,24,238,238,3.184568166732788
cnf/sudoku/1000-sudokus.txt/469.txt,DLIS,7,6,12013,729,25,14,14,1.7557790279388428
cnf/sudoku/1000-sudokus.txt/392.txt,DLIS,464,463,12012,729,24,928,928,6.872844457626343
cnf/sudoku/1000-sudokus.txt/468.txt,DLIS,0,0,12013,729,25,1,1,1.4979138374328613
cnf/sudoku/1000-sudokus.txt/634.txt,DLIS,18,17,12013,729,25,36,36,1.6894235610961914
cnf/sudoku/1000-sudokus.txt/562.txt,DLIS,283,282,12013,729,25,566,566,5.289508581161499
cnf/sudoku/1000-sudokus.txt/521.txt,DLIS,3,2,12013,729,25,6,6,1.5761899948120117
cnf/sudoku/1000-sudokus.txt/631.txt,DLIS,14,12,12013,729,25,27,27,1.7569692134857178
cnf/sudoku/1000-sudokus.txt/976.txt,DLIS,67,66,12015,729,27,134,134,2.0262539386749268
cnf/sudoku/1000-sudokus.txt/497.txt,DLIS,0,0,12013,729,25,1,1,1.5455574989318848
cnf/sudoku/1000-sudokus.txt/662.txt,DLIS,295,293,12013,729,25,589,589,4.518299579620361
cnf/sudoku/1000-sudokus.txt/485.txt,DLIS,6,5,12013,729,25,12,12,1.7086396217346191
cnf/sudoku/1000-sudokus.txt/572.txt,DLIS,12,10,12013,729,25,23,23,1.6439974308013916
cnf/sudoku/1000-sudokus.txt/199.txt,DLIS,305,303,12012,729,24,609,609,5.476175308227539
cnf/sudoku/1000-sudokus.txt/198.txt,DLIS,239,237,12012,729,24,477,477,3.4268550872802734
cnf/sudoku/1000-sudokus.txt/170.txt,DLIS,0,0,12012,729,24,1,1,1.5424551963806152
cnf/sudoku/1000-sudokus.txt/118.txt,DLIS,3,2,12011,729,23,6,6,1.5972521305084229
cnf/sudoku/1000-sudokus.txt/815.txt,DLIS,0,0,12014,729,26,1,1,1.4334092140197754
cnf/sudoku/1000-sudokus.txt/971.txt,DLIS,2,1,12015,729,27,4,4,1.5303065776824951
cnf/sudoku/1000-sudokus.txt/684.txt,DLIS,8,7,12013,729,25,16,16,1.5063118934631348
cnf/sudoku/1000-sudokus.txt/601.txt,DLIS,6,5,12013,729,25,12,12,1.4245734214782715
cnf/sudoku/1000-sudokus.txt/301.txt,DLIS,177,176,12012,729,24,354,354,3.485135555267334
cnf/sudoku/1000-sudokus.txt/397.txt,DLIS,0,0,12012,729,24,1,1,1.5846147537231445
cnf/sudoku/1000-sudokus.txt/255.txt,DLIS,5,3,12012,729,24,9,9,1.5394103527069092
cnf/sudoku/1000-sudokus.txt/169.txt,DLIS,0,0,12012,729,24,1,1,1.4608540534973145
cnf/sudoku/1000-sudokus.txt/413.txt,DLIS,17,15,12013,729,25,33,33,1.616898536682129
cnf/sudoku/1000-sudokus.txt/740.txt,DLIS,48,47,12014,729,26,96,96,1.894463062286377
cnf/sudoku/1000-sudokus.txt/840.txt,DLIS,11,10,12014,729,26,22,22,1.4746661186218262
cnf/sudoku/1000-sudokus.txt/551.txt,DLIS,26,24,12013,729,25,51,51,1.5704445838928223
cnf/sudoku/1000-sudokus.txt/582.txt,DLIS,5,4,12013,729,25,10,10,1.533689260482788
cnf/sudoku/1000-sudokus.txt/881.txt,DLIS,131,129,12014,729,26,261,261,2.6632261276245117
cnf/sudoku/1000-sudokus.txt/209.txt,DLIS,13,11,12012,729,24,25,25,1.4288418292999268
cnf/sudoku/1000-sudokus.txt/159.txt,DLIS,0,0,12012,729,24,1,1,1.473008155822754
cnf/sudoku/1000-sudokus.txt/990.txt,DLIS,0,0,12015,729,27,1,1,1.5140345096588135
cnf/sudoku/1000-sudokus.txt/573.txt,DLIS,4,3,12013,729,25,8,8,1.5838062763214111
cnf/sudoku/1000-sudokus.txt/886.txt,DLIS,1,0,12014,729,26,2,2,1.4073216915130615
cnf/sudoku/1000-sudokus.txt/819.txt,DLIS,20,19,12014,729,26,40,40,1.8815836906433105
cnf/sudoku/1000-sudokus.txt/730.txt,DLIS,258,257,12014,729,26,516,516,4.414669990539551
cnf/sudoku/1000-sudokus.txt/550.txt,DLIS,42,41,12013,729,25,84,84,2.320671796798706
cnf/sudoku/1000-sudokus.txt/833.txt,DLIS,6,5,12014,729,26,12,12,1.960512399673462
cnf/sudoku/1000-sudokus.txt/508.txt,DLIS,0,0,12013,729,25,1,1,1.555346965789795
cnf/sudoku/1000-sudokus.txt/793.txt,DLIS,11,9,12014,729,26,21,21,1.5094666481018066
cnf/sudoku/1000-sudokus.txt/622.txt,DLIS,0,0,12013,729,25,1,1,1.505803108215332
cnf/sudoku/1000-sudokus.txt/514.txt,DLIS,70,69,12013,729,25,140,140,2.0027599334716797
cnf/sudoku/1000-sudokus.txt/32.txt,DLIS,13,12,12011,729,23,26,26,1.5211098194122314
cnf/sudoku/1000-sudokus.txt/778.txt,DLIS,22,21,12014,729,26,44,44,1.6436855792999268
cnf/sudoku/1000-sudokus.txt/195.txt,DLIS,0,0,12012,729,24,1,1,1.4424498081207275
cnf/sudoku/1000-sudokus.txt/400.txt,DLIS,0,0,12012,729,24,1,1,1.5005159378051758
cnf/sudoku/1000-sudokus.txt/208.txt,DLIS,5,4,12012,729,24,10,10,1.5600872039794922
cnf/sudoku/1000-sudokus.txt/851.txt,DLIS,5,4,12014,729,26,10,10,1.5361065864562988
cnf/sudoku/1000-sudokus.txt/816.txt,DLIS,0,0,12014,729,26,1,1,1.4798238277435303
cnf/sudoku/1000-sudokus.txt/154.txt,DLIS,3,2,12012,729,24,6,6,1.4660155773162842
cnf/sudoku/1000-sudokus.txt/244.txt,DLIS,101,99,12012,729,24,201,201,2.8248164653778076
cnf/sudoku/1000-sudokus.txt/546.txt,DLIS,5,4,12013,729,25,10,10,1.9144058227539062
cnf/sudoku/1000-sudokus.txt/30.txt,DLIS,10,9,12011,729,23,20,20,1.6143121719360352
cnf/sudoku/1000-sudokus.txt/978.txt,DLIS,453,451,12015,729,27,905,905,7.071289539337158
cnf/sudoku/1000-sudokus.txt/734.txt,DLIS,104,102,12014,729,26,207,207,3.0432426929473877
cnf/sudoku/1000-sudokus.txt/141.txt,DLIS,359,357,12012,729,24,717,717,5.669660329818726
cnf/sudoku/1000-sudokus.txt/701.txt,DLIS,114,111,12013,729,25,226,226,3.162447929382324
cnf/sudoku/1000-sudokus.txt/483.txt,DLIS,13,12,12013,729,25,26,26,1.7959446907043457
cnf/sudoku/1000-sudokus.txt/320.txt,DLIS,84,82,12012,729,24,167,167,2.173769235610962
cnf/sudoku/1000-sudokus.txt/172.txt,DLIS,11,10,12012,729,24,22,22,1.9228646755218506
cnf/sudoku/1000-sudokus.txt/183.txt,DLIS,0,0,12012,729,24,1,1,1.6345469951629639
cnf/sudoku/1000-sudokus.txt/127.txt,DLIS,110,108,12011,729,23,219,219,2.554497718811035
cnf/sudoku/1000-sudokus.txt/758.txt,DLIS,195,193,12014,729,26,389,389,3.258406400680542
cnf/sudoku/1000-sudokus.txt/566.txt,DLIS,10,9,12013,729,25,20,20,1.6151254177093506
cnf/sudoku/1000-sudokus.txt/24.txt,DLIS,13,12,12011,729,23,26,26,1.6645965576171875
cnf/sudoku/1000-sudokus.txt/965.txt,DLIS,435,432,12015,729,27,868,868,6.01569938659668
cnf/sudoku/1000-sudokus.txt/586.txt,DLIS,26,25,12013,729,25,52,52,1.6418006420135498
cnf/sudoku/1000-sudokus.txt/412.txt,DLIS,3,2,12013,729,25,6,6,1.5138676166534424
cnf/sudoku/1000-sudokus.txt/256.txt,DLIS,0,0,12012,729,24,1,1,1.4595592021942139
cnf/sudoku/1000-sudokus.txt/191.txt,DLIS,10,8,12012,729,24,19,19,1.6461405754089355
cnf/sudoku/1000-sudokus.txt/749.txt,DLIS,111,110,12014,729,26,222,222,3.125779390335083
cnf/sudoku/1000-sudokus.txt/179.txt,DLIS,0,0,12012,729,24,1,1,1.4294626712799072
cnf/sudoku/1000-sudokus.txt/490.txt,DLIS,84,82,12013,729,25,167,167,2.024838924407959
cnf/sudoku/1000-sudokus.txt/280.txt,DLIS,88,87,12012,729,24,176,176,2.5845723152160645
cnf/sudoku/1000-sudokus.txt/863.txt,DLIS,8,7,12014,729,26,16,16,1.5419247150421143
cnf/sudoku/1000-sudokus.txt/359.txt,DLIS,0,0,12012,729,24,1,1,1.427849292755127
cnf/sudoku/1000-sudokus.txt/777.txt,DLIS,63,62,12014,729,26,126,126,2.301776647567749
cnf/sudoku/1000-sudokus.txt/766.txt,DLIS,7,6,12014,729,26,14,14,1.4955596923828125
cnf/sudoku/1000-sudokus.txt/317.txt,DLIS,0,0,12012,729,24,1,1,1.3723499774932861
cnf/sudoku/1000-sudokus.txt/515.txt,DLIS,0,0,12013,729,25,1,1,1.5142359733581543
cnf/sudoku/1000-sudokus.txt/699.txt,DLIS,10,9,12013,729,25,20,20,1.5086603164672852
cnf/sudoku/1000-sudokus.txt/39.txt,DLIS,3,2,12011,729,23,6,6,1.4322738647460938
cnf/sudoku/1000-sudokus.txt/383.txt,DLIS,0,0,12012,729,24,1,1,1.5581340789794922
cnf/sudoku/1000-sudokus.txt/525.txt,DLIS,4,3,12013,729,25,8,8,1.5367186069488525
cnf/sudoku/1000-sudokus.txt/440.txt,DLIS,1,0,12013,729,25,2,2,1.5290656089782715
cnf/sudoku/1000-sudokus.txt/996.txt,DLIS,14,12,12016,729,28,27,27,1.6094579696655273
cnf/sudoku/1000-sudokus.txt/952.txt,DLIS,68,66,12015,729,27,135,135,1.9479691982269287
cnf/sudoku/1000-sudokus.txt/532.txt,DLIS,49,48,12013,729,25,98,98,2.2279913425445557
cnf/sudoku/1000-sudokus.txt/354.txt,DLIS,17,16,12012,729,24,34,34,1.853480577468872
cnf/sudoku/1000-sudokus.txt/982.txt,DLIS,68,67,12015,729,27,136,136,1.8335113525390625
cnf/sudoku/1000-sudokus.txt/784.txt,DLIS,44,43,12014,729,26,88,88,1.896770715713501
cnf/sudoku/1000-sudokus.txt/432.txt,DLIS,141,140,12013,729,25,282,282,2.491821050643921
cnf/sudoku/1000-sudokus.txt/100.txt,DLIS,0,0,12011,729,23,1,1,1.5640358924865723
cnf/sudoku/1000-sudokus.txt/834.txt,DLIS,0,0,12014,729,26,1,1,1.6220834255218506
cnf/sudoku/1000-sudokus.txt/795.txt,DLIS,13,11,12014,729,26,25,25,1.8018078804016113
cnf/sudoku/1000-sudokus.txt/923.txt,DLIS,306,303,12015,729,27,610,610,5.837588548660278
cnf/sudoku/1000-sudokus.txt/667.txt,DLIS,2,1,12013,729,25,4,4,1.5512933731079102
cnf/sudoku/1000-sudokus.txt/93.txt,DLIS,0,0,12011,729,23,1,1,1.4226760864257812
cnf/sudoku/1000-sudokus.txt/157.txt,DLIS,3,2,12012,729,24,6,6,1.6292297840118408
cnf/sudoku/1000-sudokus.txt/151.txt,DLIS,66,65,12012,729,24,132,132,2.0706448554992676
cnf/sudoku/1000-sudokus.txt/342.txt,DLIS,0,0,12012,729,24,1,1,1.535186529159546
cnf/sudoku/1000-sudokus.txt/28.txt,DLIS,0,0,12011,729,23,1,1,1.5826728343963623
cnf/sudoku/1000-sudokus.txt/780.txt,DLIS,85,83,12014,729,26,169,169,2.71933913230896
cnf/sudoku/1000-sudokus.txt/736.txt,DLIS,6,5,12014,729,26,12,12,1.742021083831787
cnf/sudoku/1000-sudokus.txt/938.txt,DLIS,39,38,12015,729,27,78,78,1.7736232280731201
cnf/sudoku/1000-sudokus.txt/632.txt,DLIS,8,7,12013,729,25,16,16,1.5253405570983887
cnf/sudoku/1000-sudokus.txt/99.txt,DLIS,0,0,12011,729,23,1,1,1.503122091293335
cnf/sudoku/1000-sudokus.txt/981.txt,DLIS,186,184,12015,729,27,371,371,3.504523992538452
cnf/sudoku/1000-sudokus.txt/963.txt,DLIS,55,53,12015,729,27,109,109,2.02409029006958
cnf/sudoku/1000-sudokus.txt/768.txt,DLIS,0,0,12014,729,26,1,1,1.5760114192962646
cnf/sudoku/1000-sudokus.txt/934.txt,DLIS,272,271,12015,729,27,544,544,4.108980178833008
cnf/sudoku/1000-sudokus.txt/33.txt,DLIS,0,0,12011,729,23,1,1,1.540079116821289
cnf/sudoku/1000-sudokus.txt/849.txt,DLIS,63,62,12014,729,26,126,126,2.463392496109009
cnf/sudoku/1000-sudokus.txt/352.txt,DLIS,0,0,12012,729,24,1,1,1.4983470439910889
cnf/sudoku/1000-sudokus.txt/162.txt,DLIS,0,0,12012,729,24,1,1,1.5035953521728516
cnf/sudoku/1000-sudokus.txt/595.txt,DLIS,57,56,12013,729,25,114,114,1.8303914070129395
cnf/sudoku/1000-sudokus.txt/87.txt,DLIS,0,0,12011,729,23,1,1,1.3787117004394531
cnf/sudoku/1000-sudokus.txt/136.txt,DLIS,11,10,12011,729,23,22,22,1.5866050720214844
cnf/sudoku/1000-sudokus.txt/108.txt,DLIS,1594,1591,12011,729,23,3186,3186,20.401344537734985
cnf/sudoku/1000-sudokus.txt/818.txt,DLIS,210,208,12014,729,26,419,419,3.434032917022705
cnf/sudoku/1000-sudokus.txt/735.txt,DLIS,12,11,12014,729,26,24,24,1.6044502258300781
cnf/sudoku/1000-sudokus.txt/480.txt,DLIS,6,4,12013,729,25,11,11,1.615628957748413
cnf/sudoku/1000-sudokus.txt/391.txt,DLIS,15,14,12012,729,24,30,30,1.796112060546875
cnf/sudoku/1000-sudokus.txt/423.txt,DLIS,239,237,12013,729,25,477,477,4.119076728820801
cnf/sudoku/1000-sudokus.txt/336.txt,DLIS,3,2,12012,729,24,6,6,1.5503528118133545
cnf/sudoku/1000-sudokus.txt/332.txt,DLIS,663,661,12012,729,24,1325,1325,9.936643123626709
cnf/sudoku/1000-sudokus.txt/541.txt,DLIS,6,5,12013,729,25,12,12,1.4621949195861816
cnf/sudoku/1000-sudokus.txt/866.txt,DLIS,12,10,12014,729,26,23,23,1.4732005596160889
cnf/sudoku/1000-sudokus.txt/214.txt,DLIS,86,85,12012,729,24,172,172,1.8065845966339111
cnf/sudoku/1000-sudokus.txt/319.txt,DLIS,84,83,12012,729,24,168,168,1.986541986465454
cnf/sudoku/1000-sudokus.txt/957.txt,DLIS,13,12,12015,729,27,26,26,1.5107226371765137
cnf/sudoku/1000-sudokus.txt/417.txt,DLIS,4,3,12013,729,25,8,8,1.527191400527954
cnf/sudoku/1000-sudokus.txt/292.txt,DLIS,110,108,12012,729,24,219,219,2.3660922050476074
cnf/sudoku/1000-sudokus.txt/94.txt,DLIS,0,0,12011,729,23,1,1,1.4553332328796387
cnf/sudoku/1000-sudokus.txt/756.txt,DLIS,7,6,12014,729,26,14,14,1.5308456420898438
cnf/sudoku/1000-sudokus.txt/379.txt,DLIS,0,0,12012,729,24,1,1,1.401982307434082
cnf/sudoku/1000-sudokus.txt/637.txt,DLIS,2,0,12013,729,25,3,3,1.4110229015350342
cnf/sudoku/1000-sudokus.txt/174.txt,DLIS,39,38,12012,729,24,78,78,1.8680427074432373
cnf/sudoku/1000-sudokus.txt/424.txt,DLIS,28,26,12013,729,25,55,55,1.671410083770752
cnf/sudoku/1000-sudokus.txt/346.txt,DLIS,10,8,12012,729,24,19,19,1.596374273300171
cnf/sudoku/1000-sudokus.txt/908.txt,DLIS,3,2,12014,729,26,6,6,1.5963506698608398
cnf/sudoku/1000-sudokus.txt/453.txt,DLIS,12,10,12013,729,25,23,23,1.5279788970947266
cnf/sudoku/1000-sudokus.txt/114.txt,DLIS,10,9,12011,729,23,20,20,1.6498525142669678
cnf/sudoku/1000-sudokus.txt/906.txt,DLIS,8,7,12014,729,26,16,16,1.617976427078247
cnf/sudoku/1000-sudokus.txt/147.txt,DLIS,5,3,12012,729,24,9,9,1.5070476531982422
cnf/sudoku/1000-sudokus.txt/876.txt,DLIS,6,5,12014,729,26,12,12,1.6378281116485596
cnf/sudoku/1000-sudokus.txt/27.txt,DLIS,1845,1843,12011,729,23,3689,3689,22.682902574539185
cnf/sudoku/1000-sudokus.txt/325.txt,DLIS,257,256,12012,729,24,514,514,4.818427801132202
cnf/sudoku/1000-sudokus.txt/182.txt,DLIS,0,0,12012,729,24,1,1,1.4479761123657227
cnf/sudoku/1000-sudokus.txt/77.txt,DLIS,0,0,12011,729,23,1,1,1.5494964122772217
cnf/sudoku/1000-sudokus.txt/782.txt,DLIS,7,6,12014,729,26,14,14,1.7175955772399902
cnf/sudoku/1000-sudokus.txt/21.txt,DLIS,9,7,12011,729,23,17,17,1.4585535526275635
cnf/sudoku/1000-sudokus.txt/933.txt,DLIS,155,154,12015,729,27,310,310,3.4439573287963867
cnf/sudoku/1000-sudokus.txt/743.txt,DLIS,13,11,12014,729,26,25,25,1.9338879585266113
cnf/sudoku/1000-sudokus.txt/430.txt,DLIS,18,17,12013,729,25,36,36,1.7304573059082031
cnf/sudoku/1000-sudokus.txt/482.txt,DLIS,1413,1412,12013,729,25,2826,2826,18.719525575637817
cnf/sudoku/1000-sudokus.txt/608.txt,DLIS,10,9,12013,729,25,20,20,1.541182279586792
cnf/sudoku/1000-sudokus.txt/836.txt,DLIS,0,0,12014,729,26,1,1,1.4353148937225342
cnf/sudoku/1000-sudokus.txt/655.txt,DLIS,603,601,12013,729,25,1205,1205,7.592773675918579
cnf/sudoku/1000-sudokus.txt/781.txt,DLIS,1,0,12014,729,26,2,2,1.5893278121948242
cnf/sudoku/1000-sudokus.txt/844.txt,DLIS,357,355,12014,729,26,713,713,4.787317276000977
cnf/sudoku/1000-sudokus.txt/60.txt,DLIS,7,5,12011,729,23,13,13,1.543982744216919
cnf/sudoku/1000-sudokus.txt/406.txt,DLIS,0,0,12013,729,25,1,1,1.4846127033233643
cnf/sudoku/1000-sudokus.txt/474.txt,DLIS,3,2,12013,729,25,6,6,1.4636566638946533
cnf/sudoku/1000-sudokus.txt/936.txt,DLIS,11,10,12015,729,27,22,22,1.563690185546875
cnf/sudoku/1000-sudokus.txt/929.txt,DLIS,8,8,12015,729,27,17,17,1.4900076389312744
cnf/sudoku/1000-sudokus.txt/73.txt,DLIS,777,775,12011,729,23,1553,1553,7.273479461669922
cnf/sudoku/1000-sudokus.txt/931.txt,DLIS,5,3,12015,729,27,9,9,1.541865587234497
cnf/sudoku/1000-sudokus.txt/429.txt,DLIS,6,5,12013,729,25,12,12,1.4311294555664062
cnf/sudoku/1000-sudokus.txt/109.txt,DLIS,0,0,12011,729,23,1,1,1.3620109558105469
cnf/sudoku/1000-sudokus.txt/659.txt,DLIS,13,12,12013,729,25,26,26,1.552448034286499
cnf/sudoku/1000-sudokus.txt/427.txt,DLIS,0,0,12013,729,25,1,1,1.4762239456176758
cnf/sudoku/1000-sudokus.txt/49.txt,DLIS,67,66,12011,729,23,134,134,2.064033031463623
cnf/sudoku/1000-sudokus.txt/361.txt,DLIS,55,52,12012,729,24,108,108,2.022865056991577
cnf/sudoku/1000-sudokus.txt/421.txt,DLIS,88,87,12013,729,25,176,176,2.4403817653656006
cnf/sudoku/1000-sudokus.txt/729.txt,DLIS,5,4,12014,729,26,10,10,1.5715222358703613
cnf/sudoku/1000-sudokus.txt/746.txt,DLIS,8,6,12014,729,26,15,15,1.5156795978546143
cnf/sudoku/1000-sudokus.txt/689.txt,DLIS,489,487,12013,729,25,977,977,6.384957551956177
cnf/sudoku/1000-sudokus.txt/428.txt,DLIS,11,10,12013,729,25,22,22,1.477487325668335
cnf/sudoku/1000-sudokus.txt/145.txt,DLIS,57,56,12012,729,24,114,114,2.157116651535034
cnf/sudoku/1000-sudokus.txt/672.txt,DLIS,5,4,12013,729,25,10,10,1.4477686882019043
cnf/sudoku/1000-sudokus.txt/803.txt,DLIS,50,48,12014,729,26,99,99,1.7788715362548828
cnf/sudoku/1000-sudokus.txt/36.txt,DLIS,6,5,12011,729,23,12,12,1.467416763305664
cnf/sudoku/1000-sudokus.txt/394.txt,DLIS,35,34,12012,729,24,70,70,1.5953044891357422
cnf/sudoku/1000-sudokus.txt/603.txt,DLIS,2,1,12013,729,25,4,4,1.4005746841430664
cnf/sudoku/1000-sudokus.txt/419.txt,DLIS,27,26,12013,729,25,54,54,1.6386704444885254
cnf/sudoku/1000-sudokus.txt/1000.txt,DLIS,26,25,12016,729,28,52,52,1.6959044933319092
cnf/sudoku/1000-sudokus.txt/951.txt,DLIS,4,3,12015,729,27,8,8,1.5530567169189453
cnf/sudoku/1000-sudokus.txt/594.txt,DLIS,20,19,12013,729,25,40,40,1.598419189453125
cnf/sudoku/1000-sudokus.txt/76.txt,DLIS,0,0,12011,729,23,1,1,1.4571959972381592
cnf/sudoku/1000-sudokus.txt/754.txt,DLIS,0,0,12014,729,26,1,1,1.4215755462646484
cnf/sudoku/1000-sudokus.txt/15.txt,DLIS,72,70,12010,729,22,143,143,1.9003608226776123
cnf/sudoku/1000-sudokus.txt/695.txt,DLIS,124,123,12013,729,25,248,248,2.6569392681121826
cnf/sudoku/1000-sudokus.txt/960.txt,DLIS,103,100,12015,729,27,204,204,2.2532761096954346
cnf/sudoku/1000-sudokus.txt/674.txt,DLIS,6,5,12013,729,25,12,12,1.4884672164916992
cnf/sudoku/1000-sudokus.txt/855.txt,DLIS,102,101,12014,729,26,204,204,2.2327895164489746
cnf/sudoku/1000-sudokus.txt/822.txt,DLIS,10,9,12014,729,26,20,20,1.5447957515716553
cnf/sudoku/1000-sudokus.txt/555.txt,DLIS,323,321,12013,729,25,645,645,4.508934497833252
cnf/sudoku/1000-sudokus.txt/776.txt,DLIS,121,119,12014,729,26,241,241,3.245192766189575
cnf/sudoku/1000-sudokus.txt/797.txt,DLIS,9,8,12014,729,26,18,18,1.6865689754486084
cnf/sudoku/1000-sudokus.txt/574.txt,DLIS,10,9,12013,729,25,20,20,1.4682152271270752
cnf/sudoku/1000-sudokus.txt/326.txt,DLIS,9,8,12012,729,24,18,18,1.5280616283416748
cnf/sudoku/1000-sudokus.txt/606.txt,DLIS,363,360,12013,729,25,724,724,4.684441804885864
cnf/sudoku/1000-sudokus.txt/560.txt,DLIS,0,0,12013,729,25,1,1,1.525881290435791
cnf/sudoku/1000-sudokus.txt/409.txt,DLIS,272,270,12013,729,25,543,543,3.588021755218506
cnf/sudoku/1000-sudokus.txt/123.txt,DLIS,10,9,12011,729,23,20,20,1.4727249145507812
cnf/sudoku/1000-sudokus.txt/315.txt,DLIS,129,128,12012,729,24,258,258,2.3048925399780273
cnf/sudoku/1000-sudokus.txt/801.txt,DLIS,17,15,12014,729,26,33,33,1.6929450035095215
cnf/sudoku/1000-sudokus.txt/994.txt,DLIS,137,136,12015,729,27,274,274,2.9692020416259766
cnf/sudoku/1000-sudokus.txt/752.txt,DLIS,5,4,12014,729,26,10,10,1.459885597229004
cnf/sudoku/1000-sudokus.txt/95.txt,DLIS,5,3,12011,729,23,9,9,1.412856101989746
cnf/sudoku/1000-sudokus.txt/694.txt,DLIS,9,7,12013,729,25,17,17,1.5501518249511719
cnf/sudoku/1000-sudokus.txt/903.txt,DLIS,412,411,12014,729,26,824,824,4.754232883453369
cnf/sudoku/1000-sudokus.txt/652.txt,DLIS,111,109,12013,729,25,221,221,2.440819263458252
cnf/sudoku/1000-sudokus.txt/438.txt,DLIS,0,0,12013,729,25,1,1,1.5087954998016357
cnf/sudoku/1000-sudokus.txt/658.txt,DLIS,183,182,12013,729,25,366,366,3.476832628250122
cnf/sudoku/1000-sudokus.txt/858.txt,DLIS,53,52,12014,729,26,106,106,2.063279151916504
cnf/sudoku/1000-sudokus.txt/81.txt,DLIS,152,151,12011,729,23,304,304,3.1393821239471436
cnf/sudoku/1000-sudokus.txt/348.txt,DLIS,0,0,12012,729,24,1,1,1.5350744724273682
cnf/sudoku/1000-sudokus.txt/861.txt,DLIS,3,2,12014,729,26,6,6,1.5655512809753418
cnf/sudoku/1000-sudokus.txt/516.txt,DLIS,8,7,12013,729,25,16,16,1.6237750053405762
cnf/sudoku/1000-sudokus.txt/372.txt,DLIS,4,3,12012,729,24,8,8,1.4643054008483887
cnf/sudoku/1000-sudokus.txt/126.txt,DLIS,0,0,12011,729,23,1,1,1.5317943096160889
cnf/sudoku/1000-sudokus.txt/250.txt,DLIS,10,9,12012,729,24,20,20,1.6212844848632812
cnf/sudoku/1000-sudokus.txt/279.txt,DLIS,15,14,12012,729,24,30,30,1.7135217189788818
cnf/sudoku/1000-sudokus.txt/266.txt,DLIS,84,83,12012,729,24,168,168,2.699326753616333
cnf/sudoku/1000-sudokus.txt/389.txt,DLIS,126,125,12012,729,24,252,252,2.6052937507629395
cnf/sudoku/1000-sudokus.txt/331.txt,DLIS,0,0,12012,729,24,1,1,1.4961707592010498
cnf/sudoku/1000-sudokus.txt/620.txt,DLIS,0,0,12013,729,25,1,1,1.4063899517059326
cnf/sudoku/1000-sudokus.txt/418.txt,DLIS,54,52,12013,729,25,107,107,1.803117275238037
cnf/sudoku/1000-sudokus.txt/893.txt,DLIS,38,37,12014,729,26,76,76,1.9064016342163086
cnf/sudoku/1000-sudokus.txt/959.txt,DLIS,5,4,12015,729,27,10,10,1.5350914001464844
cnf/sudoku/1000-sudokus.txt/825.txt,DLIS,26,25,12014,729,26,52,52,1.7138290405273438
cnf/sudoku/1000-sudokus.txt/921.txt,DLIS,86,85,12015,729,27,172,172,2.701113700866699
cnf/sudoku/1000-sudokus.txt/941.txt,DLIS,188,187,12015,729,27,376,376,3.7161214351654053
cnf/sudoku/1000-sudokus.txt/333.txt,DLIS,0,0,12012,729,24,1,1,1.7654342651367188
cnf/sudoku/1000-sudokus.txt/794.txt,DLIS,0,0,12014,729,26,1,1,1.6204988956451416
cnf/sudoku/1000-sudokus.txt/426.txt,DLIS,57,55,12013,729,25,113,113,2.046380043029785
cnf/sudoku/1000-sudokus.txt/470.txt,DLIS,13,12,12013,729,25,26,26,1.76298189163208
cnf/sudoku/1000-sudokus.txt/399.txt,DLIS,359,357,12012,729,24,717,717,5.754181385040283
cnf/sudoku/1000-sudokus.txt/955.txt,DLIS,170,169,12015,729,27,340,340,3.5746986865997314
cnf/sudoku/1000-sudokus.txt/646.txt,DLIS,8,7,12013,729,25,16,16,1.9289190769195557
cnf/sudoku/1000-sudokus.txt/1010.txt,DLIS,319,318,12017,729,29,638,638,5.608896255493164
cnf/sudoku/1000-sudokus.txt/314.txt,DLIS,182,180,12012,729,24,363,363,3.557161808013916
cnf/sudoku/1000-sudokus.txt/184.txt,DLIS,0,0,12012,729,24,1,1,1.6458995342254639
cnf/sudoku/1000-sudokus.txt/969.txt,DLIS,147,146,12015,729,27,294,294,2.7250638008117676
cnf/sudoku/1000-sudokus.txt/72.txt,DLIS,12,10,12011,729,23,23,23,1.6773831844329834
cnf/sudoku/1000-sudokus.txt/282.txt,DLIS,47,45,12012,729,24,93,93,1.9719057083129883
cnf/sudoku/1000-sudokus.txt/437.txt,DLIS,24,23,12013,729,25,48,48,1.8226416110992432
cnf/sudoku/1000-sudokus.txt/737.txt,DLIS,4,3,12014,729,26,8,8,1.6288440227508545
cnf/sudoku/1000-sudokus.txt/892.txt,DLIS,6,5,12014,729,26,12,12,1.5918524265289307
cnf/sudoku/1000-sudokus.txt/540.txt,DLIS,7,6,12013,729,25,14,14,1.6482362747192383
cnf/sudoku/1000-sudokus.txt/677.txt,DLIS,0,0,12013,729,25,1,1,1.5879549980163574
cnf/sudoku/1000-sudokus.txt/717.txt,DLIS,0,0,12014,729,26,1,1,1.4469597339630127
cnf/sudoku/1000-sudokus.txt/593.txt,DLIS,82,80,12013,729,25,163,163,2.035344123840332
cnf/sudoku/1000-sudokus.txt/101.txt,DLIS,0,0,12011,729,23,1,1,1.524336576461792
cnf/sudoku/1000-sudokus.txt/452.txt,DLIS,0,0,12013,729,25,1,1,1.5131564140319824
cnf/sudoku/1000-sudokus.txt/879.txt,DLIS,10,9,12014,729,26,20,20,1.6726939678192139
cnf/sudoku/1000-sudokus.txt/621.txt,DLIS,18,16,12013,729,25,35,35,1.6209912300109863
cnf/sudoku/1000-sudokus.txt/626.txt,DLIS,67,66,12013,729,25,134,134,1.9767181873321533
cnf/sudoku/1000-sudokus.txt/267.txt,DLIS,51,50,12012,729,24,102,102,2.0118658542633057
cnf/sudoku/1000-sudokus.txt/883.txt,DLIS,18,17,12014,729,26,36,36,1.6622183322906494
cnf/sudoku/1000-sudokus.txt/4.txt,DLIS,0,0,12010,729,22,1,1,1.5502803325653076
cnf/sudoku/1000-sudokus.txt/88.txt,DLIS,9,8,12011,729,23,18,18,1.629544973373413
cnf/sudoku/1000-sudokus.txt/40.txt,DLIS,3731,3727,12011,729,23,7459,7459,44.60634231567383
cnf/sudoku/1000-sudokus.txt/260.txt,DLIS,17,16,12012,729,24,34,34,1.6153154373168945
cnf/sudoku/1000-sudokus.txt/939.txt,DLIS,16,16,12015,729,27,33,33,1.4662213325500488
cnf/sudoku/1000-sudokus.txt/79.txt,DLIS,13,12,12011,729,23,26,26,1.5285165309906006
cnf/sudoku/1000-sudokus.txt/467.txt,DLIS,119,118,12013,729,25,238,238,2.913886547088623
cnf/sudoku/1000-sudokus.txt/201.txt,DLIS,0,0,12012,729,24,1,1,1.5642683506011963
cnf/sudoku/1000-sudokus.txt/867.txt,DLIS,50,48,12014,729,26,99,99,1.912496566772461
cnf/sudoku/1000-sudokus.txt/476.txt,DLIS,20,19,12013,729,25,40,40,1.851475477218628
cnf/sudoku/1000-sudokus.txt/565.txt,DLIS,13,12,12013,729,25,26,26,1.753861904144287
cnf/sudoku/1000-sudokus.txt/847.txt,DLIS,4,2,12014,729,26,7,7,1.6610782146453857
cnf/sudoku/1000-sudokus.txt/338.txt,DLIS,383,381,12012,729,24,765,765,5.396249294281006
cnf/sudoku/1000-sudokus.txt/478.txt,DLIS,15,13,12013,729,25,29,29,1.8189730644226074
cnf/sudoku/1000-sudokus.txt/919.txt,DLIS,47,45,12015,729,27,93,93,2.2262258529663086
cnf/sudoku/1000-sudokus.txt/347.txt,DLIS,688,686,12012,729,24,1375,1375,10.3064444065094
cnf/sudoku/1000-sudokus.txt/498.txt,DLIS,12,10,12013,729,25,23,23,1.9248523712158203
cnf/sudoku/1000-sudokus.txt/808.txt,DLIS,338,336,12014,729,26,675,675,5.340685129165649
cnf/sudoku/1000-sudokus.txt/813.txt,DLIS,0,0,12014,729,26,1,1,1.5973966121673584
cnf/sudoku/1000-sudokus.txt/311.txt,DLIS,101,99,12012,729,24,201,201,2.3365674018859863
cnf/sudoku/1000-sudokus.txt/817.txt,DLIS,3,2,12014,729,26,6,6,1.5536644458770752
cnf/sudoku/1000-sudokus.txt/55.txt,DLIS,380,378,12011,729,23,759,759,5.03493857383728
cnf/sudoku/1000-sudokus.txt/206.txt,DLIS,20,19,12012,729,24,40,40,2.0235090255737305
cnf/sudoku/1000-sudokus.txt/789.txt,DLIS,22,20,12014,729,26,43,43,1.9727809429168701
cnf/sudoku/1000-sudokus.txt/152.txt,DLIS,11,10,12012,729,24,22,22,1.6805295944213867
cnf/sudoku/1000-sudokus.txt/5.txt,DLIS,48,47,12010,729,22,96,96,1.9743006229400635
cnf/sudoku/1000-sudokus.txt/50.txt,DLIS,0,0,12011,729,23,1,1,1.5473883152008057
cnf/sudoku/1000-sudokus.txt/800.txt,DLIS,35,34,12014,729,26,70,70,1.9432311058044434
cnf/sudoku/1000-sudokus.txt/494.txt,DLIS,1280,1279,12013,729,25,2560,2560,16.011179447174072
cnf/sudoku/1000-sudokus.txt/80.txt,DLIS,76,74,12011,729,23,151,151,2.740083932876587
cnf/sudoku/1000-sudokus.txt/625.txt,DLIS,2,1,12013,729,25,4,4,1.5884764194488525
cnf/sudoku/1000-sudokus.txt/739.txt,DLIS,169,167,12014,729,26,337,337,3.3503170013427734
cnf/sudoku/1000-sudokus.txt/910.txt,DLIS,5,3,12014,729,26,9,9,1.593975305557251
cnf/sudoku/1000-sudokus.txt/46.txt,DLIS,0,0,12011,729,23,1,1,1.5244417190551758
cnf/sudoku/1000-sudokus.txt/113.txt,DLIS,0,0,12011,729,23,1,1,1.4276230335235596
cnf/sudoku/1000-sudokus.txt/366.txt,DLIS,16,15,12012,729,24,32,32,1.5323073863983154
cnf/sudoku/1000-sudokus.txt/125.txt,DLIS,65,63,12011,729,23,129,129,2.437636375427246
cnf/sudoku/1000-sudokus.txt/806.txt,DLIS,7,6,12014,729,26,14,14,1.6535789966583252
cnf/sudoku/1000-sudokus.txt/205.txt,DLIS,20,18,12012,729,24,39,39,1.784430980682373
cnf/sudoku/1000-sudokus.txt/192.txt,DLIS,20,19,12012,729,24,40,40,1.676405668258667
cnf/sudoku/1000-sudokus.txt/796.txt,DLIS,625,622,12014,729,26,1248,1248,9.242231607437134
cnf/sudoku/1000-sudokus.txt/1004.txt,DLIS,52,50,12016,729,28,103,103,1.7860584259033203
cnf/sudoku/1000-sudokus.txt/571.txt,DLIS,133,132,12013,729,25,266,266,2.9679770469665527
cnf/sudoku/1000-sudokus.txt/186.txt,DLIS,0,0,12012,729,24,1,1,1.5202610492706299
cnf/sudoku/1000-sudokus.txt/373.txt,DLIS,169,168,12012,729,24,338,338,3.636845350265503
cnf/sudoku/1000-sudokus.txt/597.txt,DLIS,103,102,12013,729,25,206,206,2.739119529724121
cnf/sudoku/1000-sudokus.txt/300.txt,DLIS,12,11,12012,729,24,24,24,1.6804115772247314
cnf/sudoku/1000-sudokus.txt/714.txt,DLIS,9,8,12014,729,26,18,18,1.6377787590026855
cnf/sudoku/1000-sudokus.txt/928.txt,DLIS,41,39,12015,729,27,81,81,1.780186414718628
cnf/sudoku/1000-sudokus.txt/446.txt,DLIS,20,18,12013,729,25,39,39,1.6836483478546143
cnf/sudoku/1000-sudokus.txt/52.txt,DLIS,10,9,12011,729,23,20,20,1.5628557205200195
cnf/sudoku/1000-sudokus.txt/163.txt,DLIS,17,15,12012,729,24,33,33,1.593817949295044
cnf/sudoku/1000-sudokus.txt/308.txt,DLIS,0,0,12012,729,24,1,1,1.6798012256622314
cnf/sudoku/1000-sudokus.txt/307.txt,DLIS,14,13,12012,729,24,28,28,1.5894200801849365
cnf/sudoku/1000-sudokus.txt/222.txt,DLIS,0,0,12012,729,24,1,1,1.4998009204864502
cnf/sudoku/1000-sudokus.txt/703.txt,DLIS,44,42,12013,729,25,87,87,1.9514739513397217
cnf/sudoku/1000-sudokus.txt/384.txt,DLIS,20,19,12012,729,24,40,40,1.7720978260040283
cnf/sudoku/1000-sudokus.txt/683.txt,DLIS,381,380,12013,729,25,762,762,5.985630989074707
cnf/sudoku/1000-sudokus.txt/731.txt,DLIS,150,149,12014,729,26,300,300,2.953713893890381
cnf/sudoku/1000-sudokus.txt/799.txt,DLIS,94,92,12014,729,26,187,187,2.4543139934539795
cnf/sudoku/1000-sudokus.txt/303.txt,DLIS,11,10,12012,729,24,22,22,1.6129741668701172
cnf/sudoku/1000-sudokus.txt/130.txt,DLIS,15,14,12011,729,23,30,30,1.6046490669250488
cnf/sudoku/1000-sudokus.txt/917.txt,DLIS,2,1,12015,729,27,4,4,1.4674315452575684
cnf/sudoku/1000-sudokus.txt/401.txt,DLIS,41,40,12012,729,24,82,82,1.7674016952514648
cnf/sudoku/1000-sudokus.txt/707.txt,DLIS,0,0,12014,729,26,1,1,1.4129433631896973
cnf/sudoku/1000-sudokus.txt/262.txt,DLIS,253,251,12012,729,24,505,505,3.492598295211792
cnf/sudoku/1000-sudokus.txt/227.txt,DLIS,0,0,12012,729,24,1,1,1.47102689743042
cnf/sudoku/1000-sudokus.txt/29.txt,DLIS,0,0,12011,729,23,1,1,1.4453582763671875
cnf/sudoku/1000-sudokus.txt/843.txt,DLIS,117,115,12014,729,26,233,233,2.930055856704712
cnf/sudoku/1000-sudokus.txt/202.txt,DLIS,49,48,12012,729,24,98,98,2.003209114074707
cnf/sudoku/1000-sudokus.txt/377.txt,DLIS,0,0,12012,729,24,1,1,1.6692919731140137
cnf/sudoku/1000-sudokus.txt/107.txt,DLIS,796,794,12011,729,23,1591,1591,8.254902362823486
cnf/sudoku/1000-sudokus.txt/138.txt,DLIS,5,4,12011,729,23,10,10,1.476405382156372
cnf/sudoku/1000-sudokus.txt/464.txt,DLIS,111,109,12013,729,25,221,221,2.4984235763549805
cnf/sudoku/1000-sudokus.txt/236.txt,DLIS,128,127,12012,729,24,256,256,2.881167411804199
cnf/sudoku/1000-sudokus.txt/946.txt,DLIS,43,42,12015,729,27,86,86,2.271810531616211
cnf/sudoku/1000-sudokus.txt/665.txt,DLIS,153,151,12013,729,25,305,305,3.2832045555114746
cnf/sudoku/1000-sudokus.txt/150.txt,DLIS,0,0,12012,729,24,1,1,1.6060090065002441
cnf/sudoku/1000-sudokus.txt/950.txt,DLIS,7,5,12015,729,27,13,13,1.4443435668945312
cnf/sudoku/1000-sudokus.txt/45.txt,DLIS,42,40,12011,729,23,83,83,1.804067611694336
cnf/sudoku/1000-sudokus.txt/142.txt,DLIS,14,13,12012,729,24,28,28,1.4870867729187012
cnf/sudoku/1000-sudokus.txt/457.txt,DLIS,60,59,12013,729,25,120,120,1.8520934581756592
cnf/sudoku/1000-sudokus.txt/831.txt,DLIS,0,0,12014,729,26,1,1,1.3982813358306885
cnf/sudoku/1000-sudokus.txt/64.txt,DLIS,0,0,12011,729,23,1,1,1.4420931339263916
cnf/sudoku/1000-sudokus.txt/3.txt,DLIS,0,0,12010,729,22,1,1,1.3363735675811768
cnf/sudoku/1000-sudokus.txt/102.txt,DLIS,40,39,12011,729,23,80,80,1.6969304084777832
cnf/sudoku/1000-sudokus.txt/96.txt,DLIS,11,10,12011,729,23,22,22,1.4523282051086426
cnf/sudoku/1000-sudokus.txt/804.txt,DLIS,4,3,12014,729,26,8,8,1.5135774612426758
cnf/sudoku/1000-sudokus.txt/852.txt,DLIS,2,1,12014,729,26,4,4,1.4274687767028809
cnf/sudoku/1000-sudokus.txt/286.txt,DLIS,34,33,12012,729,24,68,68,1.633185625076294
cnf/sudoku/1000-sudokus.txt/283.txt,DLIS,6,5,12012,729,24,12,12,1.4269983768463135
cnf/sudoku/1000-sudokus.txt/511.txt,DLIS,0,0,12013,729,25,1,1,1.4608147144317627
cnf/sudoku/1000-sudokus.txt/894.txt,DLIS,32,31,12014,729,26,64,64,1.632021188735962
cnf/sudoku/1000-sudokus.txt/748.txt,DLIS,56,54,12014,729,26,111,111,2.0777337551116943
cnf/sudoku/1000-sudokus.txt/913.txt,DLIS,24,22,12014,729,26,47,47,1.6329309940338135
cnf/sudoku/1000-sudokus.txt/832.txt,DLIS,10,9,12014,729,26,20,20,1.5350205898284912
cnf/sudoku/1000-sudokus.txt/943.txt,DLIS,137,135,12015,729,27,273,273,2.6428303718566895
cnf/sudoku/1000-sudokus.txt/38.txt,DLIS,0,0,12011,729,23,1,1,1.4377927780151367
cnf/sudoku/1000-sudokus.txt/134.txt,DLIS,0,0,12011,729,23,1,1,1.3421494960784912
cnf/sudoku/1000-sudokus.txt/985.txt,DLIS,86,85,12015,729,27,172,172,2.009211778640747
cnf/sudoku/1000-sudokus.txt/669.txt,DLIS,12,11,12013,729,25,24,24,1.4775078296661377
cnf/sudoku/1000-sudokus.txt/635.txt,DLIS,1,0,12013,729,25,2,2,1.4453742504119873
cnf/sudoku/1000-sudokus.txt/358.txt,DLIS,55,54,12012,729,24,110,110,1.69423246383667
cnf/sudoku/1000-sudokus.txt/640.txt,DLIS,80,79,12013,729,25,160,160,2.070409059524536
cnf/sudoku/1000-sudokus.txt/530.txt,DLIS,5,4,12013,729,25,10,10,1.4523086547851562
cnf/sudoku/1000-sudokus.txt/705.txt,DLIS,29,28,12013,729,25,58,58,1.6613993644714355
cnf/sudoku/1000-sudokus.txt/660.txt,DLIS,20,19,12013,729,25,40,40,1.492049217224121
cnf/sudoku/1000-sudokus.txt/363.txt,DLIS,86,85,12012,729,24,172,172,1.9235291481018066
cnf/sudoku/1000-sudokus.txt/0.txt,DLIS,4,3,12009,729,21,8,8,1.3626611232757568
cnf/sudoku/1000-sudokus.txt/618.txt,DLIS,11,10,12013,729,25,22,22,1.4889249801635742
cnf/sudoku/1000-sudokus.txt/103.txt,DLIS,10,9,12011,729,23,20,20,1.4793365001678467
cnf/sudoku/1000-sudokus.txt/568.txt,DLIS,4,3,12013,729,25,8,8,1.5350477695465088
cnf/sudoku/1000-sudokus.txt/360.txt,DLIS,5,4,12012,729,24,10,10,1.4521396160125732
cnf/sudoku/1000-sudokus.txt/269.txt,DLIS,9,8,12012,729,24,18,18,1.5110852718353271
cnf/sudoku/1000-sudokus.txt/477.txt,DLIS,105,104,12013,729,25,210,210,2.5305380821228027
cnf/sudoku/1000-sudokus.txt/375.txt,DLIS,0,0,12012,729,24,1,1,1.5093138217926025
cnf/sudoku/1000-sudokus.txt/374.txt,DLIS,5,4,12012,729,24,10,10,1.4751503467559814
cnf/sudoku/1000-sudokus.txt/273.txt,DLIS,4,3,12012,729,24,8,8,1.4632749557495117
cnf/sudoku/1000-sudokus.txt/507.txt,DLIS,2,1,12013,729,25,4,4,1.4819343090057373
cnf/sudoku/1000-sudokus.txt/458.txt,DLIS,2,1,12013,729,25,4,4,1.5080740451812744
cnf/sudoku/1000-sudokus.txt/188.txt,DLIS,0,0,12012,729,24,1,1,1.5560846328735352
cnf/sudoku/1000-sudokus.txt/306.txt,DLIS,117,116,12012,729,24,234,234,2.4890120029449463
cnf/sudoku/1000-sudokus.txt/210.txt,DLIS,0,0,12012,729,24,1,1,1.4882266521453857
cnf/sudoku/1000-sudokus.txt/812.txt,DLIS,779,776,12014,729,26,1556,1556,8.849202871322632
cnf/sudoku/1000-sudokus.txt/26.txt,DLIS,16,15,12011,729,23,32,32,1.5924201011657715
cnf/sudoku/1000-sudokus.txt/287.txt,DLIS,11,9,12012,729,24,21,21,1.5423004627227783
cnf/sudoku/1000-sudokus.txt/770.txt,DLIS,203,202,12014,729,26,406,406,3.5821096897125244
cnf/sudoku/1000-sudokus.txt/148.txt,DLIS,92,91,12012,729,24,184,184,2.383580446243286
cnf/sudoku/1000-sudokus.txt/133.txt,DLIS,40,39,12011,729,23,80,80,1.7399752140045166
cnf/sudoku/1000-sudokus.txt/246.txt,DLIS,22,21,12012,729,24,44,44,1.5317730903625488
cnf/sudoku/1000-sudokus.txt/580.txt,DLIS,12,11,12013,729,25,24,24,1.6116445064544678
cnf/sudoku/1000-sudokus.txt/528.txt,DLIS,5,4,12013,729,25,10,10,1.5649311542510986
cnf/sudoku/1000-sudokus.txt/293.txt,DLIS,0,0,12012,729,24,1,1,1.4243853092193604
cnf/sudoku/1000-sudokus.txt/11.txt,DLIS,0,0,12010,729,22,1,1,1.4091525077819824
cnf/sudoku/1000-sudokus.txt/404.txt,DLIS,83,81,12013,729,25,165,165,1.8220648765563965
cnf/sudoku/1000-sudokus.txt/842.txt,DLIS,79,78,12014,729,26,158,158,2.073082447052002
cnf/sudoku/1000-sudokus.txt/294.txt,DLIS,4,3,12012,729,24,8,8,1.457092523574829
cnf/sudoku/1000-sudokus.txt/112.txt,DLIS,3,2,12011,729,23,6,6,1.4499146938323975
cnf/sudoku/1000-sudokus.txt/25.txt,DLIS,10,8,12011,729,23,19,19,1.4322800636291504
cnf/sudoku/1000-sudokus.txt/189.txt,DLIS,2,1,12012,729,24,4,4,1.4489233493804932
cnf/sudoku/1000-sudokus.txt/489.txt,DLIS,0,0,12013,729,25,1,1,1.4943628311157227
cnf/sudoku/1000-sudokus.txt/706.txt,DLIS,47,45,12014,729,26,93,93,2.004260301589966
cnf/sudoku/1000-sudokus.txt/281.txt,DLIS,71,69,12012,729,24,141,141,2.8354034423828125
cnf/sudoku/1000-sudokus.txt/180.txt,DLIS,6,5,12012,729,24,12,12,1.5405352115631104
cnf/sudoku/1000-sudokus.txt/556.txt,DLIS,56,54,12013,729,25,111,111,1.9788436889648438
cnf/sudoku/1000-sudokus.txt/510.txt,DLIS,939,938,12013,729,25,1878,1878,10.789197444915771
cnf/sudoku/1000-sudokus.txt/316.txt,DLIS,0,0,12012,729,24,1,1,1.5089123249053955
cnf/sudoku/1000-sudokus.txt/132.txt,DLIS,10,9,12011,729,23,20,20,1.4881045818328857
cnf/sudoku/1000-sudokus.txt/232.txt,DLIS,0,0,12012,729,24,1,1,1.5317022800445557
cnf/sudoku/1000-sudokus.txt/888.txt,DLIS,21,20,12014,729,26,42,42,1.59999680519104
cnf/sudoku/1000-sudokus.txt/553.txt,DLIS,11,11,12013,729,25,23,23,1.5525305271148682
cnf/sudoku/1000-sudokus.txt/966.txt,DLIS,33,32,12015,729,27,66,66,2.1237823963165283
cnf/sudoku/1000-sudokus.txt/902.txt,DLIS,10,7,12014,729,26,18,18,1.7284679412841797
cnf/sudoku/1000-sudokus.txt/956.txt,DLIS,77,75,12015,729,27,153,153,2.2418155670166016
cnf/sudoku/1000-sudokus.txt/747.txt,DLIS,19,18,12014,729,26,38,38,1.7321383953094482
cnf/sudoku/1000-sudokus.txt/455.txt,DLIS,90,88,12013,729,25,179,179,2.0193159580230713
cnf/sudoku/1000-sudokus.txt/942.txt,DLIS,0,0,12015,729,27,1,1,1.55110764503479
cnf/sudoku/1000-sudokus.txt/663.txt,DLIS,23,21,12013,729,25,45,45,1.743591547012329
cnf/sudoku/1000-sudokus.txt/450.txt,DLIS,64,61,12013,729,25,126,126,2.2413063049316406
cnf/sudoku/1000-sudokus.txt/980.txt,DLIS,633,632,12015,729,27,1266,1266,7.32252049446106
cnf/sudoku/1000-sudokus.txt/62.txt,DLIS,17,17,12011,729,23,35,35,1.5505130290985107
cnf/sudoku/1000-sudokus.txt/829.txt,DLIS,7,6,12014,729,26,14,14,1.6370999813079834
cnf/sudoku/1000-sudokus.txt/456.txt,DLIS,5,3,12013,729,25,9,9,1.5498161315917969
cnf/sudoku/1000-sudokus.txt/605.txt,DLIS,62,60,12013,729,25,123,123,1.8506145477294922
cnf/sudoku/1000-sudokus.txt/600.txt,DLIS,0,0,12013,729,25,1,1,1.5147416591644287
cnf/sudoku/1000-sudokus.txt/741.txt,DLIS,5,4,12014,729,26,10,10,1.5230329036712646
cnf/sudoku/1000-sudokus.txt/408.txt,DLIS,40,39,12013,729,25,80,80,1.6564960479736328
cnf/sudoku/1000-sudokus.txt/111.txt,DLIS,0,0,12011,729,23,1,1,1.3797316551208496
cnf/sudoku/1000-sudokus.txt/944.txt,DLIS,147,145,12015,729,27,293,293,2.9330854415893555
cnf/sudoku/1000-sudokus.txt/901.txt,DLIS,6,4,12014,729,26,11,11,1.5258007049560547
cnf/sudoku/1000-sudokus.txt/42.txt,DLIS,0,0,12011,729,23,1,1,1.4234116077423096
cnf/sudoku/1000-sudokus.txt/259.txt,DLIS,40,38,12012,729,24,79,79,1.740344762802124
cnf/sudoku/1000-sudokus.txt/868.txt,DLIS,21,20,12014,729,26,42,42,1.624206781387329
cnf/sudoku/1000-sudokus.txt/914.txt,DLIS,4,3,12014,729,26,8,8,1.412672758102417
cnf/sudoku/1000-sudokus.txt/362.txt,DLIS,0,0,12012,729,24,1,1,1.3602867126464844
cnf/sudoku/1000-sudokus.txt/534.txt,DLIS,16,15,12013,729,25,32,32,1.4955377578735352
cnf/sudoku/1000-sudokus.txt/802.txt,DLIS,66,65,12014,729,26,132,132,1.9133872985839844
cnf/sudoku/1000-sudokus.txt/623.txt,DLIS,170,169,12013,729,25,340,340,2.9822866916656494
cnf/sudoku/1000-sudokus.txt/305.txt,DLIS,77,75,12012,729,24,153,153,2.1394870281219482
cnf/sudoku/1000-sudokus.txt/769.txt,DLIS,24,22,12014,729,26,47,47,1.674424409866333
cnf/sudoku/1000-sudokus.txt/196.txt,DLIS,8,7,12012,729,24,16,16,1.4066965579986572
cnf/sudoku/1000-sudokus.txt/882.txt,DLIS,6,5,12014,729,26,12,12,1.4979379177093506
cnf/sudoku/1000-sudokus.txt/552.txt,DLIS,66,65,12013,729,25,132,132,1.8772644996643066
cnf/sudoku/1000-sudokus.txt/975.txt,DLIS,83,81,12015,729,27,165,165,1.9988126754760742
cnf/sudoku/1000-sudokus.txt/661.txt,DLIS,116,114,12013,729,25,231,231,2.6526002883911133
cnf/sudoku/1000-sudokus.txt/989.txt,DLIS,394,393,12015,729,27,788,788,5.3997883796691895
cnf/sudoku/1000-sudokus.txt/772.txt,DLIS,11,9,12014,729,26,21,21,1.6629128456115723
cnf/sudoku/1000-sudokus.txt/884.txt,DLIS,0,0,12014,729,26,1,1,1.4740099906921387
cnf/sudoku/1000-sudokus.txt/629.txt,DLIS,0,0,12013,729,25,1,1,1.4004905223846436
cnf/sudoku/1000-sudokus.txt/270.txt,DLIS,0,0,12012,729,24,1,1,1.3488612174987793
cnf/sudoku/1000-sudokus.txt/337.txt,DLIS,43,42,12012,729,24,86,86,1.9258503913879395
cnf/sudoku/1000-sudokus.txt/34.txt,DLIS,2,1,12011,729,23,4,4,1.5222535133361816
cnf/sudoku/1000-sudokus.txt/895.txt,DLIS,592,591,12014,729,26,1184,1184,6.374578952789307
cnf/sudoku/1000-sudokus.txt/968.txt,DLIS,54,53,12015,729,27,108,108,1.8195571899414062
cnf/sudoku/1000-sudokus.txt/997.txt,DLIS,60,59,12016,729,28,120,120,1.8686065673828125
cnf/sudoku/1000-sudokus.txt/178.txt,DLIS,12,11,12012,729,24,24,24,1.5977067947387695
cnf/sudoku/1000-sudokus.txt/984.txt,DLIS,7,6,12015,729,27,14,14,1.513575792312622
cnf/sudoku/1000-sudokus.txt/144.txt,DLIS,0,0,12012,729,24,1,1,1.443767786026001
cnf/sudoku/1000-sudokus.txt/233.txt,DLIS,34,32,12012,729,24,67,67,1.647153377532959
cnf/sudoku/1000-sudokus.txt/435.txt,DLIS,3,2,12013,729,25,6,6,1.4172656536102295
cnf/sudoku/1000-sudokus.txt/341.txt,DLIS,20,19,12012,729,24,40,40,1.5372214317321777
cnf/sudoku/1000-sudokus.txt/271.txt,DLIS,3,2,12012,729,24,6,6,1.388744592666626
cnf/sudoku/1000-sudokus.txt/445.txt,DLIS,36,33,12013,729,25,70,70,1.8281443119049072
cnf/sudoku/1000-sudokus.txt/691.txt,DLIS,49,47,12013,729,25,97,97,1.891235113143921
cnf/sudoku/1000-sudokus.txt/862.txt,DLIS,7,6,12014,729,26,14,14,1.4760751724243164
cnf/sudoku/1000-sudokus.txt/258.txt,DLIS,5,3,12012,729,24,9,9,1.4153618812561035
cnf/sudoku/1000-sudokus.txt/787.txt,DLIS,71,70,12014,729,26,142,142,1.7491886615753174
cnf/sudoku/1000-sudokus.txt/670.txt,DLIS,10,8,12013,729,25,19,19,1.4873690605163574
cnf/sudoku/1000-sudokus.txt/986.txt,DLIS,5,4,12015,729,27,10,10,1.3631455898284912
cnf/sudoku/1000-sudokus.txt/559.txt,DLIS,0,0,12013,729,25,1,1,1.4069244861602783
cnf/sudoku/1000-sudokus.txt/681.txt,DLIS,0,0,12013,729,25,1,1,1.4321954250335693
cnf/sudoku/1000-sudokus.txt/537.txt,DLIS,5,4,12013,729,25,10,10,1.4477577209472656
cnf/sudoku/1000-sudokus.txt/65.txt,DLIS,106,105,12011,729,23,212,212,2.2236216068267822
cnf/sudoku/1000-sudokus.txt/323.txt,DLIS,0,0,12012,729,24,1,1,1.5557818412780762
cnf/sudoku/1000-sudokus.txt/396.txt,DLIS,12,11,12012,729,24,24,24,1.652683973312378
cnf/sudoku/1000-sudokus.txt/310.txt,DLIS,46,44,12012,729,24,91,91,1.7859783172607422
cnf/sudoku/1000-sudokus.txt/1003.txt,DLIS,10,9,12016,729,28,20,20,1.6176056861877441
cnf/sudoku/1000-sudokus.txt/641.txt,DLIS,2,1,12013,729,25,4,4,1.4513323307037354
cnf/sudoku/1000-sudokus.txt/678.txt,DLIS,20,17,12013,729,25,38,38,1.7469992637634277
cnf/sudoku/1000-sudokus.txt/1005.txt,DLIS,11,10,12016,729,28,22,22,1.5848360061645508
cnf/sudoku/1000-sudokus.txt/547.txt,DLIS,3,2,12013,729,25,6,6,1.4851982593536377
cnf/sudoku/1000-sudokus.txt/177.txt,DLIS,75,74,12012,729,24,150,150,2.0175888538360596
cnf/sudoku/1000-sudokus.txt/98.txt,DLIS,14,13,12011,729,23,28,28,1.6563329696655273
