file_name,strategy,splits,backtracks,clauses,variables,givens,unit_rule,pure_rule,execution_time
cnf/sudoku/top870.sdk.txt/289.txt,RDLIS,7,2,12010,729,22,10,10,2.079132318496704
cnf/sudoku/top870.sdk.txt/504.txt,RDLIS,43,38,12010,729,22,82,82,3.027297019958496
cnf/sudoku/top870.sdk.txt/262.txt,RDLIS,88,85,12011,729,23,174,174,4.844892978668213
cnf/sudoku/top870.sdk.txt/276.txt,RDLIS,74,72,12010,729,22,147,147,4.767384052276611
cnf/sudoku/top870.sdk.txt/510.txt,RDLIS,52,46,12012,729,24,99,99,3.9158437252044678
cnf/sudoku/top870.sdk.txt/538.txt,RDLIS,171,168,12009,729,21,340,340,9.345834970474243
cnf/sudoku/top870.sdk.txt/706.txt,RDLIS,30,30,12010,729,22,61,61,3.271099090576172
cnf/sudoku/top870.sdk.txt/712.txt,RDLIS,126,124,12009,729,21,251,251,6.247805118560791
cnf/sudoku/top870.sdk.txt/29.txt,RDLIS,32,31,12012,729,24,64,64,2.9819910526275635
cnf/sudoku/top870.sdk.txt/869.txt,RDLIS,314,311,12005,729,17,626,626,12.459330081939697
cnf/sudoku/top870.sdk.txt/15.txt,RDLIS,73,71,12010,729,22,145,145,3.9913411140441895
cnf/sudoku/top870.sdk.txt/855.txt,RDLIS,59,56,12012,729,24,116,116,4.3022191524505615
cnf/sudoku/top870.sdk.txt/699.txt,RDLIS,9,7,12012,729,24,17,17,2.450392723083496
cnf/sudoku/top870.sdk.txt/841.txt,RDLIS,48,46,12011,729,23,95,95,3.380134105682373
cnf/sudoku/top870.sdk.txt/114.txt,RDLIS,90,89,12011,729,23,180,180,6.0399558544158936
cnf/sudoku/top870.sdk.txt/672.txt,RDLIS,26,21,12013,729,25,48,48,2.607055187225342
cnf/sudoku/top870.sdk.txt/666.txt,RDLIS,104,103,12010,729,22,208,208,5.910814046859741
cnf/sudoku/top870.sdk.txt/100.txt,RDLIS,112,110,12011,729,23,223,223,6.579119920730591
cnf/sudoku/top870.sdk.txt/128.txt,RDLIS,1,0,12010,729,22,2,2,2.328855037689209
cnf/sudoku/top870.sdk.txt/470.txt,RDLIS,47,43,12013,729,25,91,91,3.6968958377838135
cnf/sudoku/top870.sdk.txt/316.txt,RDLIS,27,23,12012,729,24,51,51,3.381899833679199
cnf/sudoku/top870.sdk.txt/302.txt,RDLIS,29,22,12012,729,24,52,52,2.6591851711273193
cnf/sudoku/top870.sdk.txt/464.txt,RDLIS,64,60,12014,729,26,125,125,4.1084442138671875
cnf/sudoku/top870.sdk.txt/458.txt,RDLIS,3,2,12011,729,23,6,6,2.233299970626831
cnf/sudoku/top870.sdk.txt/459.txt,RDLIS,16,11,12012,729,24,28,28,2.483154296875
cnf/sudoku/top870.sdk.txt/303.txt,RDLIS,72,65,12010,729,22,138,138,4.43070387840271
cnf/sudoku/top870.sdk.txt/465.txt,RDLIS,104,100,12011,729,23,205,205,6.001327037811279
cnf/sudoku/top870.sdk.txt/471.txt,RDLIS,7,3,12009,729,21,11,11,2.5579640865325928
cnf/sudoku/top870.sdk.txt/317.txt,RDLIS,95,93,12010,729,22,189,189,5.499017000198364
cnf/sudoku/top870.sdk.txt/129.txt,RDLIS,13,11,12010,729,22,25,25,2.5437231063842773
cnf/sudoku/top870.sdk.txt/667.txt,RDLIS,51,50,12015,729,27,102,102,3.074275016784668
cnf/sudoku/top870.sdk.txt/101.txt,RDLIS,164,157,12010,729,22,322,322,6.699221849441528
cnf/sudoku/top870.sdk.txt/115.txt,RDLIS,8,6,12011,729,23,15,15,2.230285167694092
cnf/sudoku/top870.sdk.txt/673.txt,RDLIS,48,48,12011,729,23,97,97,3.404731035232544
cnf/sudoku/top870.sdk.txt/840.txt,RDLIS,55,52,12013,729,25,108,108,3.4374799728393555
cnf/sudoku/top870.sdk.txt/698.txt,RDLIS,49,47,12012,729,24,97,97,3.5249409675598145
cnf/sudoku/top870.sdk.txt/854.txt,RDLIS,61,59,12014,729,26,121,121,3.7917869091033936
cnf/sudoku/top870.sdk.txt/14.txt,RDLIS,803,792,12005,729,17,1596,1596,34.077613830566406
cnf/sudoku/top870.sdk.txt/868.txt,RDLIS,42,36,12012,729,24,79,79,3.7563400268554688
cnf/sudoku/top870.sdk.txt/28.txt,RDLIS,20,16,12010,729,22,37,37,2.854016065597534
cnf/sudoku/top870.sdk.txt/713.txt,RDLIS,47,41,12013,729,25,89,89,3.78682279586792
cnf/sudoku/top870.sdk.txt/707.txt,RDLIS,16,10,12010,729,22,27,27,2.8361880779266357
cnf/sudoku/top870.sdk.txt/539.txt,RDLIS,46,41,12013,729,25,88,88,3.0442709922790527
cnf/sudoku/top870.sdk.txt/277.txt,RDLIS,71,67,12011,729,23,139,139,4.435368061065674
cnf/sudoku/top870.sdk.txt/511.txt,RDLIS,38,33,12011,729,23,72,72,3.063507318496704
cnf/sudoku/top870.sdk.txt/505.txt,RDLIS,66,65,12012,729,24,132,132,3.9568800926208496
cnf/sudoku/top870.sdk.txt/263.txt,RDLIS,120,115,12009,729,21,236,236,5.739075183868408
cnf/sudoku/top870.sdk.txt/288.txt,RDLIS,76,69,12012,729,24,146,146,5.308712959289551
cnf/sudoku/top870.sdk.txt/513.txt,RDLIS,39,32,12011,729,23,72,72,3.47343111038208
cnf/sudoku/top870.sdk.txt/275.txt,RDLIS,25,22,12009,729,21,48,48,2.9132940769195557
cnf/sudoku/top870.sdk.txt/261.txt,RDLIS,51,47,12012,729,24,99,99,3.5728158950805664
cnf/sudoku/top870.sdk.txt/507.txt,RDLIS,154,149,12010,729,22,304,304,6.768609046936035
cnf/sudoku/top870.sdk.txt/249.txt,RDLIS,31,24,12012,729,24,56,56,2.654400110244751
cnf/sudoku/top870.sdk.txt/711.txt,RDLIS,147,146,12005,729,17,294,294,5.529176235198975
cnf/sudoku/top870.sdk.txt/705.txt,RDLIS,20,16,12012,729,24,37,37,2.462723970413208
cnf/sudoku/top870.sdk.txt/739.txt,RDLIS,41,36,12011,729,23,78,78,3.0639820098876953
cnf/sudoku/top870.sdk.txt/842.txt,RDLIS,22,18,12011,729,23,41,41,2.7355031967163086
cnf/sudoku/top870.sdk.txt/16.txt,RDLIS,156,151,12012,729,24,308,308,5.327707767486572
cnf/sudoku/top870.sdk.txt/856.txt,RDLIS,16,11,12012,729,24,28,28,2.8160669803619385
cnf/sudoku/top870.sdk.txt/103.txt,RDLIS,133,130,12005,729,17,264,264,8.154078960418701
cnf/sudoku/top870.sdk.txt/665.txt,RDLIS,64,60,12012,729,24,125,125,3.9654698371887207
cnf/sudoku/top870.sdk.txt/671.txt,RDLIS,45,41,12011,729,23,87,87,3.7898788452148438
cnf/sudoku/top870.sdk.txt/117.txt,RDLIS,58,52,12011,729,23,111,111,4.393873929977417
cnf/sudoku/top870.sdk.txt/659.txt,RDLIS,47,42,12011,729,23,90,90,4.086648225784302
cnf/sudoku/top870.sdk.txt/498.txt,RDLIS,109,107,12011,729,23,217,217,5.88546895980835
cnf/sudoku/top870.sdk.txt/467.txt,RDLIS,43,42,12012,729,24,86,86,3.2222230434417725
cnf/sudoku/top870.sdk.txt/301.txt,RDLIS,83,77,12013,729,25,161,161,4.619192123413086
cnf/sudoku/top870.sdk.txt/315.txt,RDLIS,81,79,12012,729,24,161,161,4.1527159214019775
cnf/sudoku/top870.sdk.txt/473.txt,RDLIS,18,12,12010,729,22,31,31,2.6148171424865723
cnf/sudoku/top870.sdk.txt/329.txt,RDLIS,35,31,12011,729,23,67,67,3.2054648399353027
cnf/sudoku/top870.sdk.txt/328.txt,RDLIS,60,58,12013,729,25,119,119,3.2607719898223877
cnf/sudoku/top870.sdk.txt/314.txt,RDLIS,217,217,12010,729,22,435,435,9.603569030761719
cnf/sudoku/top870.sdk.txt/472.txt,RDLIS,60,56,12013,729,25,117,117,3.5954878330230713
cnf/sudoku/top870.sdk.txt/466.txt,RDLIS,90,85,12010,729,22,176,176,4.776205062866211
cnf/sudoku/top870.sdk.txt/300.txt,RDLIS,31,28,12010,729,22,60,60,2.8205819129943848
cnf/sudoku/top870.sdk.txt/499.txt,RDLIS,100,98,12013,729,25,199,199,4.805006742477417
cnf/sudoku/top870.sdk.txt/658.txt,RDLIS,28,26,12011,729,23,55,55,3.43546199798584
cnf/sudoku/top870.sdk.txt/670.txt,RDLIS,36,33,12011,729,23,70,70,2.6885600090026855
cnf/sudoku/top870.sdk.txt/116.txt,RDLIS,60,53,12011,729,23,114,114,4.464674949645996
cnf/sudoku/top870.sdk.txt/102.txt,RDLIS,231,227,12010,729,22,459,459,9.217727899551392
cnf/sudoku/top870.sdk.txt/664.txt,RDLIS,25,23,12012,729,24,49,49,2.9933369159698486
cnf/sudoku/top870.sdk.txt/857.txt,RDLIS,8,6,12013,729,25,15,15,2.35667085647583
cnf/sudoku/top870.sdk.txt/17.txt,RDLIS,68,66,12011,729,23,135,135,3.844268798828125
cnf/sudoku/top870.sdk.txt/843.txt,RDLIS,222,216,12005,729,17,439,439,8.676410913467407
cnf/sudoku/top870.sdk.txt/738.txt,RDLIS,60,53,12013,729,25,114,114,3.370073080062866
cnf/sudoku/top870.sdk.txt/704.txt,RDLIS,22,15,12013,729,25,38,38,2.5943100452423096
cnf/sudoku/top870.sdk.txt/710.txt,RDLIS,37,36,12010,729,22,74,74,3.250001907348633
cnf/sudoku/top870.sdk.txt/248.txt,RDLIS,15,11,12012,729,24,27,27,2.4726130962371826
cnf/sudoku/top870.sdk.txt/260.txt,RDLIS,42,37,12010,729,22,80,80,3.0038537979125977
cnf/sudoku/top870.sdk.txt/506.txt,RDLIS,17,15,12013,729,25,33,33,2.2641749382019043
cnf/sudoku/top870.sdk.txt/512.txt,RDLIS,147,146,12013,729,25,294,294,6.78755521774292
cnf/sudoku/top870.sdk.txt/274.txt,RDLIS,65,63,12011,729,23,129,129,4.964715957641602
cnf/sudoku/top870.sdk.txt/258.txt,RDLIS,7,5,12011,729,23,13,13,2.30009388923645
cnf/sudoku/top870.sdk.txt/270.txt,RDLIS,13,10,12010,729,22,24,24,2.635127067565918
cnf/sudoku/top870.sdk.txt/516.txt,RDLIS,27,26,12010,729,22,54,54,2.833564043045044
cnf/sudoku/top870.sdk.txt/502.txt,RDLIS,30,27,12013,729,25,58,58,2.756547212600708
cnf/sudoku/top870.sdk.txt/264.txt,RDLIS,49,47,12014,729,26,97,97,3.754664897918701
cnf/sudoku/top870.sdk.txt/728.txt,RDLIS,38,34,12012,729,24,73,73,2.710956573486328
cnf/sudoku/top870.sdk.txt/714.txt,RDLIS,54,51,12011,729,23,106,106,3.9021201133728027
cnf/sudoku/top870.sdk.txt/700.txt,RDLIS,18,14,12010,729,22,33,33,2.5710067749023438
cnf/sudoku/top870.sdk.txt/847.txt,RDLIS,132,130,12010,729,22,263,263,7.512181043624878
cnf/sudoku/top870.sdk.txt/13.txt,RDLIS,252,249,12009,729,21,502,502,8.783333778381348
cnf/sudoku/top870.sdk.txt/853.txt,RDLIS,20,15,12011,729,23,36,36,2.728062868118286
cnf/sudoku/top870.sdk.txt/648.txt,RDLIS,17,13,12012,729,24,31,31,2.54917311668396
cnf/sudoku/top870.sdk.txt/660.txt,RDLIS,34,32,12011,729,23,67,67,3.5023679733276367
cnf/sudoku/top870.sdk.txt/106.txt,RDLIS,68,61,12009,729,21,130,130,4.637274742126465
cnf/sudoku/top870.sdk.txt/112.txt,RDLIS,236,231,12005,729,17,468,468,8.297423124313354
cnf/sudoku/top870.sdk.txt/674.txt,RDLIS,3,1,12010,729,22,5,5,2.2175850868225098
cnf/sudoku/top870.sdk.txt/489.txt,RDLIS,17,15,12013,729,25,33,33,2.861030101776123
cnf/sudoku/top870.sdk.txt/338.txt,RDLIS,40,36,12011,729,23,77,77,3.3333921432495117
cnf/sudoku/top870.sdk.txt/304.txt,RDLIS,41,38,12012,729,24,80,80,3.1989052295684814
cnf/sudoku/top870.sdk.txt/462.txt,RDLIS,25,19,12012,729,24,45,45,2.8603618144989014
cnf/sudoku/top870.sdk.txt/476.txt,RDLIS,6,4,12005,729,17,11,11,2.3523690700531006
cnf/sudoku/top870.sdk.txt/310.txt,RDLIS,24,21,12011,729,23,46,46,2.8593060970306396
cnf/sudoku/top870.sdk.txt/477.txt,RDLIS,9,6,12013,729,25,16,16,2.374876022338867
cnf/sudoku/top870.sdk.txt/311.txt,RDLIS,88,88,12013,729,25,177,177,4.865762233734131
cnf/sudoku/top870.sdk.txt/305.txt,RDLIS,45,43,12011,729,23,89,89,2.9615139961242676
cnf/sudoku/top870.sdk.txt/463.txt,RDLIS,21,15,12010,729,22,37,37,2.4028000831604004
cnf/sudoku/top870.sdk.txt/339.txt,RDLIS,199,197,12009,729,21,397,397,8.763092041015625
cnf/sudoku/top870.sdk.txt/488.txt,RDLIS,43,36,12012,729,24,80,80,3.363767623901367
cnf/sudoku/top870.sdk.txt/113.txt,RDLIS,53,47,12013,729,25,101,101,4.4625608921051025
cnf/sudoku/top870.sdk.txt/675.txt,RDLIS,5,2,12013,729,25,8,8,2.373636245727539
cnf/sudoku/top870.sdk.txt/661.txt,RDLIS,11,8,12011,729,23,20,20,3.0061068534851074
cnf/sudoku/top870.sdk.txt/107.txt,RDLIS,52,48,12012,729,24,101,101,4.075968980789185
cnf/sudoku/top870.sdk.txt/649.txt,RDLIS,88,88,12011,729,23,177,177,4.658509016036987
cnf/sudoku/top870.sdk.txt/852.txt,RDLIS,11,9,12011,729,23,21,21,2.2238059043884277
cnf/sudoku/top870.sdk.txt/12.txt,RDLIS,575,567,12005,729,17,1143,1143,21.38288116455078
cnf/sudoku/top870.sdk.txt/846.txt,RDLIS,27,23,12011,729,23,51,51,2.8936891555786133
cnf/sudoku/top870.sdk.txt/701.txt,RDLIS,17,13,12013,729,25,31,31,2.5087358951568604
cnf/sudoku/top870.sdk.txt/715.txt,RDLIS,26,21,12010,729,22,48,48,2.5010979175567627
cnf/sudoku/top870.sdk.txt/729.txt,RDLIS,33,30,12012,729,24,64,64,3.1061577796936035
cnf/sudoku/top870.sdk.txt/503.txt,RDLIS,1,0,12011,729,23,2,2,2.058060884475708
cnf/sudoku/top870.sdk.txt/265.txt,RDLIS,34,30,12012,729,24,65,65,3.5250651836395264
cnf/sudoku/top870.sdk.txt/271.txt,RDLIS,81,80,12012,729,24,162,162,4.605690240859985
cnf/sudoku/top870.sdk.txt/517.txt,RDLIS,23,22,12011,729,23,46,46,3.5503129959106445
cnf/sudoku/top870.sdk.txt/259.txt,RDLIS,41,37,12011,729,23,79,79,4.688249826431274
cnf/sudoku/top870.sdk.txt/298.txt,RDLIS,30,25,12010,729,22,56,56,3.945725917816162
cnf/sudoku/top870.sdk.txt/529.txt,RDLIS,59,54,12011,729,23,114,114,4.2048399448394775
cnf/sudoku/top870.sdk.txt/267.txt,RDLIS,39,35,12012,729,24,75,75,3.1452579498291016
cnf/sudoku/top870.sdk.txt/501.txt,RDLIS,28,26,12011,729,23,55,55,3.37583589553833
cnf/sudoku/top870.sdk.txt/515.txt,RDLIS,104,101,12010,729,22,206,206,5.71900200843811
cnf/sudoku/top870.sdk.txt/273.txt,RDLIS,9,3,12010,729,22,13,13,2.1727991104125977
cnf/sudoku/top870.sdk.txt/703.txt,RDLIS,40,35,12012,729,24,76,76,3.48445200920105
cnf/sudoku/top870.sdk.txt/717.txt,RDLIS,9,2,12012,729,24,12,12,2.1017651557922363
cnf/sudoku/top870.sdk.txt/688.txt,RDLIS,33,33,12012,729,24,67,67,3.238111972808838
cnf/sudoku/top870.sdk.txt/10.txt,RDLIS,111,106,12013,729,25,218,218,4.890515089035034
cnf/sudoku/top870.sdk.txt/850.txt,RDLIS,6,2,12009,729,21,9,9,2.2939858436584473
cnf/sudoku/top870.sdk.txt/844.txt,RDLIS,62,55,12013,729,25,118,118,4.05133318901062
cnf/sudoku/top870.sdk.txt/38.txt,RDLIS,45,41,12005,729,17,87,87,4.089017152786255
cnf/sudoku/top870.sdk.txt/139.txt,RDLIS,388,384,12005,729,17,773,773,12.42897367477417
cnf/sudoku/top870.sdk.txt/677.txt,RDLIS,7,3,12011,729,23,11,11,2.1857569217681885
cnf/sudoku/top870.sdk.txt/111.txt,RDLIS,8,2,12011,729,23,11,11,2.081683874130249
cnf/sudoku/top870.sdk.txt/105.txt,RDLIS,15,11,12013,729,25,27,27,2.463369131088257
cnf/sudoku/top870.sdk.txt/663.txt,RDLIS,40,38,12012,729,24,79,79,2.959577798843384
cnf/sudoku/top870.sdk.txt/449.txt,RDLIS,52,45,12011,729,23,98,98,3.3835930824279785
cnf/sudoku/top870.sdk.txt/313.txt,RDLIS,76,69,12010,729,22,146,146,3.966618061065674
cnf/sudoku/top870.sdk.txt/475.txt,RDLIS,25,23,12010,729,22,49,49,2.5584981441497803
cnf/sudoku/top870.sdk.txt/461.txt,RDLIS,58,55,12013,729,25,114,114,3.2879018783569336
cnf/sudoku/top870.sdk.txt/307.txt,RDLIS,4,1,12012,729,24,6,6,2.027888774871826
cnf/sudoku/top870.sdk.txt/460.txt,RDLIS,23,15,12011,729,23,39,39,2.6183431148529053
cnf/sudoku/top870.sdk.txt/306.txt,RDLIS,16,12,12009,729,21,29,29,2.3653512001037598
cnf/sudoku/top870.sdk.txt/312.txt,RDLIS,56,52,12011,729,23,109,109,3.394246816635132
cnf/sudoku/top870.sdk.txt/474.txt,RDLIS,26,22,12011,729,23,49,49,2.678184986114502
cnf/sudoku/top870.sdk.txt/448.txt,RDLIS,62,58,12012,729,24,121,121,3.6742422580718994
cnf/sudoku/top870.sdk.txt/104.txt,RDLIS,13,9,12010,729,22,23,23,2.2214808464050293
cnf/sudoku/top870.sdk.txt/662.txt,RDLIS,34,31,12011,729,23,66,66,3.038036823272705
cnf/sudoku/top870.sdk.txt/676.txt,RDLIS,126,122,12010,729,22,249,249,7.480463027954102
cnf/sudoku/top870.sdk.txt/110.txt,RDLIS,2,0,12013,729,25,3,3,2.1524312496185303
cnf/sudoku/top870.sdk.txt/138.txt,RDLIS,229,226,12007,729,19,456,456,11.450881004333496
cnf/sudoku/top870.sdk.txt/39.txt,RDLIS,261,259,12005,729,17,521,521,9.420350313186646
cnf/sudoku/top870.sdk.txt/845.txt,RDLIS,101,99,12012,729,24,201,201,5.664350986480713
cnf/sudoku/top870.sdk.txt/851.txt,RDLIS,11,10,12014,729,26,22,22,2.48176908493042
cnf/sudoku/top870.sdk.txt/11.txt,RDLIS,565,559,12005,729,17,1125,1125,16.580523014068604
cnf/sudoku/top870.sdk.txt/689.txt,RDLIS,136,136,12011,729,23,273,273,8.67790699005127
cnf/sudoku/top870.sdk.txt/716.txt,RDLIS,65,62,12011,729,23,128,128,3.7366650104522705
cnf/sudoku/top870.sdk.txt/702.txt,RDLIS,44,39,12009,729,21,84,84,3.5281941890716553
cnf/sudoku/top870.sdk.txt/514.txt,RDLIS,24,17,12012,729,24,42,42,2.6660101413726807
cnf/sudoku/top870.sdk.txt/272.txt,RDLIS,11,9,12014,729,26,21,21,2.5888571739196777
cnf/sudoku/top870.sdk.txt/266.txt,RDLIS,58,57,12011,729,23,116,116,4.223338842391968
cnf/sudoku/top870.sdk.txt/500.txt,RDLIS,86,81,12010,729,22,168,168,5.215429067611694
cnf/sudoku/top870.sdk.txt/528.txt,RDLIS,51,47,12011,729,23,99,99,3.833325147628784
cnf/sudoku/top870.sdk.txt/299.txt,RDLIS,85,81,12010,729,22,167,167,6.638155937194824
cnf/sudoku/top870.sdk.txt/598.txt,RDLIS,19,16,12012,729,24,36,36,2.8184261322021484
cnf/sudoku/top870.sdk.txt/201.txt,RDLIS,107,103,12012,729,24,211,211,6.26961088180542
cnf/sudoku/top870.sdk.txt/567.txt,RDLIS,50,46,12011,729,23,97,97,3.673844814300537
cnf/sudoku/top870.sdk.txt/573.txt,RDLIS,68,65,12011,729,23,134,134,4.551751136779785
cnf/sudoku/top870.sdk.txt/215.txt,RDLIS,67,64,12010,729,22,132,132,3.926476001739502
cnf/sudoku/top870.sdk.txt/229.txt,RDLIS,183,178,12005,729,17,362,362,7.452203989028931
cnf/sudoku/top870.sdk.txt/765.txt,RDLIS,56,52,12012,729,24,109,109,3.9783120155334473
cnf/sudoku/top870.sdk.txt/771.txt,RDLIS,24,22,12011,729,23,47,47,2.8726091384887695
cnf/sudoku/top870.sdk.txt/759.txt,RDLIS,45,41,12013,729,25,87,87,3.000262975692749
cnf/sudoku/top870.sdk.txt/76.txt,RDLIS,31,27,12011,729,23,59,59,2.722478151321411
cnf/sudoku/top870.sdk.txt/836.txt,RDLIS,90,86,12014,729,26,177,177,4.398842096328735
cnf/sudoku/top870.sdk.txt/188.txt,RDLIS,162,159,12009,729,21,322,322,8.679841041564941
cnf/sudoku/top870.sdk.txt/62.txt,RDLIS,66,61,12012,729,24,128,128,4.715660095214844
cnf/sudoku/top870.sdk.txt/822.txt,RDLIS,70,69,12012,729,24,140,140,3.9919769763946533
cnf/sudoku/top870.sdk.txt/89.txt,RDLIS,95,92,12014,729,26,188,188,4.753509044647217
cnf/sudoku/top870.sdk.txt/611.txt,RDLIS,105,104,12010,729,22,210,210,5.451566934585571
cnf/sudoku/top870.sdk.txt/177.txt,RDLIS,870,867,12005,729,17,1738,1738,31.52591300010681
cnf/sudoku/top870.sdk.txt/163.txt,RDLIS,552,544,12005,729,17,1097,1097,21.301186084747314
cnf/sudoku/top870.sdk.txt/605.txt,RDLIS,30,30,12014,729,26,61,61,2.9849460124969482
cnf/sudoku/top870.sdk.txt/639.txt,RDLIS,41,37,12010,729,22,79,79,3.1412270069122314
cnf/sudoku/top870.sdk.txt/375.txt,RDLIS,60,58,12012,729,24,119,119,4.393982172012329
cnf/sudoku/top870.sdk.txt/413.txt,RDLIS,9,6,12013,729,25,16,16,2.355828046798706
cnf/sudoku/top870.sdk.txt/407.txt,RDLIS,85,83,12013,729,25,169,169,4.885452747344971
cnf/sudoku/top870.sdk.txt/361.txt,RDLIS,61,56,12011,729,23,118,118,3.9869158267974854
cnf/sudoku/top870.sdk.txt/349.txt,RDLIS,20,16,12011,729,23,37,37,2.5281946659088135
cnf/sudoku/top870.sdk.txt/348.txt,RDLIS,100,96,12011,729,23,197,197,5.075100898742676
cnf/sudoku/top870.sdk.txt/406.txt,RDLIS,17,10,12012,729,24,28,28,2.4635539054870605
cnf/sudoku/top870.sdk.txt/360.txt,RDLIS,22,21,12013,729,25,44,44,2.8863120079040527
cnf/sudoku/top870.sdk.txt/374.txt,RDLIS,27,26,12011,729,23,54,54,3.286324977874756
cnf/sudoku/top870.sdk.txt/412.txt,RDLIS,36,34,12011,729,23,71,71,3.6995019912719727
cnf/sudoku/top870.sdk.txt/638.txt,RDLIS,70,67,12012,729,24,138,138,4.704436779022217
cnf/sudoku/top870.sdk.txt/162.txt,RDLIS,52,49,12012,729,24,102,102,3.5798659324645996
cnf/sudoku/top870.sdk.txt/604.txt,RDLIS,47,46,12013,729,25,94,94,3.223435163497925
cnf/sudoku/top870.sdk.txt/610.txt,RDLIS,42,41,12013,729,25,84,84,3.155186891555786
cnf/sudoku/top870.sdk.txt/88.txt,RDLIS,58,52,12011,729,23,111,111,4.47048282623291
cnf/sudoku/top870.sdk.txt/176.txt,RDLIS,26,20,12012,729,24,47,47,2.614176034927368
cnf/sudoku/top870.sdk.txt/823.txt,RDLIS,59,56,12009,729,21,116,116,4.262941122055054
cnf/sudoku/top870.sdk.txt/63.txt,RDLIS,68,63,12013,729,25,132,132,5.410449981689453
cnf/sudoku/top870.sdk.txt/837.txt,RDLIS,10,7,12012,729,24,18,18,2.507052183151245
cnf/sudoku/top870.sdk.txt/77.txt,RDLIS,170,164,12012,729,24,335,335,7.4157490730285645
cnf/sudoku/top870.sdk.txt/189.txt,RDLIS,52,45,12011,729,23,98,98,4.109827041625977
cnf/sudoku/top870.sdk.txt/758.txt,RDLIS,36,34,12011,729,23,71,71,3.5330889225006104
cnf/sudoku/top870.sdk.txt/770.txt,RDLIS,53,49,12012,729,24,103,103,3.662120819091797
cnf/sudoku/top870.sdk.txt/764.txt,RDLIS,53,48,12012,729,24,102,102,3.339200019836426
cnf/sudoku/top870.sdk.txt/228.txt,RDLIS,31,26,12010,729,22,58,58,2.9110310077667236
cnf/sudoku/top870.sdk.txt/572.txt,RDLIS,67,63,12012,729,24,131,131,3.6679160594940186
cnf/sudoku/top870.sdk.txt/214.txt,RDLIS,26,20,12010,729,22,47,47,2.6372270584106445
cnf/sudoku/top870.sdk.txt/200.txt,RDLIS,35,32,12013,729,25,68,68,3.078242063522339
cnf/sudoku/top870.sdk.txt/566.txt,RDLIS,38,32,12011,729,23,71,71,3.1103920936584473
cnf/sudoku/top870.sdk.txt/599.txt,RDLIS,20,16,12011,729,23,37,37,2.8324739933013916
cnf/sudoku/top870.sdk.txt/216.txt,RDLIS,25,24,12014,729,26,50,50,3.0181829929351807
cnf/sudoku/top870.sdk.txt/570.txt,RDLIS,194,189,12012,729,24,384,384,8.494337797164917
cnf/sudoku/top870.sdk.txt/564.txt,RDLIS,167,165,12011,729,23,333,333,9.404692888259888
cnf/sudoku/top870.sdk.txt/202.txt,RDLIS,22,21,12012,729,24,44,44,2.9198873043060303
cnf/sudoku/top870.sdk.txt/558.txt,RDLIS,7,3,12013,729,25,11,11,2.476313829421997
cnf/sudoku/top870.sdk.txt/799.txt,RDLIS,48,43,12012,729,24,92,92,3.723320960998535
cnf/sudoku/top870.sdk.txt/772.txt,RDLIS,25,22,12011,729,23,48,48,3.5025463104248047
cnf/sudoku/top870.sdk.txt/766.txt,RDLIS,26,22,12010,729,22,49,49,2.7259199619293213
cnf/sudoku/top870.sdk.txt/49.txt,RDLIS,10,3,12005,729,17,14,14,2.349958896636963
cnf/sudoku/top870.sdk.txt/809.txt,RDLIS,16,13,12011,729,23,30,30,2.640688896179199
cnf/sudoku/top870.sdk.txt/61.txt,RDLIS,325,322,12009,729,21,648,648,13.696228265762329
cnf/sudoku/top870.sdk.txt/821.txt,RDLIS,29,26,12011,729,23,56,56,2.8798789978027344
cnf/sudoku/top870.sdk.txt/75.txt,RDLIS,67,65,12011,729,23,133,133,4.6177990436553955
cnf/sudoku/top870.sdk.txt/835.txt,RDLIS,102,100,12010,729,22,203,203,5.723973035812378
cnf/sudoku/top870.sdk.txt/606.txt,RDLIS,86,85,12011,729,23,172,172,5.621585845947266
cnf/sudoku/top870.sdk.txt/160.txt,RDLIS,116,111,12010,729,22,228,228,5.05205774307251
cnf/sudoku/top870.sdk.txt/174.txt,RDLIS,41,39,12013,729,25,81,81,3.3368289470672607
cnf/sudoku/top870.sdk.txt/612.txt,RDLIS,505,499,12005,729,17,1005,1005,21.781028032302856
cnf/sudoku/top870.sdk.txt/148.txt,RDLIS,149,149,12011,729,23,299,299,7.671099901199341
cnf/sudoku/top870.sdk.txt/389.txt,RDLIS,65,57,12013,729,25,123,123,3.6152279376983643
cnf/sudoku/top870.sdk.txt/362.txt,RDLIS,4,0,12005,729,17,5,5,2.028548002243042
cnf/sudoku/top870.sdk.txt/404.txt,RDLIS,36,32,12011,729,23,69,69,3.2296640872955322
cnf/sudoku/top870.sdk.txt/410.txt,RDLIS,10,9,12012,729,24,20,20,2.376889944076538
cnf/sudoku/top870.sdk.txt/376.txt,RDLIS,42,39,12011,729,23,82,82,3.7213058471679688
cnf/sudoku/top870.sdk.txt/438.txt,RDLIS,135,133,12011,729,23,269,269,6.089107990264893
cnf/sudoku/top870.sdk.txt/439.txt,RDLIS,205,203,12011,729,23,409,409,7.476115942001343
cnf/sudoku/top870.sdk.txt/411.txt,RDLIS,45,42,12010,729,22,88,88,3.722606897354126
cnf/sudoku/top870.sdk.txt/377.txt,RDLIS,12,9,12005,729,17,22,22,2.6269311904907227
cnf/sudoku/top870.sdk.txt/363.txt,RDLIS,2,0,12010,729,22,3,3,2.1711208820343018
cnf/sudoku/top870.sdk.txt/405.txt,RDLIS,50,47,12013,729,25,98,98,3.718712091445923
cnf/sudoku/top870.sdk.txt/388.txt,RDLIS,6,2,12011,729,23,9,9,2.3163411617279053
cnf/sudoku/top870.sdk.txt/149.txt,RDLIS,94,86,12005,729,17,181,181,5.216732978820801
cnf/sudoku/top870.sdk.txt/175.txt,RDLIS,53,47,12010,729,22,101,101,3.411242961883545
cnf/sudoku/top870.sdk.txt/613.txt,RDLIS,8,5,12011,729,23,14,14,2.3626160621643066
cnf/sudoku/top870.sdk.txt/607.txt,RDLIS,36,31,12011,729,23,68,68,3.4041590690612793
cnf/sudoku/top870.sdk.txt/161.txt,RDLIS,218,217,12011,729,23,436,436,10.57983112335205
cnf/sudoku/top870.sdk.txt/834.txt,RDLIS,34,29,12011,729,23,64,64,2.98610520362854
cnf/sudoku/top870.sdk.txt/74.txt,RDLIS,80,79,12009,729,21,160,160,4.966369152069092
cnf/sudoku/top870.sdk.txt/820.txt,RDLIS,16,14,12012,729,24,31,31,2.5288100242614746
cnf/sudoku/top870.sdk.txt/60.txt,RDLIS,149,141,12011,729,23,291,291,7.6772401332855225
cnf/sudoku/top870.sdk.txt/808.txt,RDLIS,108,107,12012,729,24,216,216,5.76361608505249
cnf/sudoku/top870.sdk.txt/48.txt,RDLIS,33,28,12011,729,23,62,62,3.0489017963409424
cnf/sudoku/top870.sdk.txt/767.txt,RDLIS,35,33,12012,729,24,69,69,3.4293718338012695
cnf/sudoku/top870.sdk.txt/773.txt,RDLIS,12,10,12014,729,26,23,23,2.514432191848755
cnf/sudoku/top870.sdk.txt/798.txt,RDLIS,37,32,12011,729,23,70,70,3.1323459148406982
cnf/sudoku/top870.sdk.txt/559.txt,RDLIS,51,47,12012,729,24,99,99,3.515547037124634
cnf/sudoku/top870.sdk.txt/565.txt,RDLIS,58,58,12010,729,22,117,117,4.320266246795654
cnf/sudoku/top870.sdk.txt/203.txt,RDLIS,57,54,12012,729,24,112,112,3.7424540519714355
cnf/sudoku/top870.sdk.txt/217.txt,RDLIS,22,19,12012,729,24,42,42,3.1033599376678467
cnf/sudoku/top870.sdk.txt/571.txt,RDLIS,64,64,12010,729,22,129,129,4.217977046966553
cnf/sudoku/top870.sdk.txt/549.txt,RDLIS,55,54,12012,729,24,110,110,3.3377740383148193
cnf/sudoku/top870.sdk.txt/575.txt,RDLIS,5,3,12010,729,22,9,9,2.340087652206421
cnf/sudoku/top870.sdk.txt/213.txt,RDLIS,104,102,12012,729,24,207,207,5.98754620552063
cnf/sudoku/top870.sdk.txt/207.txt,RDLIS,70,68,12011,729,23,139,139,4.053294897079468
cnf/sudoku/top870.sdk.txt/561.txt,RDLIS,75,73,12010,729,22,149,149,4.617181777954102
cnf/sudoku/top870.sdk.txt/788.txt,RDLIS,7,4,12010,729,22,12,12,2.355161190032959
cnf/sudoku/top870.sdk.txt/777.txt,RDLIS,102,100,12013,729,25,203,203,5.716093063354492
cnf/sudoku/top870.sdk.txt/763.txt,RDLIS,12,7,12011,729,23,20,20,2.4397120475769043
cnf/sudoku/top870.sdk.txt/64.txt,RDLIS,31,29,12011,729,23,61,61,3.317216157913208
cnf/sudoku/top870.sdk.txt/824.txt,RDLIS,26,22,12012,729,24,49,49,2.5003981590270996
cnf/sudoku/top870.sdk.txt/70.txt,RDLIS,5,2,12005,729,17,8,8,2.291686773300171
cnf/sudoku/top870.sdk.txt/830.txt,RDLIS,5,2,12012,729,24,8,8,2.225749969482422
cnf/sudoku/top870.sdk.txt/58.txt,RDLIS,134,130,12010,729,22,265,265,6.000396013259888
cnf/sudoku/top870.sdk.txt/818.txt,RDLIS,8,4,12013,729,25,13,13,2.341317892074585
cnf/sudoku/top870.sdk.txt/159.txt,RDLIS,117,111,12005,729,17,229,229,5.903604030609131
cnf/sudoku/top870.sdk.txt/165.txt,RDLIS,28,24,12010,729,22,53,53,2.8283462524414062
cnf/sudoku/top870.sdk.txt/603.txt,RDLIS,73,66,12012,729,24,140,140,4.454949855804443
cnf/sudoku/top870.sdk.txt/617.txt,RDLIS,7,4,12014,729,26,12,12,2.3026838302612305
cnf/sudoku/top870.sdk.txt/171.txt,RDLIS,42,37,12012,729,24,80,80,3.529110908508301
cnf/sudoku/top870.sdk.txt/398.txt,RDLIS,15,12,12010,729,22,28,28,2.3976359367370605
cnf/sudoku/top870.sdk.txt/429.txt,RDLIS,21,18,12012,729,24,40,40,2.516291856765747
cnf/sudoku/top870.sdk.txt/401.txt,RDLIS,95,89,12011,729,23,185,185,4.642525911331177
cnf/sudoku/top870.sdk.txt/367.txt,RDLIS,110,107,12011,729,23,218,218,5.899649620056152
cnf/sudoku/top870.sdk.txt/373.txt,RDLIS,127,122,12011,729,23,250,250,4.859344244003296
cnf/sudoku/top870.sdk.txt/415.txt,RDLIS,100,96,12011,729,23,197,197,5.50642204284668
cnf/sudoku/top870.sdk.txt/372.txt,RDLIS,16,12,12011,729,23,29,29,2.8224639892578125
cnf/sudoku/top870.sdk.txt/414.txt,RDLIS,34,31,12012,729,24,66,66,3.529060125350952
cnf/sudoku/top870.sdk.txt/400.txt,RDLIS,53,51,12012,729,24,105,105,3.901958703994751
cnf/sudoku/top870.sdk.txt/366.txt,RDLIS,101,99,12012,729,24,201,201,4.5149149894714355
cnf/sudoku/top870.sdk.txt/428.txt,RDLIS,97,92,12011,729,23,190,190,4.815591812133789
cnf/sudoku/top870.sdk.txt/399.txt,RDLIS,145,140,12010,729,22,286,286,6.799499988555908
cnf/sudoku/top870.sdk.txt/616.txt,RDLIS,207,203,12011,729,23,411,411,8.200472116470337
cnf/sudoku/top870.sdk.txt/170.txt,RDLIS,282,279,12005,729,17,562,562,10.79252290725708
cnf/sudoku/top870.sdk.txt/164.txt,RDLIS,145,143,12010,729,22,289,289,7.877173185348511
cnf/sudoku/top870.sdk.txt/602.txt,RDLIS,52,46,12014,729,26,99,99,3.2250308990478516
cnf/sudoku/top870.sdk.txt/158.txt,RDLIS,40,37,12011,729,23,78,78,3.1458160877227783
cnf/sudoku/top870.sdk.txt/819.txt,RDLIS,16,15,12013,729,25,32,32,2.6112051010131836
cnf/sudoku/top870.sdk.txt/59.txt,RDLIS,351,345,12005,729,17,697,697,15.512724876403809
cnf/sudoku/top870.sdk.txt/831.txt,RDLIS,37,35,12014,729,26,73,73,3.0388150215148926
cnf/sudoku/top870.sdk.txt/71.txt,RDLIS,15,14,12011,729,23,30,30,2.6090829372406006
cnf/sudoku/top870.sdk.txt/825.txt,RDLIS,1,0,12013,729,25,2,2,2.063946008682251
cnf/sudoku/top870.sdk.txt/65.txt,RDLIS,132,129,12005,729,17,262,262,6.249608039855957
cnf/sudoku/top870.sdk.txt/762.txt,RDLIS,77,76,12012,729,24,154,154,4.443142890930176
cnf/sudoku/top870.sdk.txt/776.txt,RDLIS,10,6,12012,729,24,17,17,2.440739154815674
cnf/sudoku/top870.sdk.txt/789.txt,RDLIS,4,1,12011,729,23,6,6,2.224478244781494
cnf/sudoku/top870.sdk.txt/206.txt,RDLIS,66,64,12011,729,23,131,131,4.2196879386901855
cnf/sudoku/top870.sdk.txt/560.txt,RDLIS,44,40,12011,729,23,85,85,3.1731228828430176
cnf/sudoku/top870.sdk.txt/574.txt,RDLIS,56,54,12013,729,25,111,111,3.563768148422241
cnf/sudoku/top870.sdk.txt/212.txt,RDLIS,59,59,12012,729,24,119,119,3.372979164123535
cnf/sudoku/top870.sdk.txt/548.txt,RDLIS,47,45,12012,729,24,93,93,3.541828155517578
cnf/sudoku/top870.sdk.txt/589.txt,RDLIS,15,11,12011,729,23,27,27,2.41510009765625
cnf/sudoku/top870.sdk.txt/238.txt,RDLIS,16,10,12012,729,24,27,27,2.49948787689209
cnf/sudoku/top870.sdk.txt/562.txt,RDLIS,83,79,12010,729,22,163,163,5.174262046813965
cnf/sudoku/top870.sdk.txt/204.txt,RDLIS,67,65,12010,729,22,133,133,4.755428791046143
cnf/sudoku/top870.sdk.txt/210.txt,RDLIS,13,10,12005,729,17,24,24,2.4316580295562744
cnf/sudoku/top870.sdk.txt/576.txt,RDLIS,33,31,12014,729,26,65,65,3.1224167346954346
cnf/sudoku/top870.sdk.txt/748.txt,RDLIS,15,11,12014,729,26,27,27,2.4841670989990234
cnf/sudoku/top870.sdk.txt/760.txt,RDLIS,11,10,12012,729,24,22,22,2.399298667907715
cnf/sudoku/top870.sdk.txt/774.txt,RDLIS,34,31,12012,729,24,66,66,3.439030885696411
cnf/sudoku/top870.sdk.txt/73.txt,RDLIS,12,6,12010,729,22,19,19,2.6050219535827637
cnf/sudoku/top870.sdk.txt/833.txt,RDLIS,26,21,12011,729,23,48,48,2.856917142868042
cnf/sudoku/top870.sdk.txt/67.txt,RDLIS,276,270,12005,729,17,547,547,11.99264931678772
cnf/sudoku/top870.sdk.txt/827.txt,RDLIS,33,30,12013,729,25,64,64,2.8236217498779297
cnf/sudoku/top870.sdk.txt/199.txt,RDLIS,66,62,12010,729,22,129,129,5.108278036117554
cnf/sudoku/top870.sdk.txt/9.txt,RDLIS,98,94,12010,729,22,193,193,5.154603958129883
cnf/sudoku/top870.sdk.txt/628.txt,RDLIS,77,74,12011,729,23,152,152,4.007122755050659
cnf/sudoku/top870.sdk.txt/172.txt,RDLIS,25,21,12012,729,24,47,47,2.9293060302734375
cnf/sudoku/top870.sdk.txt/614.txt,RDLIS,35,32,12011,729,23,68,68,2.8710429668426514
cnf/sudoku/top870.sdk.txt/600.txt,RDLIS,2,0,12011,729,23,3,3,2.080521821975708
cnf/sudoku/top870.sdk.txt/98.txt,RDLIS,35,32,12012,729,24,68,68,2.772557020187378
cnf/sudoku/top870.sdk.txt/166.txt,RDLIS,70,68,12005,729,17,139,139,4.20128607749939
cnf/sudoku/top870.sdk.txt/358.txt,RDLIS,70,69,12012,729,24,140,140,4.403703927993774
cnf/sudoku/top870.sdk.txt/416.txt,RDLIS,107,103,12012,729,24,211,211,4.819066762924194
cnf/sudoku/top870.sdk.txt/370.txt,RDLIS,38,36,12012,729,24,75,75,3.8113698959350586
cnf/sudoku/top870.sdk.txt/364.txt,RDLIS,16,11,12015,729,27,28,28,2.311704158782959
cnf/sudoku/top870.sdk.txt/402.txt,RDLIS,24,19,12012,729,24,44,44,2.707868814468384
cnf/sudoku/top870.sdk.txt/365.txt,RDLIS,108,107,12012,729,24,216,216,5.64428973197937
cnf/sudoku/top870.sdk.txt/403.txt,RDLIS,45,43,12012,729,24,89,89,3.8413450717926025
cnf/sudoku/top870.sdk.txt/417.txt,RDLIS,29,26,12011,729,23,56,56,3.2377829551696777
cnf/sudoku/top870.sdk.txt/371.txt,RDLIS,109,105,12013,729,25,215,215,5.198295831680298
cnf/sudoku/top870.sdk.txt/359.txt,RDLIS,2,0,12011,729,23,3,3,2.0203750133514404
cnf/sudoku/top870.sdk.txt/99.txt,RDLIS,107,103,12009,729,21,211,211,5.8156819343566895
cnf/sudoku/top870.sdk.txt/601.txt,RDLIS,4,3,12011,729,23,8,8,2.3135008811950684
cnf/sudoku/top870.sdk.txt/167.txt,RDLIS,39,36,12011,729,23,76,76,3.7911930084228516
cnf/sudoku/top870.sdk.txt/173.txt,RDLIS,23,19,12010,729,22,43,43,2.782311201095581
cnf/sudoku/top870.sdk.txt/615.txt,RDLIS,82,76,12011,729,23,159,159,3.7765953540802
cnf/sudoku/top870.sdk.txt/629.txt,RDLIS,100,97,12012,729,24,198,198,4.846729040145874
cnf/sudoku/top870.sdk.txt/8.txt,RDLIS,319,318,12010,729,22,638,638,12.470688819885254
cnf/sudoku/top870.sdk.txt/826.txt,RDLIS,33,28,12012,729,24,62,62,3.2420461177825928
cnf/sudoku/top870.sdk.txt/66.txt,RDLIS,51,48,12010,729,22,100,100,3.3989691734313965
cnf/sudoku/top870.sdk.txt/198.txt,RDLIS,117,111,12005,729,17,229,229,4.983757019042969
cnf/sudoku/top870.sdk.txt/832.txt,RDLIS,3,0,12013,729,25,4,4,2.168790102005005
cnf/sudoku/top870.sdk.txt/72.txt,RDLIS,112,108,12011,729,23,221,221,5.602743864059448
cnf/sudoku/top870.sdk.txt/775.txt,RDLIS,2,1,12011,729,23,4,4,2.3145358562469482
cnf/sudoku/top870.sdk.txt/761.txt,RDLIS,13,11,12012,729,24,25,25,2.3366219997406006
cnf/sudoku/top870.sdk.txt/749.txt,RDLIS,9,6,12010,729,22,16,16,2.3987977504730225
cnf/sudoku/top870.sdk.txt/211.txt,RDLIS,156,147,12012,729,24,304,304,6.745206832885742
cnf/sudoku/top870.sdk.txt/577.txt,RDLIS,91,86,12012,729,24,178,178,4.759013891220093
cnf/sudoku/top870.sdk.txt/563.txt,RDLIS,87,86,12013,729,25,174,174,4.995361089706421
cnf/sudoku/top870.sdk.txt/205.txt,RDLIS,78,72,12011,729,23,151,151,5.216796159744263
cnf/sudoku/top870.sdk.txt/239.txt,RDLIS,51,49,12010,729,22,101,101,3.818387031555176
cnf/sudoku/top870.sdk.txt/588.txt,RDLIS,58,58,12011,729,23,117,117,4.152397155761719
cnf/sudoku/top870.sdk.txt/585.txt,RDLIS,32,28,12012,729,24,61,61,3.4231488704681396
cnf/sudoku/top870.sdk.txt/591.txt,RDLIS,28,27,12013,729,25,56,56,2.8024799823760986
cnf/sudoku/top870.sdk.txt/220.txt,RDLIS,296,291,12005,729,17,588,588,9.59001898765564
cnf/sudoku/top870.sdk.txt/546.txt,RDLIS,18,11,12011,729,23,30,30,2.3357388973236084
cnf/sudoku/top870.sdk.txt/552.txt,RDLIS,42,37,12013,729,25,80,80,2.964290142059326
cnf/sudoku/top870.sdk.txt/234.txt,RDLIS,54,49,12012,729,24,104,104,3.117037773132324
cnf/sudoku/top870.sdk.txt/208.txt,RDLIS,24,17,12012,729,24,42,42,2.697443723678589
cnf/sudoku/top870.sdk.txt/787.txt,RDLIS,46,40,12012,729,24,87,87,3.501969814300537
cnf/sudoku/top870.sdk.txt/793.txt,RDLIS,47,45,12011,729,23,93,93,3.815202236175537
cnf/sudoku/top870.sdk.txt/744.txt,RDLIS,33,29,12005,729,17,63,63,2.849271059036255
cnf/sudoku/top870.sdk.txt/750.txt,RDLIS,94,89,12012,729,24,184,184,5.186776638031006
cnf/sudoku/top870.sdk.txt/778.txt,RDLIS,21,17,12011,729,23,39,39,2.6792120933532715
cnf/sudoku/top870.sdk.txt/195.txt,RDLIS,133,129,12009,729,21,263,263,7.139063596725464
cnf/sudoku/top870.sdk.txt/181.txt,RDLIS,116,111,12010,729,22,228,228,5.99053692817688
cnf/sudoku/top870.sdk.txt/57.txt,RDLIS,175,174,12012,729,24,350,350,8.263125658035278
cnf/sudoku/top870.sdk.txt/817.txt,RDLIS,87,84,12011,729,23,172,172,4.058223247528076
cnf/sudoku/top870.sdk.txt/5.txt,RDLIS,825,820,12005,729,17,1646,1646,27.68935489654541
cnf/sudoku/top870.sdk.txt/43.txt,RDLIS,186,184,12011,729,23,371,371,7.5090978145599365
cnf/sudoku/top870.sdk.txt/803.txt,RDLIS,24,20,12014,729,26,45,45,2.6113758087158203
cnf/sudoku/top870.sdk.txt/630.txt,RDLIS,75,70,12011,729,23,146,146,4.200958967208862
cnf/sudoku/top870.sdk.txt/156.txt,RDLIS,94,94,12011,729,23,189,189,5.262197971343994
cnf/sudoku/top870.sdk.txt/142.txt,RDLIS,609,604,12005,729,17,1214,1214,26.152919054031372
cnf/sudoku/top870.sdk.txt/624.txt,RDLIS,99,98,12010,729,22,198,198,5.881464004516602
cnf/sudoku/top870.sdk.txt/94.txt,RDLIS,6,3,12012,729,24,10,10,2.2581350803375244
cnf/sudoku/top870.sdk.txt/80.txt,RDLIS,27,21,12013,729,25,49,49,2.4862101078033447
cnf/sudoku/top870.sdk.txt/618.txt,RDLIS,64,63,12010,729,22,128,128,4.3120222091674805
cnf/sudoku/top870.sdk.txt/397.txt,RDLIS,4,2,12011,729,23,7,7,2.1662540435791016
cnf/sudoku/top870.sdk.txt/383.txt,RDLIS,10,8,12012,729,24,19,19,2.32684326171875
cnf/sudoku/top870.sdk.txt/354.txt,RDLIS,39,38,12011,729,23,78,78,2.995757818222046
cnf/sudoku/top870.sdk.txt/432.txt,RDLIS,115,111,12011,729,23,227,227,6.463402032852173
cnf/sudoku/top870.sdk.txt/426.txt,RDLIS,43,39,12013,729,25,83,83,3.4960882663726807
cnf/sudoku/top870.sdk.txt/340.txt,RDLIS,4,1,12012,729,24,6,6,2.2397119998931885
cnf/sudoku/top870.sdk.txt/368.txt,RDLIS,151,146,12011,729,23,298,298,7.105445146560669
cnf/sudoku/top870.sdk.txt/369.txt,RDLIS,37,34,12011,729,23,72,72,3.315026044845581
cnf/sudoku/top870.sdk.txt/427.txt,RDLIS,61,59,12012,729,24,121,121,3.427157163619995
cnf/sudoku/top870.sdk.txt/341.txt,RDLIS,151,149,12008,729,20,301,301,8.237797975540161
cnf/sudoku/top870.sdk.txt/355.txt,RDLIS,28,23,12012,729,24,52,52,2.9204859733581543
cnf/sudoku/top870.sdk.txt/433.txt,RDLIS,61,59,12009,729,21,121,121,3.6162970066070557
cnf/sudoku/top870.sdk.txt/382.txt,RDLIS,61,60,12012,729,24,122,122,4.619810104370117
cnf/sudoku/top870.sdk.txt/396.txt,RDLIS,140,138,12012,729,24,279,279,7.117314100265503
cnf/sudoku/top870.sdk.txt/619.txt,RDLIS,56,55,12011,729,23,112,112,3.603637933731079
cnf/sudoku/top870.sdk.txt/81.txt,RDLIS,143,140,12005,729,17,284,284,7.0505900382995605
cnf/sudoku/top870.sdk.txt/95.txt,RDLIS,41,36,12012,729,24,78,78,3.6488330364227295
cnf/sudoku/top870.sdk.txt/143.txt,RDLIS,97,93,12010,729,22,191,191,4.832406997680664
cnf/sudoku/top870.sdk.txt/625.txt,RDLIS,64,58,12005,729,17,123,123,4.266273021697998
cnf/sudoku/top870.sdk.txt/631.txt,RDLIS,30,28,12013,729,25,59,59,3.372969150543213
cnf/sudoku/top870.sdk.txt/157.txt,RDLIS,202,192,12011,729,23,395,395,7.302043914794922
cnf/sudoku/top870.sdk.txt/802.txt,RDLIS,21,16,12013,729,25,38,38,2.5218918323516846
cnf/sudoku/top870.sdk.txt/42.txt,RDLIS,128,123,12011,729,23,252,252,5.761532783508301
cnf/sudoku/top870.sdk.txt/816.txt,RDLIS,49,47,12010,729,22,97,97,3.5129899978637695
cnf/sudoku/top870.sdk.txt/56.txt,RDLIS,48,44,12011,729,23,93,93,3.811383008956909
cnf/sudoku/top870.sdk.txt/4.txt,RDLIS,344,337,12010,729,22,682,682,14.21433687210083
cnf/sudoku/top870.sdk.txt/180.txt,RDLIS,5,1,12011,729,23,7,7,2.2736990451812744
cnf/sudoku/top870.sdk.txt/194.txt,RDLIS,7,5,12012,729,24,13,13,2.490539073944092
cnf/sudoku/top870.sdk.txt/779.txt,RDLIS,162,160,12010,729,22,323,323,7.399895191192627
cnf/sudoku/top870.sdk.txt/751.txt,RDLIS,47,45,12009,729,21,93,93,3.570204257965088
cnf/sudoku/top870.sdk.txt/745.txt,RDLIS,13,11,12011,729,23,25,25,2.5548031330108643
cnf/sudoku/top870.sdk.txt/792.txt,RDLIS,114,111,12012,729,24,226,226,6.726625919342041
cnf/sudoku/top870.sdk.txt/786.txt,RDLIS,49,47,12013,729,25,97,97,3.5921437740325928
cnf/sudoku/top870.sdk.txt/209.txt,RDLIS,6,5,12013,729,25,12,12,2.538546085357666
cnf/sudoku/top870.sdk.txt/553.txt,RDLIS,61,59,12012,729,24,121,121,3.698533773422241
cnf/sudoku/top870.sdk.txt/235.txt,RDLIS,7,3,12012,729,24,11,11,2.3508641719818115
cnf/sudoku/top870.sdk.txt/221.txt,RDLIS,14,6,12012,729,24,21,21,2.3399579524993896
cnf/sudoku/top870.sdk.txt/547.txt,RDLIS,28,26,12010,729,22,55,55,3.0891640186309814
cnf/sudoku/top870.sdk.txt/590.txt,RDLIS,56,53,12005,729,17,110,110,3.258324146270752
cnf/sudoku/top870.sdk.txt/584.txt,RDLIS,82,80,12013,729,25,163,163,4.419578790664673
cnf/sudoku/top870.sdk.txt/592.txt,RDLIS,78,73,12012,729,24,152,152,4.319088935852051
cnf/sudoku/top870.sdk.txt/586.txt,RDLIS,46,40,12012,729,24,87,87,3.190500259399414
cnf/sudoku/top870.sdk.txt/237.txt,RDLIS,20,18,12011,729,23,39,39,2.631319761276245
cnf/sudoku/top870.sdk.txt/551.txt,RDLIS,3,0,12013,729,25,4,4,2.1652379035949707
cnf/sudoku/top870.sdk.txt/545.txt,RDLIS,111,110,12012,729,24,222,222,5.864880084991455
cnf/sudoku/top870.sdk.txt/223.txt,RDLIS,691,688,12005,729,17,1380,1380,27.5741970539093
cnf/sudoku/top870.sdk.txt/579.txt,RDLIS,276,274,12011,729,23,551,551,13.324563980102539
cnf/sudoku/top870.sdk.txt/790.txt,RDLIS,81,78,12010,729,22,160,160,4.314461946487427
cnf/sudoku/top870.sdk.txt/784.txt,RDLIS,25,19,12009,729,21,45,45,2.6458323001861572
cnf/sudoku/top870.sdk.txt/753.txt,RDLIS,35,26,12012,729,24,62,62,2.5955400466918945
cnf/sudoku/top870.sdk.txt/747.txt,RDLIS,40,39,12013,729,25,80,80,3.363966941833496
cnf/sudoku/top870.sdk.txt/182.txt,RDLIS,75,73,12012,729,24,149,149,3.797719955444336
cnf/sudoku/top870.sdk.txt/196.txt,RDLIS,62,60,12011,729,23,123,123,3.5808558464050293
cnf/sudoku/top870.sdk.txt/68.txt,RDLIS,76,71,12009,729,21,148,148,5.288254976272583
cnf/sudoku/top870.sdk.txt/828.txt,RDLIS,5,2,12010,729,22,8,8,2.16880202293396
cnf/sudoku/top870.sdk.txt/40.txt,RDLIS,1726,1720,12005,729,17,3447,3447,66.78232717514038
cnf/sudoku/top870.sdk.txt/800.txt,RDLIS,23,22,12012,729,24,46,46,2.9407219886779785
cnf/sudoku/top870.sdk.txt/6.txt,RDLIS,5,3,12011,729,23,9,9,2.3865339756011963
cnf/sudoku/top870.sdk.txt/54.txt,RDLIS,138,136,12011,729,23,275,275,3.940441846847534
cnf/sudoku/top870.sdk.txt/814.txt,RDLIS,75,73,12009,729,21,149,149,4.911339998245239
cnf/sudoku/top870.sdk.txt/627.txt,RDLIS,68,66,12013,729,25,135,135,4.412440061569214
cnf/sudoku/top870.sdk.txt/141.txt,RDLIS,28,26,12010,729,22,55,55,2.67582106590271
cnf/sudoku/top870.sdk.txt/155.txt,RDLIS,46,42,12012,729,24,89,89,3.547978162765503
cnf/sudoku/top870.sdk.txt/633.txt,RDLIS,2,0,12012,729,24,3,3,2.093914747238159
cnf/sudoku/top870.sdk.txt/83.txt,RDLIS,229,227,12011,729,23,457,457,10.750802755355835
cnf/sudoku/top870.sdk.txt/169.txt,RDLIS,87,85,12011,729,23,173,173,5.669641017913818
cnf/sudoku/top870.sdk.txt/97.txt,RDLIS,14,11,12010,729,22,26,26,2.434147834777832
cnf/sudoku/top870.sdk.txt/380.txt,RDLIS,28,24,12010,729,22,53,53,3.147462844848633
cnf/sudoku/top870.sdk.txt/394.txt,RDLIS,119,118,12012,729,24,238,238,6.030529975891113
cnf/sudoku/top870.sdk.txt/343.txt,RDLIS,5,1,12011,729,23,7,7,2.3084921836853027
cnf/sudoku/top870.sdk.txt/425.txt,RDLIS,40,36,12011,729,23,77,77,3.820923089981079
cnf/sudoku/top870.sdk.txt/431.txt,RDLIS,40,31,12011,729,23,72,72,3.481239080429077
cnf/sudoku/top870.sdk.txt/357.txt,RDLIS,48,47,12012,729,24,96,96,3.6721959114074707
cnf/sudoku/top870.sdk.txt/419.txt,RDLIS,74,71,12011,729,23,146,146,4.492692232131958
cnf/sudoku/top870.sdk.txt/418.txt,RDLIS,86,82,12011,729,23,169,169,5.178684949874878
cnf/sudoku/top870.sdk.txt/430.txt,RDLIS,19,11,12010,729,22,31,31,2.531838893890381
cnf/sudoku/top870.sdk.txt/356.txt,RDLIS,20,17,12012,729,24,38,38,2.4992361068725586
cnf/sudoku/top870.sdk.txt/342.txt,RDLIS,31,27,12005,729,17,59,59,3.1377651691436768
cnf/sudoku/top870.sdk.txt/424.txt,RDLIS,98,95,12009,729,21,194,194,4.655202150344849
cnf/sudoku/top870.sdk.txt/395.txt,RDLIS,79,78,12009,729,21,158,158,4.580827236175537
cnf/sudoku/top870.sdk.txt/381.txt,RDLIS,8,3,12013,729,25,12,12,2.5910372734069824
cnf/sudoku/top870.sdk.txt/168.txt,RDLIS,7,5,12012,729,24,13,13,2.615182876586914
cnf/sudoku/top870.sdk.txt/96.txt,RDLIS,219,218,12012,729,24,438,438,8.663790941238403
cnf/sudoku/top870.sdk.txt/82.txt,RDLIS,129,123,12005,729,17,253,253,5.858062028884888
cnf/sudoku/top870.sdk.txt/154.txt,RDLIS,126,122,12012,729,24,249,249,6.598093748092651
cnf/sudoku/top870.sdk.txt/632.txt,RDLIS,32,27,12012,729,24,60,60,2.6330339908599854
cnf/sudoku/top870.sdk.txt/626.txt,RDLIS,15,11,12014,729,26,27,27,2.4655847549438477
cnf/sudoku/top870.sdk.txt/140.txt,RDLIS,31,26,12012,729,24,58,58,3.1671302318573
cnf/sudoku/top870.sdk.txt/7.txt,RDLIS,81,78,12011,729,23,160,160,4.3841872215271
cnf/sudoku/top870.sdk.txt/815.txt,RDLIS,72,69,12011,729,23,142,142,4.075149059295654
cnf/sudoku/top870.sdk.txt/55.txt,RDLIS,49,47,12012,729,24,97,97,3.8154499530792236
cnf/sudoku/top870.sdk.txt/801.txt,RDLIS,82,80,12011,729,23,163,163,4.385508060455322
cnf/sudoku/top870.sdk.txt/41.txt,RDLIS,265,260,12005,729,17,526,526,10.48248028755188
cnf/sudoku/top870.sdk.txt/197.txt,RDLIS,51,47,12011,729,23,99,99,4.103811025619507
cnf/sudoku/top870.sdk.txt/829.txt,RDLIS,7,3,12011,729,23,11,11,2.4013938903808594
cnf/sudoku/top870.sdk.txt/69.txt,RDLIS,251,250,12011,729,23,502,502,10.832106351852417
cnf/sudoku/top870.sdk.txt/183.txt,RDLIS,6,3,12011,729,23,10,10,2.397477149963379
cnf/sudoku/top870.sdk.txt/746.txt,RDLIS,28,25,12011,729,23,54,54,3.1397578716278076
cnf/sudoku/top870.sdk.txt/752.txt,RDLIS,81,81,12009,729,21,163,163,4.15547513961792
cnf/sudoku/top870.sdk.txt/785.txt,RDLIS,28,24,12010,729,22,53,53,3.004781723022461
cnf/sudoku/top870.sdk.txt/791.txt,RDLIS,260,258,12011,729,23,519,519,11.2223539352417
cnf/sudoku/top870.sdk.txt/578.txt,RDLIS,122,120,12009,729,21,243,243,6.67177414894104
cnf/sudoku/top870.sdk.txt/544.txt,RDLIS,39,36,12011,729,23,76,76,3.4062142372131348
cnf/sudoku/top870.sdk.txt/222.txt,RDLIS,186,182,12005,729,17,369,369,7.345520257949829
cnf/sudoku/top870.sdk.txt/236.txt,RDLIS,107,104,12010,729,22,212,212,5.3607659339904785
cnf/sudoku/top870.sdk.txt/550.txt,RDLIS,141,139,12012,729,24,281,281,6.962218999862671
cnf/sudoku/top870.sdk.txt/587.txt,RDLIS,9,5,12011,729,23,15,15,2.704472064971924
cnf/sudoku/top870.sdk.txt/593.txt,RDLIS,46,45,12010,729,22,92,92,3.247365951538086
cnf/sudoku/top870.sdk.txt/597.txt,RDLIS,2,0,12011,729,23,3,3,2.0116732120513916
cnf/sudoku/top870.sdk.txt/583.txt,RDLIS,10,5,12011,729,23,16,16,2.22648286819458
cnf/sudoku/top870.sdk.txt/568.txt,RDLIS,66,60,12011,729,23,127,127,4.812408208847046
cnf/sudoku/top870.sdk.txt/554.txt,RDLIS,334,330,12013,729,25,665,665,11.98222804069519
cnf/sudoku/top870.sdk.txt/232.txt,RDLIS,32,26,12013,729,25,59,59,3.3241429328918457
cnf/sudoku/top870.sdk.txt/226.txt,RDLIS,7,4,12009,729,21,12,12,2.1783030033111572
cnf/sudoku/top870.sdk.txt/540.txt,RDLIS,7,4,12011,729,23,12,12,2.1215531826019287
cnf/sudoku/top870.sdk.txt/795.txt,RDLIS,38,37,12011,729,23,76,76,3.1416518688201904
cnf/sudoku/top870.sdk.txt/781.txt,RDLIS,33,28,12010,729,22,62,62,3.206470251083374
cnf/sudoku/top870.sdk.txt/756.txt,RDLIS,30,27,12012,729,24,58,58,2.8073761463165283
cnf/sudoku/top870.sdk.txt/742.txt,RDLIS,5,0,12011,729,23,6,6,2.0449159145355225
cnf/sudoku/top870.sdk.txt/45.txt,RDLIS,47,43,12010,729,22,91,91,3.3361520767211914
cnf/sudoku/top870.sdk.txt/805.txt,RDLIS,51,45,12009,729,21,97,97,3.383052110671997
cnf/sudoku/top870.sdk.txt/51.txt,RDLIS,113,108,12011,729,23,222,222,4.924179315567017
cnf/sudoku/top870.sdk.txt/811.txt,RDLIS,44,42,12012,729,24,87,87,3.085397958755493
cnf/sudoku/top870.sdk.txt/3.txt,RDLIS,743,739,12005,729,17,1483,1483,25.458425045013428
cnf/sudoku/top870.sdk.txt/187.txt,RDLIS,33,31,12009,729,21,65,65,3.346926689147949
cnf/sudoku/top870.sdk.txt/79.txt,RDLIS,129,125,12012,729,24,255,255,6.04694390296936
cnf/sudoku/top870.sdk.txt/839.txt,RDLIS,17,11,12011,729,23,29,29,2.4724080562591553
cnf/sudoku/top870.sdk.txt/193.txt,RDLIS,49,43,12013,729,25,93,93,3.163313150405884
cnf/sudoku/top870.sdk.txt/178.txt,RDLIS,43,36,12012,729,24,80,80,3.00618314743042
cnf/sudoku/top870.sdk.txt/86.txt,RDLIS,119,116,12011,729,23,236,236,5.7189717292785645
cnf/sudoku/top870.sdk.txt/92.txt,RDLIS,77,68,12013,729,25,146,146,4.4550721645355225
cnf/sudoku/top870.sdk.txt/144.txt,RDLIS,76,75,12010,729,22,152,152,4.320864200592041
cnf/sudoku/top870.sdk.txt/622.txt,RDLIS,48,47,12010,729,22,96,96,3.741481065750122
cnf/sudoku/top870.sdk.txt/636.txt,RDLIS,64,62,12010,729,22,127,127,4.166996002197266
cnf/sudoku/top870.sdk.txt/150.txt,RDLIS,28,25,12014,729,26,54,54,2.9600610733032227
cnf/sudoku/top870.sdk.txt/385.txt,RDLIS,20,12,12005,729,17,33,33,2.3838210105895996
cnf/sudoku/top870.sdk.txt/391.txt,RDLIS,319,312,12005,729,17,632,632,15.005202054977417
cnf/sudoku/top870.sdk.txt/408.txt,RDLIS,41,39,12010,729,22,81,81,3.349097967147827
cnf/sudoku/top870.sdk.txt/420.txt,RDLIS,132,126,12013,729,25,259,259,6.866659641265869
cnf/sudoku/top870.sdk.txt/346.txt,RDLIS,33,30,12011,729,23,64,64,3.0821549892425537
cnf/sudoku/top870.sdk.txt/352.txt,RDLIS,110,106,12011,729,23,217,217,5.7144200801849365
cnf/sudoku/top870.sdk.txt/434.txt,RDLIS,23,16,12012,729,24,40,40,2.8282620906829834
cnf/sudoku/top870.sdk.txt/353.txt,RDLIS,112,109,12011,729,23,222,222,4.650754928588867
cnf/sudoku/top870.sdk.txt/435.txt,RDLIS,87,84,12012,729,24,172,172,4.51800012588501
cnf/sudoku/top870.sdk.txt/421.txt,RDLIS,43,38,12011,729,23,82,82,3.5313773155212402
cnf/sudoku/top870.sdk.txt/347.txt,RDLIS,60,56,12011,729,23,117,117,3.860060930252075
cnf/sudoku/top870.sdk.txt/409.txt,RDLIS,11,9,12010,729,22,21,21,2.280299663543701
cnf/sudoku/top870.sdk.txt/390.txt,RDLIS,26,23,12012,729,24,50,50,3.010233163833618
cnf/sudoku/top870.sdk.txt/384.txt,RDLIS,45,41,12012,729,24,87,87,3.269768238067627
cnf/sudoku/top870.sdk.txt/637.txt,RDLIS,26,24,12011,729,23,51,51,2.236722946166992
cnf/sudoku/top870.sdk.txt/151.txt,RDLIS,65,62,12013,729,25,128,128,4.1468119621276855
cnf/sudoku/top870.sdk.txt/145.txt,RDLIS,43,40,12012,729,24,84,84,3.116168260574341
cnf/sudoku/top870.sdk.txt/623.txt,RDLIS,32,29,12012,729,24,62,62,3.043215751647949
cnf/sudoku/top870.sdk.txt/93.txt,RDLIS,169,165,12013,729,25,335,335,7.9195942878723145
cnf/sudoku/top870.sdk.txt/179.txt,RDLIS,42,39,12011,729,23,82,82,3.5590829849243164
cnf/sudoku/top870.sdk.txt/87.txt,RDLIS,132,129,12011,729,23,262,262,5.831346273422241
cnf/sudoku/top870.sdk.txt/192.txt,RDLIS,52,47,12011,729,23,100,100,3.5326321125030518
cnf/sudoku/top870.sdk.txt/186.txt,RDLIS,78,72,12011,729,23,151,151,4.195369005203247
cnf/sudoku/top870.sdk.txt/838.txt,RDLIS,52,50,12012,729,24,103,103,3.6942138671875
cnf/sudoku/top870.sdk.txt/78.txt,RDLIS,133,127,12005,729,17,261,261,5.825624942779541
cnf/sudoku/top870.sdk.txt/810.txt,RDLIS,20,16,12014,729,26,37,37,2.30165696144104
cnf/sudoku/top870.sdk.txt/50.txt,RDLIS,91,85,12013,729,25,177,177,5.568650007247925
cnf/sudoku/top870.sdk.txt/2.txt,RDLIS,739,736,12005,729,17,1476,1476,33.46773099899292
cnf/sudoku/top870.sdk.txt/804.txt,RDLIS,37,35,12011,729,23,73,73,3.0728087425231934
cnf/sudoku/top870.sdk.txt/44.txt,RDLIS,174,171,12010,729,22,346,346,6.6721649169921875
cnf/sudoku/top870.sdk.txt/743.txt,RDLIS,23,22,12014,729,26,46,46,2.521005868911743
cnf/sudoku/top870.sdk.txt/757.txt,RDLIS,53,48,12011,729,23,102,102,3.872742176055908
cnf/sudoku/top870.sdk.txt/780.txt,RDLIS,12,10,12014,729,26,23,23,2.3502840995788574
cnf/sudoku/top870.sdk.txt/794.txt,RDLIS,45,45,12013,729,25,91,91,3.6754729747772217
cnf/sudoku/top870.sdk.txt/227.txt,RDLIS,91,87,12011,729,23,179,179,5.21439003944397
cnf/sudoku/top870.sdk.txt/541.txt,RDLIS,56,55,12011,729,23,112,112,3.8770129680633545
cnf/sudoku/top870.sdk.txt/555.txt,RDLIS,25,22,12013,729,25,48,48,2.689997911453247
cnf/sudoku/top870.sdk.txt/233.txt,RDLIS,14,13,12010,729,22,28,28,2.684864044189453
cnf/sudoku/top870.sdk.txt/569.txt,RDLIS,12,9,12011,729,23,22,22,2.6347360610961914
cnf/sudoku/top870.sdk.txt/582.txt,RDLIS,2,0,12011,729,23,3,3,1.9707520008087158
cnf/sudoku/top870.sdk.txt/596.txt,RDLIS,49,45,12011,729,23,95,95,3.1256461143493652
cnf/sudoku/top870.sdk.txt/580.txt,RDLIS,8,6,12011,729,23,15,15,2.2328319549560547
cnf/sudoku/top870.sdk.txt/594.txt,RDLIS,26,23,12012,729,24,50,50,2.8139760494232178
cnf/sudoku/top870.sdk.txt/219.txt,RDLIS,6,5,12012,729,24,12,12,2.2900168895721436
cnf/sudoku/top870.sdk.txt/543.txt,RDLIS,43,39,12011,729,23,83,83,3.2117018699645996
cnf/sudoku/top870.sdk.txt/225.txt,RDLIS,80,76,12011,729,23,157,157,5.156905889511108
cnf/sudoku/top870.sdk.txt/231.txt,RDLIS,1,0,12013,729,25,2,2,2.0876359939575195
cnf/sudoku/top870.sdk.txt/557.txt,RDLIS,58,54,12009,729,21,113,113,4.553210020065308
cnf/sudoku/top870.sdk.txt/782.txt,RDLIS,308,306,12005,729,17,615,615,11.944881916046143
cnf/sudoku/top870.sdk.txt/796.txt,RDLIS,37,36,12011,729,23,74,74,3.7312350273132324
cnf/sudoku/top870.sdk.txt/769.txt,RDLIS,142,135,12011,729,23,278,278,6.35397481918335
cnf/sudoku/top870.sdk.txt/741.txt,RDLIS,20,17,12011,729,23,38,38,2.6766951084136963
cnf/sudoku/top870.sdk.txt/755.txt,RDLIS,4,0,12013,729,25,5,5,2.2097249031066895
cnf/sudoku/top870.sdk.txt/0.txt,RDLIS,1078,1072,12005,729,17,2151,2151,40.46171426773071
cnf/sudoku/top870.sdk.txt/52.txt,RDLIS,15,12,12005,729,17,28,28,2.3183670043945312
cnf/sudoku/top870.sdk.txt/812.txt,RDLIS,2,0,12015,729,27,3,3,2.1330959796905518
cnf/sudoku/top870.sdk.txt/46.txt,RDLIS,31,27,12012,729,24,59,59,3.233806848526001
cnf/sudoku/top870.sdk.txt/806.txt,RDLIS,59,56,12013,729,25,116,116,3.7386679649353027
cnf/sudoku/top870.sdk.txt/190.txt,RDLIS,53,49,12012,729,24,103,103,3.9296600818634033
cnf/sudoku/top870.sdk.txt/184.txt,RDLIS,113,105,12005,729,17,219,219,5.361591100692749
cnf/sudoku/top870.sdk.txt/609.txt,RDLIS,13,10,12012,729,24,24,24,2.488278865814209
cnf/sudoku/top870.sdk.txt/91.txt,RDLIS,55,52,12010,729,22,108,108,4.5013039112091064
cnf/sudoku/top870.sdk.txt/85.txt,RDLIS,79,74,12011,729,23,154,154,4.926843881607056
cnf/sudoku/top870.sdk.txt/153.txt,RDLIS,10,4,12013,729,25,15,15,2.2816503047943115
cnf/sudoku/top870.sdk.txt/635.txt,RDLIS,9,4,12011,729,23,14,14,2.3716390132904053
cnf/sudoku/top870.sdk.txt/621.txt,RDLIS,4,1,12012,729,24,6,6,2.214782238006592
cnf/sudoku/top870.sdk.txt/147.txt,RDLIS,30,21,12010,729,22,52,52,2.662788152694702
cnf/sudoku/top870.sdk.txt/392.txt,RDLIS,53,50,12013,729,25,104,104,3.839136838912964
cnf/sudoku/top870.sdk.txt/386.txt,RDLIS,47,42,12013,729,25,90,90,3.183220148086548
cnf/sudoku/top870.sdk.txt/379.txt,RDLIS,61,58,12013,729,25,120,120,3.6536710262298584
cnf/sudoku/top870.sdk.txt/437.txt,RDLIS,33,30,12009,729,21,64,64,3.0365068912506104
cnf/sudoku/top870.sdk.txt/351.txt,RDLIS,72,70,12011,729,23,143,143,4.458014965057373
cnf/sudoku/top870.sdk.txt/345.txt,RDLIS,9,5,12012,729,24,15,15,2.1115682125091553
cnf/sudoku/top870.sdk.txt/423.txt,RDLIS,29,25,12011,729,23,55,55,2.85758900642395
cnf/sudoku/top870.sdk.txt/344.txt,RDLIS,11,6,12013,729,25,18,18,2.2301383018493652
cnf/sudoku/top870.sdk.txt/422.txt,RDLIS,3,2,12010,729,22,6,6,2.228573799133301
cnf/sudoku/top870.sdk.txt/436.txt,RDLIS,38,37,12010,729,22,76,76,3.138262987136841
cnf/sudoku/top870.sdk.txt/350.txt,RDLIS,15,12,12008,729,20,28,28,2.175952911376953
cnf/sudoku/top870.sdk.txt/378.txt,RDLIS,90,86,12012,729,24,177,177,4.86215615272522
cnf/sudoku/top870.sdk.txt/387.txt,RDLIS,71,67,12011,729,23,139,139,4.053483009338379
cnf/sudoku/top870.sdk.txt/393.txt,RDLIS,101,101,12012,729,24,203,203,5.756839036941528
cnf/sudoku/top870.sdk.txt/620.txt,RDLIS,45,41,12011,729,23,87,87,5.0194411277771
cnf/sudoku/top870.sdk.txt/146.txt,RDLIS,4,1,12005,729,17,6,6,2.2150039672851562
cnf/sudoku/top870.sdk.txt/152.txt,RDLIS,157,153,12005,729,17,311,311,7.390836238861084
cnf/sudoku/top870.sdk.txt/634.txt,RDLIS,12,10,12010,729,22,23,23,2.5371599197387695
cnf/sudoku/top870.sdk.txt/84.txt,RDLIS,35,32,12012,729,24,68,68,3.500649929046631
cnf/sudoku/top870.sdk.txt/90.txt,RDLIS,110,103,12010,729,22,214,214,5.253284931182861
cnf/sudoku/top870.sdk.txt/608.txt,RDLIS,27,24,12010,729,22,52,52,2.6374268531799316
cnf/sudoku/top870.sdk.txt/185.txt,RDLIS,41,38,12014,729,26,80,80,2.986989736557007
cnf/sudoku/top870.sdk.txt/191.txt,RDLIS,9,4,12011,729,23,14,14,2.443419933319092
cnf/sudoku/top870.sdk.txt/807.txt,RDLIS,56,54,12015,729,27,111,111,3.586888074874878
cnf/sudoku/top870.sdk.txt/47.txt,RDLIS,150,148,12010,729,22,299,299,6.466346025466919
cnf/sudoku/top870.sdk.txt/1.txt,RDLIS,584,579,12005,729,17,1164,1164,23.0455482006073
cnf/sudoku/top870.sdk.txt/813.txt,RDLIS,7,3,12012,729,24,11,11,2.1079890727996826
cnf/sudoku/top870.sdk.txt/53.txt,RDLIS,48,42,12009,729,21,91,91,3.2241148948669434
cnf/sudoku/top870.sdk.txt/754.txt,RDLIS,145,144,12005,729,17,290,290,6.629506826400757
cnf/sudoku/top870.sdk.txt/740.txt,RDLIS,49,45,12013,729,25,95,95,3.704042911529541
cnf/sudoku/top870.sdk.txt/768.txt,RDLIS,94,92,12012,729,24,187,187,4.520125865936279
cnf/sudoku/top870.sdk.txt/797.txt,RDLIS,99,97,12009,729,21,197,197,5.298565149307251
cnf/sudoku/top870.sdk.txt/783.txt,RDLIS,19,17,12013,729,25,37,37,2.6395938396453857
cnf/sudoku/top870.sdk.txt/230.txt,RDLIS,273,268,12005,729,17,542,542,9.382225751876831
cnf/sudoku/top870.sdk.txt/556.txt,RDLIS,37,34,12012,729,24,72,72,3.35294508934021
cnf/sudoku/top870.sdk.txt/542.txt,RDLIS,134,129,12005,729,17,264,264,5.573701858520508
cnf/sudoku/top870.sdk.txt/224.txt,RDLIS,46,40,12014,729,26,87,87,3.5712108612060547
cnf/sudoku/top870.sdk.txt/218.txt,RDLIS,53,46,12011,729,23,100,100,4.288293838500977
cnf/sudoku/top870.sdk.txt/595.txt,RDLIS,40,36,12012,729,24,77,77,3.6479032039642334
cnf/sudoku/top870.sdk.txt/581.txt,RDLIS,46,44,12013,729,25,91,91,3.3426599502563477
cnf/sudoku/top870.sdk.txt/280.txt,RDLIS,39,37,12012,729,24,77,77,3.07834792137146
cnf/sudoku/top870.sdk.txt/294.txt,RDLIS,50,49,12013,729,25,100,100,3.442780017852783
cnf/sudoku/top870.sdk.txt/525.txt,RDLIS,47,42,12012,729,24,90,90,3.3538382053375244
cnf/sudoku/top870.sdk.txt/243.txt,RDLIS,34,32,12012,729,24,67,67,3.022968053817749
cnf/sudoku/top870.sdk.txt/257.txt,RDLIS,2,0,12013,729,25,3,3,2.1101303100585938
cnf/sudoku/top870.sdk.txt/531.txt,RDLIS,15,12,12012,729,24,28,28,2.585540771484375
cnf/sudoku/top870.sdk.txt/519.txt,RDLIS,55,54,12013,729,25,110,110,3.694495916366577
cnf/sudoku/top870.sdk.txt/727.txt,RDLIS,24,20,12012,729,24,45,45,2.5819473266601562
cnf/sudoku/top870.sdk.txt/733.txt,RDLIS,44,40,12014,729,26,85,85,3.418361186981201
cnf/sudoku/top870.sdk.txt/690.txt,RDLIS,22,20,12010,729,22,43,43,2.8878960609436035
cnf/sudoku/top870.sdk.txt/848.txt,RDLIS,10,7,12011,729,23,18,18,2.2652881145477295
cnf/sudoku/top870.sdk.txt/684.txt,RDLIS,31,27,12013,729,25,59,59,2.9811458587646484
cnf/sudoku/top870.sdk.txt/34.txt,RDLIS,159,156,12010,729,22,316,316,6.3568549156188965
cnf/sudoku/top870.sdk.txt/20.txt,RDLIS,2178,2176,12005,729,17,4355,4355,86.63348817825317
cnf/sudoku/top870.sdk.txt/860.txt,RDLIS,179,179,12011,729,23,359,359,6.34975004196167
cnf/sudoku/top870.sdk.txt/135.txt,RDLIS,192,184,12010,729,22,377,377,8.396172046661377
cnf/sudoku/top870.sdk.txt/653.txt,RDLIS,39,36,12013,729,25,76,76,3.201740026473999
cnf/sudoku/top870.sdk.txt/647.txt,RDLIS,40,38,12010,729,22,79,79,3.395949125289917
cnf/sudoku/top870.sdk.txt/121.txt,RDLIS,18,11,12012,729,24,30,30,2.2483482360839844
cnf/sudoku/top870.sdk.txt/109.txt,RDLIS,74,71,12009,729,21,146,146,3.71240496635437
cnf/sudoku/top870.sdk.txt/492.txt,RDLIS,139,137,12012,729,24,277,277,7.194305181503296
cnf/sudoku/top870.sdk.txt/486.txt,RDLIS,48,47,12012,729,24,96,96,3.7617571353912354
cnf/sudoku/top870.sdk.txt/451.txt,RDLIS,50,44,12011,729,23,95,95,3.11244797706604
cnf/sudoku/top870.sdk.txt/337.txt,RDLIS,23,18,12009,729,21,42,42,2.580947160720825
cnf/sudoku/top870.sdk.txt/323.txt,RDLIS,118,114,12012,729,24,233,233,6.336730003356934
cnf/sudoku/top870.sdk.txt/445.txt,RDLIS,2,1,12013,729,25,4,4,2.1054327487945557
cnf/sudoku/top870.sdk.txt/479.txt,RDLIS,58,57,12013,729,25,116,116,4.360847234725952
cnf/sudoku/top870.sdk.txt/478.txt,RDLIS,64,63,12013,729,25,128,128,4.516618967056274
cnf/sudoku/top870.sdk.txt/322.txt,RDLIS,77,77,12013,729,25,155,155,4.661028861999512
cnf/sudoku/top870.sdk.txt/444.txt,RDLIS,68,66,12011,729,23,135,135,4.3174028396606445
cnf/sudoku/top870.sdk.txt/450.txt,RDLIS,109,106,12011,729,23,216,216,6.176717758178711
cnf/sudoku/top870.sdk.txt/336.txt,RDLIS,25,21,12012,729,24,47,47,2.8273532390594482
cnf/sudoku/top870.sdk.txt/487.txt,RDLIS,42,40,12013,729,25,83,83,3.4241738319396973
cnf/sudoku/top870.sdk.txt/493.txt,RDLIS,82,80,12013,729,25,163,163,4.252419710159302
cnf/sudoku/top870.sdk.txt/108.txt,RDLIS,269,265,12005,729,17,535,535,10.26587986946106
cnf/sudoku/top870.sdk.txt/646.txt,RDLIS,16,14,12014,729,26,31,31,2.6691601276397705
cnf/sudoku/top870.sdk.txt/120.txt,RDLIS,192,191,12011,729,23,384,384,7.72566294670105
cnf/sudoku/top870.sdk.txt/134.txt,RDLIS,65,59,12013,729,25,125,125,4.1540539264678955
cnf/sudoku/top870.sdk.txt/652.txt,RDLIS,35,33,12011,729,23,69,69,2.982607841491699
cnf/sudoku/top870.sdk.txt/861.txt,RDLIS,171,165,12009,729,21,337,337,8.780034065246582
cnf/sudoku/top870.sdk.txt/21.txt,RDLIS,18,15,12005,729,17,34,34,2.495184898376465
cnf/sudoku/top870.sdk.txt/35.txt,RDLIS,1308,1304,12005,729,17,2613,2613,50.70895290374756
cnf/sudoku/top870.sdk.txt/685.txt,RDLIS,43,41,12012,729,24,85,85,3.3623077869415283
cnf/sudoku/top870.sdk.txt/849.txt,RDLIS,35,33,12011,729,23,69,69,2.8782269954681396
cnf/sudoku/top870.sdk.txt/691.txt,RDLIS,10,5,12011,729,23,16,16,2.175567865371704
cnf/sudoku/top870.sdk.txt/732.txt,RDLIS,88,84,12011,729,23,173,173,4.235498905181885
cnf/sudoku/top870.sdk.txt/726.txt,RDLIS,141,139,12013,729,25,281,281,6.910703182220459
cnf/sudoku/top870.sdk.txt/518.txt,RDLIS,43,40,12014,729,26,84,84,3.0624592304229736
cnf/sudoku/top870.sdk.txt/256.txt,RDLIS,46,41,12012,729,24,88,88,3.670408248901367
cnf/sudoku/top870.sdk.txt/530.txt,RDLIS,11,4,12011,729,23,16,16,2.071070909500122
cnf/sudoku/top870.sdk.txt/524.txt,RDLIS,155,152,12012,729,24,308,308,6.31755518913269
cnf/sudoku/top870.sdk.txt/242.txt,RDLIS,90,88,12013,729,25,179,179,5.2534730434417725
cnf/sudoku/top870.sdk.txt/295.txt,RDLIS,61,57,12012,729,24,119,119,4.155979871749878
cnf/sudoku/top870.sdk.txt/281.txt,RDLIS,18,16,12012,729,24,35,35,2.616744041442871
cnf/sudoku/top870.sdk.txt/297.txt,RDLIS,42,39,12011,729,23,82,82,3.5173609256744385
cnf/sudoku/top870.sdk.txt/283.txt,RDLIS,67,63,12005,729,17,131,131,3.8789281845092773
cnf/sudoku/top870.sdk.txt/532.txt,RDLIS,5,2,12011,729,23,8,8,2.0687220096588135
cnf/sudoku/top870.sdk.txt/254.txt,RDLIS,7,5,12012,729,24,13,13,2.1238977909088135
cnf/sudoku/top870.sdk.txt/240.txt,RDLIS,53,49,12012,729,24,103,103,3.7474911212921143
cnf/sudoku/top870.sdk.txt/526.txt,RDLIS,8,4,12012,729,24,13,13,2.20806884765625
cnf/sudoku/top870.sdk.txt/268.txt,RDLIS,34,32,12011,729,23,67,67,3.456179141998291
cnf/sudoku/top870.sdk.txt/730.txt,RDLIS,17,14,12011,729,23,32,32,2.830207109451294
cnf/sudoku/top870.sdk.txt/724.txt,RDLIS,26,23,12012,729,24,50,50,2.7008249759674072
cnf/sudoku/top870.sdk.txt/718.txt,RDLIS,24,23,12011,729,23,48,48,2.744472026824951
cnf/sudoku/top870.sdk.txt/687.txt,RDLIS,10,4,12011,729,23,15,15,2.2170329093933105
cnf/sudoku/top870.sdk.txt/693.txt,RDLIS,3,1,12011,729,23,5,5,2.164125919342041
cnf/sudoku/top870.sdk.txt/23.txt,RDLIS,177,172,12005,729,17,350,350,7.77755880355835
cnf/sudoku/top870.sdk.txt/863.txt,RDLIS,14,10,12012,729,24,25,25,2.3435018062591553
cnf/sudoku/top870.sdk.txt/37.txt,RDLIS,172,167,12005,729,17,340,340,7.229558229446411
cnf/sudoku/top870.sdk.txt/122.txt,RDLIS,12,8,12011,729,23,21,21,2.3307459354400635
cnf/sudoku/top870.sdk.txt/644.txt,RDLIS,24,22,12012,729,24,47,47,2.630229949951172
cnf/sudoku/top870.sdk.txt/650.txt,RDLIS,100,94,12009,729,21,195,195,5.4157469272613525
cnf/sudoku/top870.sdk.txt/136.txt,RDLIS,232,231,12009,729,21,464,464,8.97266411781311
cnf/sudoku/top870.sdk.txt/678.txt,RDLIS,31,29,12009,729,21,61,61,2.863538980484009
cnf/sudoku/top870.sdk.txt/485.txt,RDLIS,74,72,12012,729,24,147,147,4.832526206970215
cnf/sudoku/top870.sdk.txt/491.txt,RDLIS,334,324,12005,729,17,659,659,9.225155115127563
cnf/sudoku/top870.sdk.txt/446.txt,RDLIS,22,18,12012,729,24,41,41,2.7421839237213135
cnf/sudoku/top870.sdk.txt/320.txt,RDLIS,154,153,12011,729,23,308,308,7.072704076766968
cnf/sudoku/top870.sdk.txt/334.txt,RDLIS,28,25,12012,729,24,54,54,2.841012954711914
cnf/sudoku/top870.sdk.txt/452.txt,RDLIS,112,111,12009,729,21,224,224,5.324062824249268
cnf/sudoku/top870.sdk.txt/308.txt,RDLIS,51,47,12012,729,24,99,99,3.53659987449646
cnf/sudoku/top870.sdk.txt/309.txt,RDLIS,34,32,12014,729,26,67,67,2.788490056991577
cnf/sudoku/top870.sdk.txt/335.txt,RDLIS,10,7,12012,729,24,18,18,2.4236090183258057
cnf/sudoku/top870.sdk.txt/453.txt,RDLIS,143,139,12011,729,23,283,283,6.925182819366455
cnf/sudoku/top870.sdk.txt/447.txt,RDLIS,47,43,12012,729,24,91,91,3.7497799396514893
cnf/sudoku/top870.sdk.txt/321.txt,RDLIS,15,12,12011,729,23,28,28,2.5264358520507812
cnf/sudoku/top870.sdk.txt/490.txt,RDLIS,53,49,12012,729,24,103,103,3.436058759689331
cnf/sudoku/top870.sdk.txt/484.txt,RDLIS,125,125,12012,729,24,251,251,6.098913192749023
cnf/sudoku/top870.sdk.txt/679.txt,RDLIS,99,98,12009,729,21,198,198,5.055172920227051
cnf/sudoku/top870.sdk.txt/651.txt,RDLIS,37,36,12011,729,23,74,74,3.388648748397827
cnf/sudoku/top870.sdk.txt/137.txt,RDLIS,64,62,12012,729,24,127,127,3.8375351428985596
cnf/sudoku/top870.sdk.txt/123.txt,RDLIS,465,461,12007,729,19,927,927,21.619400024414062
cnf/sudoku/top870.sdk.txt/645.txt,RDLIS,71,70,12011,729,23,142,142,4.153839826583862
cnf/sudoku/top870.sdk.txt/36.txt,RDLIS,127,123,12012,729,24,251,251,5.844125986099243
cnf/sudoku/top870.sdk.txt/862.txt,RDLIS,39,36,12013,729,25,76,76,3.4649300575256348
cnf/sudoku/top870.sdk.txt/22.txt,RDLIS,47,43,12012,729,24,91,91,3.3171610832214355
cnf/sudoku/top870.sdk.txt/692.txt,RDLIS,110,109,12005,729,17,220,220,5.965590953826904
cnf/sudoku/top870.sdk.txt/686.txt,RDLIS,20,15,12012,729,24,36,36,2.5784950256347656
cnf/sudoku/top870.sdk.txt/719.txt,RDLIS,84,81,12011,729,23,166,166,5.402196884155273
cnf/sudoku/top870.sdk.txt/725.txt,RDLIS,74,70,12010,729,22,145,145,4.1640448570251465
cnf/sudoku/top870.sdk.txt/731.txt,RDLIS,29,22,12012,729,24,52,52,2.8986918926239014
cnf/sudoku/top870.sdk.txt/269.txt,RDLIS,59,55,12012,729,24,115,115,4.0247962474823
cnf/sudoku/top870.sdk.txt/241.txt,RDLIS,81,79,12012,729,24,161,161,5.4315879344940186
cnf/sudoku/top870.sdk.txt/527.txt,RDLIS,146,144,12009,729,21,291,291,6.100705862045288
cnf/sudoku/top870.sdk.txt/533.txt,RDLIS,18,15,12011,729,23,34,34,2.6955671310424805
cnf/sudoku/top870.sdk.txt/255.txt,RDLIS,24,18,12012,729,24,43,43,2.655409097671509
cnf/sudoku/top870.sdk.txt/282.txt,RDLIS,43,37,12008,729,20,81,81,3.522002935409546
cnf/sudoku/top870.sdk.txt/296.txt,RDLIS,49,48,12011,729,23,98,98,3.6038918495178223
cnf/sudoku/top870.sdk.txt/292.txt,RDLIS,2,0,12012,729,24,3,3,2.1693601608276367
cnf/sudoku/top870.sdk.txt/286.txt,RDLIS,67,63,12012,729,24,131,131,4.431981086730957
cnf/sudoku/top870.sdk.txt/279.txt,RDLIS,24,20,12012,729,24,45,45,2.917870044708252
cnf/sudoku/top870.sdk.txt/251.txt,RDLIS,31,27,12011,729,23,59,59,2.5903332233428955
cnf/sudoku/top870.sdk.txt/537.txt,RDLIS,78,74,12011,729,23,153,153,4.020148038864136
cnf/sudoku/top870.sdk.txt/523.txt,RDLIS,70,69,12010,729,22,140,140,4.282636880874634
cnf/sudoku/top870.sdk.txt/245.txt,RDLIS,31,29,12011,729,23,61,61,2.945497751235962
cnf/sudoku/top870.sdk.txt/709.txt,RDLIS,32,29,12012,729,24,62,62,3.0684611797332764
cnf/sudoku/top870.sdk.txt/735.txt,RDLIS,36,31,12012,729,24,68,68,3.4863169193267822
cnf/sudoku/top870.sdk.txt/721.txt,RDLIS,42,37,12012,729,24,80,80,3.3483352661132812
cnf/sudoku/top870.sdk.txt/26.txt,RDLIS,342,342,12011,729,23,685,685,13.527045726776123
cnf/sudoku/top870.sdk.txt/866.txt,RDLIS,121,115,12012,729,24,237,237,5.491924047470093
cnf/sudoku/top870.sdk.txt/32.txt,RDLIS,32,27,12013,729,25,60,60,3.0141758918762207
cnf/sudoku/top870.sdk.txt/682.txt,RDLIS,17,13,12011,729,23,31,31,2.3879029750823975
cnf/sudoku/top870.sdk.txt/696.txt,RDLIS,27,23,12011,729,23,51,51,2.4831418991088867
cnf/sudoku/top870.sdk.txt/669.txt,RDLIS,115,109,12012,729,24,225,225,4.565791845321655
cnf/sudoku/top870.sdk.txt/641.txt,RDLIS,18,16,12012,729,24,35,35,2.5846352577209473
cnf/sudoku/top870.sdk.txt/127.txt,RDLIS,10,3,12012,729,24,14,14,2.3549540042877197
cnf/sudoku/top870.sdk.txt/133.txt,RDLIS,35,29,12011,729,23,65,65,3.1775307655334473
cnf/sudoku/top870.sdk.txt/655.txt,RDLIS,4,1,12010,729,22,6,6,2.1878459453582764
cnf/sudoku/top870.sdk.txt/480.txt,RDLIS,7,4,12010,729,22,12,12,2.325000047683716
cnf/sudoku/top870.sdk.txt/494.txt,RDLIS,21,19,12010,729,22,41,41,2.415147066116333
cnf/sudoku/top870.sdk.txt/319.txt,RDLIS,83,79,12012,729,24,163,163,4.733939170837402
cnf/sudoku/top870.sdk.txt/325.txt,RDLIS,6,4,12011,729,23,11,11,2.223375082015991
cnf/sudoku/top870.sdk.txt/443.txt,RDLIS,59,56,12012,729,24,116,116,3.4555351734161377
cnf/sudoku/top870.sdk.txt/457.txt,RDLIS,28,26,12011,729,23,55,55,2.968888998031616
cnf/sudoku/top870.sdk.txt/331.txt,RDLIS,109,108,12011,729,23,218,218,5.865121126174927
cnf/sudoku/top870.sdk.txt/456.txt,RDLIS,95,89,12011,729,23,185,185,4.545863151550293
cnf/sudoku/top870.sdk.txt/330.txt,RDLIS,13,6,12009,729,21,20,20,2.2419168949127197
cnf/sudoku/top870.sdk.txt/324.txt,RDLIS,8,4,12013,729,25,13,13,2.444080114364624
cnf/sudoku/top870.sdk.txt/442.txt,RDLIS,11,8,12005,729,17,20,20,2.3846662044525146
cnf/sudoku/top870.sdk.txt/318.txt,RDLIS,84,82,12011,729,23,167,167,4.508824110031128
cnf/sudoku/top870.sdk.txt/495.txt,RDLIS,56,54,12012,729,24,111,111,3.161987066268921
cnf/sudoku/top870.sdk.txt/481.txt,RDLIS,190,188,12010,729,22,379,379,8.618831872940063
cnf/sudoku/top870.sdk.txt/132.txt,RDLIS,12,11,12010,729,22,24,24,2.455986976623535
cnf/sudoku/top870.sdk.txt/654.txt,RDLIS,48,43,12012,729,24,92,92,3.614293098449707
cnf/sudoku/top870.sdk.txt/640.txt,RDLIS,101,99,12010,729,22,201,201,5.498931169509888
cnf/sudoku/top870.sdk.txt/126.txt,RDLIS,31,26,12011,729,23,58,58,3.034605026245117
cnf/sudoku/top870.sdk.txt/668.txt,RDLIS,33,32,12011,729,23,66,66,3.4375979900360107
cnf/sudoku/top870.sdk.txt/697.txt,RDLIS,24,23,12013,729,25,48,48,2.8322432041168213
cnf/sudoku/top870.sdk.txt/683.txt,RDLIS,63,59,12011,729,23,123,123,3.910015821456909
cnf/sudoku/top870.sdk.txt/33.txt,RDLIS,311,306,12010,729,22,618,618,12.361345052719116
cnf/sudoku/top870.sdk.txt/867.txt,RDLIS,465,464,12010,729,22,930,930,16.838802099227905
cnf/sudoku/top870.sdk.txt/27.txt,RDLIS,332,330,12005,729,17,663,663,13.612273931503296
cnf/sudoku/top870.sdk.txt/720.txt,RDLIS,67,59,12013,729,25,127,127,4.1219611167907715
cnf/sudoku/top870.sdk.txt/734.txt,RDLIS,40,36,12010,729,22,77,77,3.0784850120544434
cnf/sudoku/top870.sdk.txt/708.txt,RDLIS,27,26,12014,729,26,54,54,2.769252061843872
cnf/sudoku/top870.sdk.txt/522.txt,RDLIS,54,52,12010,729,22,107,107,3.2386960983276367
cnf/sudoku/top870.sdk.txt/244.txt,RDLIS,152,144,12005,729,17,297,297,6.6530280113220215
cnf/sudoku/top870.sdk.txt/250.txt,RDLIS,1,0,12011,729,23,2,2,2.0519230365753174
cnf/sudoku/top870.sdk.txt/536.txt,RDLIS,397,386,12005,729,17,784,784,20.661303997039795
cnf/sudoku/top870.sdk.txt/278.txt,RDLIS,94,88,12012,729,24,183,183,4.771744012832642
cnf/sudoku/top870.sdk.txt/287.txt,RDLIS,76,68,12011,729,23,145,145,4.336214065551758
cnf/sudoku/top870.sdk.txt/293.txt,RDLIS,141,141,12011,729,23,283,283,4.479557991027832
cnf/sudoku/top870.sdk.txt/285.txt,RDLIS,14,11,12012,729,24,26,26,2.627044916152954
cnf/sudoku/top870.sdk.txt/291.txt,RDLIS,34,33,12012,729,24,68,68,3.2798140048980713
cnf/sudoku/top870.sdk.txt/508.txt,RDLIS,52,51,12012,729,24,104,104,3.552541971206665
cnf/sudoku/top870.sdk.txt/246.txt,RDLIS,165,158,12009,729,21,324,324,7.860378980636597
cnf/sudoku/top870.sdk.txt/520.txt,RDLIS,46,40,12012,729,24,87,87,3.2392830848693848
cnf/sudoku/top870.sdk.txt/534.txt,RDLIS,76,75,12012,729,24,152,152,4.428839921951294
cnf/sudoku/top870.sdk.txt/252.txt,RDLIS,80,74,12013,729,25,155,155,4.381818056106567
cnf/sudoku/top870.sdk.txt/722.txt,RDLIS,208,203,12012,729,24,412,412,7.5241827964782715
cnf/sudoku/top870.sdk.txt/736.txt,RDLIS,15,13,12013,729,25,29,29,2.457409143447876
cnf/sudoku/top870.sdk.txt/31.txt,RDLIS,274,268,12005,729,17,543,543,12.631102085113525
cnf/sudoku/top870.sdk.txt/25.txt,RDLIS,15,11,12011,729,23,27,27,2.689765214920044
cnf/sudoku/top870.sdk.txt/865.txt,RDLIS,39,36,12010,729,22,76,76,3.5078930854797363
cnf/sudoku/top870.sdk.txt/695.txt,RDLIS,66,63,12012,729,24,130,130,4.849290132522583
cnf/sudoku/top870.sdk.txt/681.txt,RDLIS,9,6,12013,729,25,16,16,2.3786427974700928
cnf/sudoku/top870.sdk.txt/19.txt,RDLIS,100,96,12011,729,23,197,197,5.1051411628723145
cnf/sudoku/top870.sdk.txt/859.txt,RDLIS,21,18,12014,729,26,40,40,2.6383450031280518
cnf/sudoku/top870.sdk.txt/118.txt,RDLIS,88,83,12012,729,24,172,172,4.517513275146484
cnf/sudoku/top870.sdk.txt/656.txt,RDLIS,8,5,12011,729,23,14,14,2.349436044692993
cnf/sudoku/top870.sdk.txt/130.txt,RDLIS,91,86,12011,729,23,178,178,4.889448404312134
cnf/sudoku/top870.sdk.txt/124.txt,RDLIS,44,41,12010,729,22,86,86,3.331455945968628
cnf/sudoku/top870.sdk.txt/642.txt,RDLIS,56,54,12012,729,24,111,111,3.624161958694458
cnf/sudoku/top870.sdk.txt/497.txt,RDLIS,34,31,12013,729,25,66,66,3.410720109939575
cnf/sudoku/top870.sdk.txt/483.txt,RDLIS,61,56,12011,729,23,118,118,4.643404245376587
cnf/sudoku/top870.sdk.txt/468.txt,RDLIS,28,23,12011,729,23,52,52,2.963088035583496
cnf/sudoku/top870.sdk.txt/332.txt,RDLIS,69,67,12012,729,24,137,137,3.893594741821289
cnf/sudoku/top870.sdk.txt/454.txt,RDLIS,316,312,12010,729,22,629,629,13.346317052841187
cnf/sudoku/top870.sdk.txt/440.txt,RDLIS,116,116,12011,729,23,233,233,6.49800705909729
cnf/sudoku/top870.sdk.txt/326.txt,RDLIS,39,38,12011,729,23,78,78,2.851621150970459
cnf/sudoku/top870.sdk.txt/441.txt,RDLIS,22,20,12012,729,24,43,43,2.7928173542022705
cnf/sudoku/top870.sdk.txt/327.txt,RDLIS,70,69,12012,729,24,140,140,4.553209066390991
cnf/sudoku/top870.sdk.txt/333.txt,RDLIS,28,27,12009,729,21,56,56,2.6929118633270264
cnf/sudoku/top870.sdk.txt/455.txt,RDLIS,477,474,12005,729,17,952,952,22.526710987091064
cnf/sudoku/top870.sdk.txt/469.txt,RDLIS,12,6,12014,729,26,19,19,2.2206857204437256
cnf/sudoku/top870.sdk.txt/482.txt,RDLIS,19,14,12012,729,24,34,34,2.7284398078918457
cnf/sudoku/top870.sdk.txt/496.txt,RDLIS,84,80,12011,729,23,165,165,4.886487007141113
cnf/sudoku/top870.sdk.txt/125.txt,RDLIS,142,140,12011,729,23,283,283,5.9609363079071045
cnf/sudoku/top870.sdk.txt/643.txt,RDLIS,86,82,12010,729,22,169,169,3.546579122543335
cnf/sudoku/top870.sdk.txt/657.txt,RDLIS,182,179,12005,729,17,362,362,4.936741828918457
cnf/sudoku/top870.sdk.txt/131.txt,RDLIS,139,131,12005,729,17,271,271,6.80353307723999
cnf/sudoku/top870.sdk.txt/119.txt,RDLIS,22,19,12012,729,24,42,42,2.8587262630462646
cnf/sudoku/top870.sdk.txt/858.txt,RDLIS,84,83,12012,729,24,168,168,5.15777325630188
cnf/sudoku/top870.sdk.txt/18.txt,RDLIS,259,255,12005,729,17,515,515,8.537814855575562
cnf/sudoku/top870.sdk.txt/680.txt,RDLIS,70,67,12011,729,23,138,138,4.162632942199707
cnf/sudoku/top870.sdk.txt/694.txt,RDLIS,122,119,12011,729,23,242,242,5.507372140884399
cnf/sudoku/top870.sdk.txt/864.txt,RDLIS,38,34,12012,729,24,73,73,3.0961437225341797
cnf/sudoku/top870.sdk.txt/24.txt,RDLIS,288,281,12005,729,17,570,570,10.827473163604736
cnf/sudoku/top870.sdk.txt/30.txt,RDLIS,84,82,12011,729,23,167,167,4.60075306892395
cnf/sudoku/top870.sdk.txt/737.txt,RDLIS,52,50,12013,729,25,103,103,3.3715178966522217
cnf/sudoku/top870.sdk.txt/723.txt,RDLIS,49,48,12011,729,23,98,98,3.2112009525299072
cnf/sudoku/top870.sdk.txt/535.txt,RDLIS,28,26,12012,729,24,55,55,3.043545722961426
cnf/sudoku/top870.sdk.txt/253.txt,RDLIS,76,73,12010,729,22,150,150,4.519586086273193
cnf/sudoku/top870.sdk.txt/247.txt,RDLIS,61,52,12011,729,23,114,114,3.4412930011749268
cnf/sudoku/top870.sdk.txt/521.txt,RDLIS,57,54,12012,729,24,112,112,3.909882068634033
cnf/sudoku/top870.sdk.txt/509.txt,RDLIS,12,9,12010,729,22,22,22,2.3421568870544434
cnf/sudoku/top870.sdk.txt/290.txt,RDLIS,10,7,12012,729,24,18,18,2.4294800758361816
cnf/sudoku/top870.sdk.txt/284.txt,RDLIS,95,94,12013,729,25,190,190,5.437979698181152
