file_name,strategy,splits,backtracks,clauses,variables,givens,unit_rule,pure_rule,execution_time
cnf/sudoku/1000-sudokus.txt/786.txt,RDLIS,1,0,12014,729,26,2,2,1.2778420448303223
cnf/sudoku/1000-sudokus.txt/22.txt,RDLIS,19,18,12011,729,23,38,38,1.5330746173858643
cnf/sudoku/1000-sudokus.txt/61.txt,RDLIS,0,0,12011,729,23,1,1,1.3358991146087646
cnf/sudoku/1000-sudokus.txt/885.txt,RDLIS,4,3,12014,729,26,8,8,1.4121074676513672
cnf/sudoku/1000-sudokus.txt/925.txt,RDLIS,1,0,12015,729,27,2,2,1.3613190650939941
cnf/sudoku/1000-sudokus.txt/327.txt,RDLIS,6,4,12012,729,24,11,11,1.347923755645752
cnf/sudoku/1000-sudokus.txt/237.txt,RDLIS,0,0,12012,729,24,1,1,1.311387300491333
cnf/sudoku/1000-sudokus.txt/78.txt,RDLIS,8,6,12011,729,23,15,15,1.4388113021850586
cnf/sudoku/1000-sudokus.txt/869.txt,RDLIS,2,2,12014,729,26,5,5,1.3475768566131592
cnf/sudoku/1000-sudokus.txt/771.txt,RDLIS,8,5,12014,729,26,14,14,1.4596383571624756
cnf/sudoku/1000-sudokus.txt/368.txt,RDLIS,4,4,12012,729,24,9,9,1.3569362163543701
cnf/sudoku/1000-sudokus.txt/693.txt,RDLIS,14,11,12013,729,25,26,26,1.6317901611328125
cnf/sudoku/1000-sudokus.txt/826.txt,RDLIS,0,0,12014,729,26,1,1,1.4918746948242188
cnf/sudoku/1000-sudokus.txt/596.txt,RDLIS,0,0,12013,729,25,1,1,1.4453871250152588
cnf/sudoku/1000-sudokus.txt/328.txt,RDLIS,6,1,12012,729,24,8,8,1.3910322189331055
cnf/sudoku/1000-sudokus.txt/673.txt,RDLIS,1,0,12013,729,25,2,2,1.392812728881836
cnf/sudoku/1000-sudokus.txt/131.txt,RDLIS,18,11,12011,729,23,30,30,1.4805517196655273
cnf/sudoku/1000-sudokus.txt/447.txt,RDLIS,1,1,12013,729,25,3,3,1.470008134841919
cnf/sudoku/1000-sudokus.txt/461.txt,RDLIS,0,0,12013,729,25,1,1,1.3888373374938965
cnf/sudoku/1000-sudokus.txt/395.txt,RDLIS,18,16,12012,729,24,35,35,1.4821319580078125
cnf/sudoku/1000-sudokus.txt/200.txt,RDLIS,0,0,12012,729,24,1,1,1.3779118061065674
cnf/sudoku/1000-sudokus.txt/434.txt,RDLIS,6,6,12013,729,25,13,13,1.454348087310791
cnf/sudoku/1000-sudokus.txt/35.txt,RDLIS,4,2,12011,729,23,7,7,1.4826557636260986
cnf/sudoku/1000-sudokus.txt/912.txt,RDLIS,4,3,12014,729,26,8,8,1.6003260612487793
cnf/sudoku/1000-sudokus.txt/845.txt,RDLIS,1,1,12014,729,26,3,3,1.5018234252929688
cnf/sudoku/1000-sudokus.txt/973.txt,RDLIS,1,0,12015,729,27,2,2,1.559960126876831
cnf/sudoku/1000-sudokus.txt/481.txt,RDLIS,8,4,12013,729,25,13,13,1.5670673847198486
cnf/sudoku/1000-sudokus.txt/298.txt,RDLIS,9,7,12012,729,24,17,17,1.6195776462554932
cnf/sudoku/1000-sudokus.txt/1007.txt,RDLIS,0,0,12016,729,28,1,1,1.4448204040527344
cnf/sudoku/1000-sudokus.txt/106.txt,RDLIS,0,0,12011,729,23,1,1,1.4671080112457275
cnf/sudoku/1000-sudokus.txt/57.txt,RDLIS,0,0,12011,729,23,1,1,1.5071494579315186
cnf/sudoku/1000-sudokus.txt/871.txt,RDLIS,7,6,12014,729,26,14,14,1.5985398292541504
cnf/sudoku/1000-sudokus.txt/398.txt,RDLIS,29,21,12012,729,24,51,51,1.6550962924957275
cnf/sudoku/1000-sudokus.txt/617.txt,RDLIS,2,2,12013,729,25,5,5,1.4806878566741943
cnf/sudoku/1000-sudokus.txt/666.txt,RDLIS,2,2,12013,729,25,5,5,1.4853830337524414
cnf/sudoku/1000-sudokus.txt/953.txt,RDLIS,11,10,12015,729,27,22,22,1.6387712955474854
cnf/sudoku/1000-sudokus.txt/226.txt,RDLIS,4,3,12012,729,24,8,8,1.4286112785339355
cnf/sudoku/1000-sudokus.txt/14.txt,RDLIS,4,3,12010,729,22,8,8,1.5051124095916748
cnf/sudoku/1000-sudokus.txt/835.txt,RDLIS,87,83,12014,729,26,171,171,3.670830726623535
cnf/sudoku/1000-sudokus.txt/85.txt,RDLIS,1,1,12011,729,23,3,3,1.521080493927002
cnf/sudoku/1000-sudokus.txt/442.txt,RDLIS,5,4,12013,729,25,10,10,1.5649352073669434
cnf/sudoku/1000-sudokus.txt/890.txt,RDLIS,13,11,12014,729,26,25,25,1.8444395065307617
cnf/sudoku/1000-sudokus.txt/998.txt,RDLIS,2,0,12016,729,28,3,3,1.6400072574615479
cnf/sudoku/1000-sudokus.txt/10.txt,RDLIS,89,84,12010,729,22,174,174,3.7149460315704346
cnf/sudoku/1000-sudokus.txt/615.txt,RDLIS,7,4,12013,729,25,12,12,2.0383803844451904
cnf/sudoku/1000-sudokus.txt/751.txt,RDLIS,5,2,12014,729,26,8,8,1.5411851406097412
cnf/sudoku/1000-sudokus.txt/823.txt,RDLIS,9,8,12014,729,26,18,18,1.7480578422546387
cnf/sudoku/1000-sudokus.txt/146.txt,RDLIS,0,0,12012,729,24,1,1,1.5674927234649658
cnf/sudoku/1000-sudokus.txt/212.txt,RDLIS,1,0,12012,729,24,2,2,1.443171501159668
cnf/sudoku/1000-sudokus.txt/924.txt,RDLIS,5,3,12015,729,27,9,9,1.542320728302002
cnf/sudoku/1000-sudokus.txt/873.txt,RDLIS,18,16,12014,729,26,35,35,1.6554927825927734
cnf/sudoku/1000-sudokus.txt/930.txt,RDLIS,21,20,12015,729,27,42,42,1.7002534866333008
cnf/sudoku/1000-sudokus.txt/231.txt,RDLIS,14,14,12012,729,24,29,29,1.6851773262023926
cnf/sudoku/1000-sudokus.txt/415.txt,RDLIS,1,0,12013,729,25,2,2,1.761577844619751
cnf/sudoku/1000-sudokus.txt/964.txt,RDLIS,1,1,12015,729,27,3,3,1.468975305557251
cnf/sudoku/1000-sudokus.txt/225.txt,RDLIS,8,7,12012,729,24,16,16,1.5792593955993652
cnf/sudoku/1000-sudokus.txt/767.txt,RDLIS,4,1,12014,729,26,6,6,1.4125158786773682
cnf/sudoku/1000-sudokus.txt/491.txt,RDLIS,10,10,12013,729,25,21,21,1.5218453407287598
cnf/sudoku/1000-sudokus.txt/504.txt,RDLIS,7,6,12013,729,25,14,14,1.4405832290649414
cnf/sudoku/1000-sudokus.txt/121.txt,RDLIS,24,24,12011,729,23,49,49,2.0059974193573
cnf/sudoku/1000-sudokus.txt/420.txt,RDLIS,2,2,12013,729,25,5,5,1.4601709842681885
cnf/sudoku/1000-sudokus.txt/926.txt,RDLIS,11,8,12015,729,27,20,20,1.5777671337127686
cnf/sudoku/1000-sudokus.txt/357.txt,RDLIS,0,0,12012,729,24,1,1,1.3988690376281738
cnf/sudoku/1000-sudokus.txt/932.txt,RDLIS,4,1,12015,729,27,6,6,1.418588638305664
cnf/sudoku/1000-sudokus.txt/647.txt,RDLIS,3,1,12013,729,25,5,5,1.4790849685668945
cnf/sudoku/1000-sudokus.txt/2.txt,RDLIS,6,5,12010,729,22,12,12,1.6146488189697266
cnf/sudoku/1000-sudokus.txt/124.txt,RDLIS,20,15,12011,729,23,36,36,1.881326675415039
cnf/sudoku/1000-sudokus.txt/542.txt,RDLIS,1,0,12013,729,25,2,2,1.454590082168579
cnf/sudoku/1000-sudokus.txt/388.txt,RDLIS,0,0,12012,729,24,1,1,1.419309139251709
cnf/sudoku/1000-sudokus.txt/539.txt,RDLIS,7,7,12013,729,25,15,15,1.4674313068389893
cnf/sudoku/1000-sudokus.txt/548.txt,RDLIS,15,12,12013,729,25,28,28,1.5705204010009766
cnf/sudoku/1000-sudokus.txt/909.txt,RDLIS,7,7,12014,729,26,15,15,1.574249267578125
cnf/sudoku/1000-sudokus.txt/567.txt,RDLIS,2,0,12013,729,25,3,3,1.3801839351654053
cnf/sudoku/1000-sudokus.txt/583.txt,RDLIS,1,1,12013,729,25,3,3,1.4104368686676025
cnf/sudoku/1000-sudokus.txt/702.txt,RDLIS,5,2,12013,729,25,8,8,1.5129458904266357
cnf/sudoku/1000-sudokus.txt/790.txt,RDLIS,29,28,12014,729,26,58,58,1.84494948387146
cnf/sudoku/1000-sudokus.txt/526.txt,RDLIS,0,0,12013,729,25,1,1,1.339123249053955
cnf/sudoku/1000-sudokus.txt/249.txt,RDLIS,12,10,12012,729,24,23,23,1.5015692710876465
cnf/sudoku/1000-sudokus.txt/612.txt,RDLIS,18,17,12013,729,25,36,36,1.8401954174041748
cnf/sudoku/1000-sudokus.txt/291.txt,RDLIS,1,0,12012,729,24,2,2,1.4165010452270508
cnf/sudoku/1000-sudokus.txt/935.txt,RDLIS,9,5,12015,729,27,15,15,1.4243507385253906
cnf/sudoku/1000-sudokus.txt/385.txt,RDLIS,8,6,12012,729,24,15,15,1.4503200054168701
cnf/sudoku/1000-sudokus.txt/1009.txt,RDLIS,2,0,12017,729,29,3,3,1.4488155841827393
cnf/sudoku/1000-sudokus.txt/243.txt,RDLIS,7,6,12012,729,24,14,14,1.4196736812591553
cnf/sudoku/1000-sudokus.txt/220.txt,RDLIS,8,6,12012,729,24,15,15,1.4814693927764893
cnf/sudoku/1000-sudokus.txt/611.txt,RDLIS,3,1,12013,729,25,5,5,1.5109567642211914
cnf/sudoku/1000-sudokus.txt/263.txt,RDLIS,0,0,12012,729,24,1,1,1.390385627746582
cnf/sudoku/1000-sudokus.txt/877.txt,RDLIS,6,5,12014,729,26,12,12,1.5095889568328857
cnf/sudoku/1000-sudokus.txt/704.txt,RDLIS,3,3,12013,729,25,7,7,1.4354660511016846
cnf/sudoku/1000-sudokus.txt/536.txt,RDLIS,28,21,12013,729,25,50,50,1.8416163921356201
cnf/sudoku/1000-sudokus.txt/367.txt,RDLIS,12,9,12012,729,24,22,22,1.6266529560089111
cnf/sudoku/1000-sudokus.txt/878.txt,RDLIS,2,1,12014,729,26,4,4,1.542572021484375
cnf/sudoku/1000-sudokus.txt/370.txt,RDLIS,7,5,12012,729,24,13,13,1.4715099334716797
cnf/sudoku/1000-sudokus.txt/616.txt,RDLIS,2,0,12013,729,25,3,3,1.4298133850097656
cnf/sudoku/1000-sudokus.txt/197.txt,RDLIS,7,5,12012,729,24,13,13,1.6241016387939453
cnf/sudoku/1000-sudokus.txt/696.txt,RDLIS,23,22,12013,729,25,46,46,1.97658371925354
cnf/sudoku/1000-sudokus.txt/682.txt,RDLIS,0,0,12013,729,25,1,1,1.5166127681732178
cnf/sudoku/1000-sudokus.txt/499.txt,RDLIS,3,1,12013,729,25,5,5,1.4747614860534668
cnf/sudoku/1000-sudokus.txt/295.txt,RDLIS,0,0,12012,729,24,1,1,1.4045159816741943
cnf/sudoku/1000-sudokus.txt/213.txt,RDLIS,3,3,12012,729,24,7,7,1.498734712600708
cnf/sudoku/1000-sudokus.txt/656.txt,RDLIS,0,0,12013,729,25,1,1,1.4529132843017578
cnf/sudoku/1000-sudokus.txt/416.txt,RDLIS,6,2,12013,729,25,9,9,1.4342875480651855
cnf/sudoku/1000-sudokus.txt/288.txt,RDLIS,7,6,12012,729,24,14,14,1.4317214488983154
cnf/sudoku/1000-sudokus.txt/738.txt,RDLIS,35,33,12014,729,26,69,69,2.152820587158203
cnf/sudoku/1000-sudokus.txt/764.txt,RDLIS,15,14,12014,729,26,30,30,1.7037749290466309
cnf/sudoku/1000-sudokus.txt/896.txt,RDLIS,12,10,12014,729,26,23,23,1.668027639389038
cnf/sudoku/1000-sudokus.txt/940.txt,RDLIS,6,4,12015,729,27,11,11,1.4826035499572754
cnf/sudoku/1000-sudokus.txt/584.txt,RDLIS,28,26,12013,729,25,55,55,1.8719491958618164
cnf/sudoku/1000-sudokus.txt/245.txt,RDLIS,35,31,12012,729,24,67,67,2.067363739013672
cnf/sudoku/1000-sudokus.txt/687.txt,RDLIS,20,18,12013,729,25,39,39,1.8339159488677979
cnf/sudoku/1000-sudokus.txt/340.txt,RDLIS,0,0,12012,729,24,1,1,1.586367130279541
cnf/sudoku/1000-sudokus.txt/91.txt,RDLIS,5,4,12011,729,23,10,10,1.5519475936889648
cnf/sudoku/1000-sudokus.txt/937.txt,RDLIS,0,0,12015,729,27,1,1,1.425926685333252
cnf/sudoku/1000-sudokus.txt/460.txt,RDLIS,6,2,12013,729,25,9,9,1.4838907718658447
cnf/sudoku/1000-sudokus.txt/66.txt,RDLIS,0,0,12011,729,23,1,1,1.4674882888793945
cnf/sudoku/1000-sudokus.txt/302.txt,RDLIS,0,0,12012,729,24,1,1,1.4619076251983643
cnf/sudoku/1000-sudokus.txt/755.txt,RDLIS,2,1,12014,729,26,4,4,1.51650071144104
cnf/sudoku/1000-sudokus.txt/479.txt,RDLIS,0,0,12013,729,25,1,1,1.409266710281372
cnf/sudoku/1000-sudokus.txt/544.txt,RDLIS,21,19,12013,729,25,41,41,1.6851613521575928
cnf/sudoku/1000-sudokus.txt/954.txt,RDLIS,7,3,12015,729,27,11,11,1.5047545433044434
cnf/sudoku/1000-sudokus.txt/716.txt,RDLIS,0,0,12014,729,26,1,1,1.4614348411560059
cnf/sudoku/1000-sudokus.txt/51.txt,RDLIS,0,0,12011,729,23,1,1,1.4465115070343018
cnf/sudoku/1000-sudokus.txt/651.txt,RDLIS,0,0,12013,729,25,1,1,1.374481201171875
cnf/sudoku/1000-sudokus.txt/712.txt,RDLIS,3,1,12014,729,26,5,5,1.3394651412963867
cnf/sudoku/1000-sudokus.txt/967.txt,RDLIS,1,0,12015,729,27,2,2,1.3837881088256836
cnf/sudoku/1000-sudokus.txt/439.txt,RDLIS,0,0,12013,729,25,1,1,1.5577971935272217
cnf/sudoku/1000-sudokus.txt/104.txt,RDLIS,0,0,12011,729,23,1,1,1.4376070499420166
cnf/sudoku/1000-sudokus.txt/962.txt,RDLIS,5,3,12015,729,27,9,9,1.4574151039123535
cnf/sudoku/1000-sudokus.txt/167.txt,RDLIS,1,1,12012,729,24,3,3,1.4100041389465332
cnf/sudoku/1000-sudokus.txt/54.txt,RDLIS,14,12,12011,729,23,27,27,1.5906362533569336
cnf/sudoku/1000-sudokus.txt/365.txt,RDLIS,0,0,12012,729,24,1,1,1.3520445823669434
cnf/sudoku/1000-sudokus.txt/230.txt,RDLIS,3,2,12012,729,24,6,6,1.370368480682373
cnf/sudoku/1000-sudokus.txt/247.txt,RDLIS,0,0,12012,729,24,1,1,1.5794992446899414
cnf/sudoku/1000-sudokus.txt/56.txt,RDLIS,0,0,12011,729,23,1,1,1.5437157154083252
cnf/sudoku/1000-sudokus.txt/922.txt,RDLIS,6,6,12015,729,27,13,13,1.5351707935333252
cnf/sudoku/1000-sudokus.txt/75.txt,RDLIS,0,0,12011,729,23,1,1,1.4537463188171387
cnf/sudoku/1000-sudokus.txt/970.txt,RDLIS,9,5,12015,729,27,15,15,1.5241672992706299
cnf/sudoku/1000-sudokus.txt/522.txt,RDLIS,0,0,12013,729,25,1,1,1.4326505661010742
cnf/sudoku/1000-sudokus.txt/48.txt,RDLIS,48,47,12011,729,23,96,96,2.465653419494629
cnf/sudoku/1000-sudokus.txt/783.txt,RDLIS,23,22,12014,729,26,46,46,1.8867342472076416
cnf/sudoku/1000-sudokus.txt/899.txt,RDLIS,10,9,12014,729,26,20,20,1.4564340114593506
cnf/sudoku/1000-sudokus.txt/13.txt,RDLIS,3,2,12010,729,22,6,6,1.4945266246795654
cnf/sudoku/1000-sudokus.txt/581.txt,RDLIS,0,0,12013,729,25,1,1,1.4123775959014893
cnf/sudoku/1000-sudokus.txt/156.txt,RDLIS,3,3,12012,729,24,7,7,1.384516716003418
cnf/sudoku/1000-sudokus.txt/128.txt,RDLIS,13,8,12011,729,23,22,22,1.4646220207214355
cnf/sudoku/1000-sudokus.txt/721.txt,RDLIS,32,29,12014,729,26,62,62,1.818068027496338
cnf/sudoku/1000-sudokus.txt/805.txt,RDLIS,19,18,12014,729,26,38,38,1.5781571865081787
cnf/sudoku/1000-sudokus.txt/69.txt,RDLIS,0,0,12011,729,23,1,1,1.3503684997558594
cnf/sudoku/1000-sudokus.txt/459.txt,RDLIS,8,6,12013,729,25,15,15,1.4186210632324219
cnf/sudoku/1000-sudokus.txt/70.txt,RDLIS,62,58,12011,729,23,121,121,2.9304192066192627
cnf/sudoku/1000-sudokus.txt/761.txt,RDLIS,4,3,12014,729,26,8,8,1.8669281005859375
cnf/sudoku/1000-sudokus.txt/393.txt,RDLIS,4,3,12012,729,24,8,8,1.591015338897705
cnf/sudoku/1000-sudokus.txt/875.txt,RDLIS,7,5,12014,729,26,13,13,1.6391353607177734
cnf/sudoku/1000-sudokus.txt/335.txt,RDLIS,16,10,12012,729,24,27,27,1.7616074085235596
cnf/sudoku/1000-sudokus.txt/350.txt,RDLIS,1,1,12012,729,24,3,3,1.5448176860809326
cnf/sudoku/1000-sudokus.txt/750.txt,RDLIS,18,16,12014,729,26,35,35,1.7321538925170898
cnf/sudoku/1000-sudokus.txt/531.txt,RDLIS,3,2,12013,729,25,6,6,1.5471279621124268
cnf/sudoku/1000-sudokus.txt/624.txt,RDLIS,0,0,12013,729,25,1,1,1.4151031970977783
cnf/sudoku/1000-sudokus.txt/828.txt,RDLIS,24,21,12014,729,26,46,46,1.9509873390197754
cnf/sudoku/1000-sudokus.txt/880.txt,RDLIS,7,3,12014,729,26,11,11,1.6921088695526123
cnf/sudoku/1000-sudokus.txt/585.txt,RDLIS,6,3,12013,729,25,10,10,1.531543493270874
cnf/sudoku/1000-sudokus.txt/726.txt,RDLIS,3,3,12014,729,26,7,7,1.5459766387939453
cnf/sudoku/1000-sudokus.txt/604.txt,RDLIS,2,0,12013,729,25,3,3,1.4469356536865234
cnf/sudoku/1000-sudokus.txt/284.txt,RDLIS,1,1,12012,729,24,3,3,1.4249744415283203
cnf/sudoku/1000-sudokus.txt/425.txt,RDLIS,3,2,12013,729,25,6,6,1.4573535919189453
cnf/sudoku/1000-sudokus.txt/1006.txt,RDLIS,10,8,12016,729,28,19,19,1.530564785003662
cnf/sudoku/1000-sudokus.txt/486.txt,RDLIS,1,1,12013,729,25,3,3,1.4208476543426514
cnf/sudoku/1000-sudokus.txt/839.txt,RDLIS,12,11,12014,729,26,24,24,1.5875592231750488
cnf/sudoku/1000-sudokus.txt/569.txt,RDLIS,0,0,12013,729,25,1,1,1.3906500339508057
cnf/sudoku/1000-sudokus.txt/454.txt,RDLIS,4,2,12013,729,25,7,7,1.4448645114898682
cnf/sudoku/1000-sudokus.txt/947.txt,RDLIS,3,2,12015,729,27,6,6,1.504709243774414
cnf/sudoku/1000-sudokus.txt/650.txt,RDLIS,2,2,12013,729,25,5,5,1.450103998184204
cnf/sudoku/1000-sudokus.txt/576.txt,RDLIS,0,0,12013,729,25,1,1,1.3995494842529297
cnf/sudoku/1000-sudokus.txt/402.txt,RDLIS,1,1,12013,729,25,3,3,1.4193248748779297
cnf/sudoku/1000-sudokus.txt/82.txt,RDLIS,0,0,12011,729,23,1,1,1.4207019805908203
cnf/sudoku/1000-sudokus.txt/891.txt,RDLIS,4,2,12014,729,26,7,7,1.5989234447479248
cnf/sudoku/1000-sudokus.txt/607.txt,RDLIS,2,1,12013,729,25,4,4,1.4969727993011475
cnf/sudoku/1000-sudokus.txt/814.txt,RDLIS,0,0,12014,729,26,1,1,1.4767370223999023
cnf/sudoku/1000-sudokus.txt/837.txt,RDLIS,11,8,12014,729,26,20,20,1.7002437114715576
cnf/sudoku/1000-sudokus.txt/12.txt,RDLIS,3,2,12010,729,22,6,6,1.4879944324493408
cnf/sudoku/1000-sudokus.txt/709.txt,RDLIS,7,4,12014,729,26,12,12,1.6143999099731445
cnf/sudoku/1000-sudokus.txt/974.txt,RDLIS,15,13,12015,729,27,29,29,1.6822803020477295
cnf/sudoku/1000-sudokus.txt/484.txt,RDLIS,7,7,12013,729,25,15,15,1.6461095809936523
cnf/sudoku/1000-sudokus.txt/149.txt,RDLIS,0,0,12012,729,24,1,1,1.458134412765503
cnf/sudoku/1000-sudokus.txt/987.txt,RDLIS,5,2,12015,729,27,8,8,1.5182361602783203
cnf/sudoku/1000-sudokus.txt/872.txt,RDLIS,38,34,12014,729,26,73,73,2.0016815662384033
cnf/sudoku/1000-sudokus.txt/643.txt,RDLIS,0,0,12013,729,25,1,1,1.5929310321807861
cnf/sudoku/1000-sudokus.txt/449.txt,RDLIS,0,0,12013,729,25,1,1,1.52585768699646
cnf/sudoku/1000-sudokus.txt/238.txt,RDLIS,19,16,12012,729,24,36,36,1.8572566509246826
cnf/sudoku/1000-sudokus.txt/653.txt,RDLIS,23,19,12013,729,25,43,43,1.8276276588439941
cnf/sudoku/1000-sudokus.txt/533.txt,RDLIS,1,0,12013,729,25,2,2,1.6113874912261963
cnf/sudoku/1000-sudokus.txt/265.txt,RDLIS,0,0,12012,729,24,1,1,1.597062349319458
cnf/sudoku/1000-sudokus.txt/349.txt,RDLIS,0,0,12012,729,24,1,1,1.647947072982788
cnf/sudoku/1000-sudokus.txt/410.txt,RDLIS,0,0,12013,729,25,1,1,1.5612316131591797
cnf/sudoku/1000-sudokus.txt/519.txt,RDLIS,11,8,12013,729,25,20,20,1.4683289527893066
cnf/sudoku/1000-sudokus.txt/545.txt,RDLIS,5,3,12013,729,25,9,9,1.462848424911499
cnf/sudoku/1000-sudokus.txt/527.txt,RDLIS,61,60,12013,729,25,122,122,3.1823134422302246
cnf/sudoku/1000-sudokus.txt/628.txt,RDLIS,3,1,12013,729,25,5,5,1.6909010410308838
cnf/sudoku/1000-sudokus.txt/97.txt,RDLIS,1,1,12011,729,23,3,3,1.5128304958343506
cnf/sudoku/1000-sudokus.txt/165.txt,RDLIS,6,5,12012,729,24,12,12,1.4261441230773926
cnf/sudoku/1000-sudokus.txt/564.txt,RDLIS,7,7,12013,729,25,15,15,1.5335972309112549
cnf/sudoku/1000-sudokus.txt/277.txt,RDLIS,9,6,12012,729,24,16,16,1.549431562423706
cnf/sudoku/1000-sudokus.txt/6.txt,RDLIS,0,0,12010,729,22,1,1,1.479386806488037
cnf/sudoku/1000-sudokus.txt/898.txt,RDLIS,0,0,12014,729,26,1,1,1.6289803981781006
cnf/sudoku/1000-sudokus.txt/324.txt,RDLIS,9,5,12012,729,24,15,15,1.7510485649108887
cnf/sudoku/1000-sudokus.txt/724.txt,RDLIS,16,15,12014,729,26,32,32,1.8975770473480225
cnf/sudoku/1000-sudokus.txt/289.txt,RDLIS,0,0,12012,729,24,1,1,1.5802299976348877
cnf/sudoku/1000-sudokus.txt/164.txt,RDLIS,0,0,12012,729,24,1,1,1.5440499782562256
cnf/sudoku/1000-sudokus.txt/763.txt,RDLIS,17,11,12014,729,26,29,29,1.825620174407959
cnf/sudoku/1000-sudokus.txt/219.txt,RDLIS,13,12,12012,729,24,26,26,1.67149019241333
cnf/sudoku/1000-sudokus.txt/117.txt,RDLIS,0,0,12011,729,23,1,1,1.5341112613677979
cnf/sudoku/1000-sudokus.txt/680.txt,RDLIS,10,7,12013,729,25,18,18,1.5467541217803955
cnf/sudoku/1000-sudokus.txt/690.txt,RDLIS,8,6,12013,729,25,15,15,1.6271142959594727
cnf/sudoku/1000-sudokus.txt/644.txt,RDLIS,0,0,12013,729,25,1,1,1.426481008529663
cnf/sudoku/1000-sudokus.txt/613.txt,RDLIS,0,0,12013,729,25,1,1,1.5620615482330322
cnf/sudoku/1000-sudokus.txt/47.txt,RDLIS,0,0,12011,729,23,1,1,1.5884199142456055
cnf/sudoku/1000-sudokus.txt/16.txt,RDLIS,0,0,12010,729,22,1,1,1.3846702575683594
cnf/sudoku/1000-sudokus.txt/448.txt,RDLIS,11,9,12013,729,25,21,21,1.4917714595794678
cnf/sudoku/1000-sudokus.txt/274.txt,RDLIS,6,4,12012,729,24,11,11,1.5109131336212158
cnf/sudoku/1000-sudokus.txt/37.txt,RDLIS,1,0,12011,729,23,2,2,1.4334101676940918
cnf/sudoku/1000-sudokus.txt/23.txt,RDLIS,0,0,12011,729,23,1,1,1.4213807582855225
cnf/sudoku/1000-sudokus.txt/334.txt,RDLIS,4,1,12012,729,24,6,6,1.508129358291626
cnf/sudoku/1000-sudokus.txt/588.txt,RDLIS,8,6,12013,729,25,15,15,1.6263437271118164
cnf/sudoku/1000-sudokus.txt/116.txt,RDLIS,3,2,12011,729,23,6,6,1.500126600265503
cnf/sudoku/1000-sudokus.txt/745.txt,RDLIS,3,0,12014,729,26,4,4,1.4917984008789062
cnf/sudoku/1000-sudokus.txt/897.txt,RDLIS,2,1,12014,729,26,4,4,1.497912883758545
cnf/sudoku/1000-sudokus.txt/492.txt,RDLIS,0,0,12013,729,25,1,1,1.4110651016235352
cnf/sudoku/1000-sudokus.txt/135.txt,RDLIS,0,0,12011,729,23,1,1,1.459524393081665
cnf/sudoku/1000-sudokus.txt/234.txt,RDLIS,34,30,12012,729,24,65,65,1.9869825839996338
cnf/sudoku/1000-sudokus.txt/503.txt,RDLIS,13,12,12013,729,25,26,26,1.5678937435150146
cnf/sudoku/1000-sudokus.txt/798.txt,RDLIS,0,0,12014,729,26,1,1,1.403721570968628
cnf/sudoku/1000-sudokus.txt/874.txt,RDLIS,2,0,12014,729,26,3,3,1.3540401458740234
cnf/sudoku/1000-sudokus.txt/221.txt,RDLIS,0,0,12012,729,24,1,1,1.5022571086883545
cnf/sudoku/1000-sudokus.txt/824.txt,RDLIS,5,0,12014,729,26,6,6,1.469700813293457
cnf/sudoku/1000-sudokus.txt/538.txt,RDLIS,17,15,12013,729,25,33,33,1.9274160861968994
cnf/sudoku/1000-sudokus.txt/41.txt,RDLIS,0,0,12011,729,23,1,1,1.5683741569519043
cnf/sudoku/1000-sudokus.txt/948.txt,RDLIS,14,13,12015,729,27,28,28,1.7255594730377197
cnf/sudoku/1000-sudokus.txt/753.txt,RDLIS,11,7,12014,729,26,19,19,1.6308071613311768
cnf/sudoku/1000-sudokus.txt/774.txt,RDLIS,35,32,12014,729,26,68,68,2.0051071643829346
cnf/sudoku/1000-sudokus.txt/58.txt,RDLIS,37,35,12011,729,23,73,73,2.136255979537964
cnf/sudoku/1000-sudokus.txt/411.txt,RDLIS,1,0,12013,729,25,2,2,1.560675859451294
cnf/sudoku/1000-sudokus.txt/512.txt,RDLIS,0,0,12013,729,25,1,1,1.475827693939209
cnf/sudoku/1000-sudokus.txt/645.txt,RDLIS,1,0,12013,729,25,2,2,1.438222885131836
cnf/sudoku/1000-sudokus.txt/992.txt,RDLIS,3,2,12015,729,27,6,6,1.4717378616333008
cnf/sudoku/1000-sudokus.txt/523.txt,RDLIS,0,0,12013,729,25,1,1,1.4747016429901123
cnf/sudoku/1000-sudokus.txt/1001.txt,RDLIS,5,3,12016,729,28,9,9,1.6131815910339355
cnf/sudoku/1000-sudokus.txt/945.txt,RDLIS,0,0,12015,729,27,1,1,1.4594025611877441
cnf/sudoku/1000-sudokus.txt/173.txt,RDLIS,0,0,12012,729,24,1,1,1.4017908573150635
cnf/sudoku/1000-sudokus.txt/472.txt,RDLIS,63,61,12013,729,25,125,125,2.1149179935455322
cnf/sudoku/1000-sudokus.txt/194.txt,RDLIS,10,9,12012,729,24,20,20,1.603694200515747
cnf/sudoku/1000-sudokus.txt/122.txt,RDLIS,51,49,12011,729,23,101,101,2.7252237796783447
cnf/sudoku/1000-sudokus.txt/441.txt,RDLIS,25,22,12013,729,25,48,48,2.285409450531006
cnf/sudoku/1000-sudokus.txt/760.txt,RDLIS,5,3,12014,729,26,9,9,1.5989534854888916
cnf/sudoku/1000-sudokus.txt/240.txt,RDLIS,0,0,12012,729,24,1,1,1.6815998554229736
cnf/sudoku/1000-sudokus.txt/105.txt,RDLIS,0,0,12011,729,23,1,1,1.554940938949585
cnf/sudoku/1000-sudokus.txt/664.txt,RDLIS,0,0,12013,729,25,1,1,1.5064499378204346
cnf/sudoku/1000-sudokus.txt/505.txt,RDLIS,9,6,12013,729,25,16,16,1.668025016784668
cnf/sudoku/1000-sudokus.txt/557.txt,RDLIS,1,1,12013,729,25,3,3,1.5375187397003174
cnf/sudoku/1000-sudokus.txt/488.txt,RDLIS,6,4,12013,729,25,11,11,1.5837483406066895
cnf/sudoku/1000-sudokus.txt/89.txt,RDLIS,4,3,12011,729,23,8,8,1.5019891262054443
cnf/sudoku/1000-sudokus.txt/715.txt,RDLIS,3,3,12014,729,26,7,7,1.5466842651367188
cnf/sudoku/1000-sudokus.txt/140.txt,RDLIS,5,1,12012,729,24,7,7,1.4371542930603027
cnf/sudoku/1000-sudokus.txt/161.txt,RDLIS,0,0,12012,729,24,1,1,1.4663689136505127
cnf/sudoku/1000-sudokus.txt/638.txt,RDLIS,2,0,12013,729,25,3,3,1.4464735984802246
cnf/sudoku/1000-sudokus.txt/506.txt,RDLIS,1,0,12013,729,25,2,2,1.4859645366668701
cnf/sudoku/1000-sudokus.txt/860.txt,RDLIS,5,5,12014,729,26,11,11,1.5845947265625
cnf/sudoku/1000-sudokus.txt/223.txt,RDLIS,2,2,12012,729,24,5,5,1.4970128536224365
cnf/sudoku/1000-sudokus.txt/264.txt,RDLIS,1,1,12012,729,24,3,3,1.503955364227295
cnf/sudoku/1000-sudokus.txt/312.txt,RDLIS,0,0,12012,729,24,1,1,1.5109951496124268
cnf/sudoku/1000-sudokus.txt/431.txt,RDLIS,0,0,12013,729,25,1,1,1.5755071640014648
cnf/sudoku/1000-sudokus.txt/907.txt,RDLIS,3,1,12014,729,26,5,5,1.5693559646606445
cnf/sudoku/1000-sudokus.txt/785.txt,RDLIS,10,8,12014,729,26,19,19,1.617624044418335
cnf/sudoku/1000-sudokus.txt/369.txt,RDLIS,3,2,12012,729,24,6,6,1.4771692752838135
cnf/sudoku/1000-sudokus.txt/916.txt,RDLIS,0,0,12015,729,27,1,1,1.6422395706176758
cnf/sudoku/1000-sudokus.txt/137.txt,RDLIS,0,0,12011,729,23,1,1,1.7353134155273438
cnf/sudoku/1000-sudokus.txt/887.txt,RDLIS,0,0,12014,729,26,1,1,1.5056045055389404
cnf/sudoku/1000-sudokus.txt/171.txt,RDLIS,7,3,12012,729,24,11,11,1.4242002964019775
cnf/sudoku/1000-sudokus.txt/727.txt,RDLIS,1,0,12014,729,26,2,2,1.4355220794677734
cnf/sudoku/1000-sudokus.txt/614.txt,RDLIS,10,10,12013,729,25,21,21,1.899341106414795
cnf/sudoku/1000-sudokus.txt/235.txt,RDLIS,0,0,12012,729,24,1,1,1.5794072151184082
cnf/sudoku/1000-sudokus.txt/999.txt,RDLIS,6,6,12016,729,28,13,13,1.6579151153564453
cnf/sudoku/1000-sudokus.txt/371.txt,RDLIS,1,1,12012,729,24,3,3,1.7129583358764648
cnf/sudoku/1000-sudokus.txt/686.txt,RDLIS,99,98,12013,729,25,198,198,3.88079833984375
cnf/sudoku/1000-sudokus.txt/592.txt,RDLIS,0,0,12013,729,25,1,1,1.6043784618377686
cnf/sudoku/1000-sudokus.txt/821.txt,RDLIS,11,9,12014,729,26,21,21,1.605823278427124
cnf/sudoku/1000-sudokus.txt/791.txt,RDLIS,0,0,12014,729,26,1,1,1.4863626956939697
cnf/sudoku/1000-sudokus.txt/309.txt,RDLIS,2,2,12012,729,24,5,5,1.5082814693450928
cnf/sudoku/1000-sudokus.txt/251.txt,RDLIS,19,19,12012,729,24,39,39,1.785731554031372
cnf/sudoku/1000-sudokus.txt/757.txt,RDLIS,18,16,12014,729,26,35,35,1.8214750289916992
cnf/sudoku/1000-sudokus.txt/590.txt,RDLIS,17,16,12013,729,25,34,34,1.7689635753631592
cnf/sudoku/1000-sudokus.txt/257.txt,RDLIS,0,0,12012,729,24,1,1,1.6515977382659912
cnf/sudoku/1000-sudokus.txt/688.txt,RDLIS,4,3,12013,729,25,8,8,1.5440642833709717
cnf/sudoku/1000-sudokus.txt/228.txt,RDLIS,2,0,12012,729,24,3,3,1.4774701595306396
cnf/sudoku/1000-sudokus.txt/355.txt,RDLIS,4,3,12012,729,24,8,8,1.5226390361785889
cnf/sudoku/1000-sudokus.txt/254.txt,RDLIS,1,0,12012,729,24,2,2,1.4978752136230469
cnf/sudoku/1000-sudokus.txt/353.txt,RDLIS,0,0,12012,729,24,1,1,1.427699089050293
cnf/sudoku/1000-sudokus.txt/1002.txt,RDLIS,21,18,12016,729,28,40,40,1.7579047679901123
cnf/sudoku/1000-sudokus.txt/723.txt,RDLIS,7,6,12014,729,26,14,14,1.6293675899505615
cnf/sudoku/1000-sudokus.txt/810.txt,RDLIS,7,6,12014,729,26,14,14,1.616652488708496
cnf/sudoku/1000-sudokus.txt/181.txt,RDLIS,5,2,12012,729,24,8,8,1.4953737258911133
cnf/sudoku/1000-sudokus.txt/268.txt,RDLIS,18,16,12012,729,24,35,35,1.7236270904541016
cnf/sudoku/1000-sudokus.txt/204.txt,RDLIS,1,1,12012,729,24,3,3,1.5515644550323486
cnf/sudoku/1000-sudokus.txt/509.txt,RDLIS,3,0,12013,729,25,4,4,1.6012060642242432
cnf/sudoku/1000-sudokus.txt/991.txt,RDLIS,44,43,12015,729,27,88,88,2.555133581161499
cnf/sudoku/1000-sudokus.txt/599.txt,RDLIS,15,14,12013,729,25,30,30,2.078458070755005
cnf/sudoku/1000-sudokus.txt/176.txt,RDLIS,2,0,12012,729,24,3,3,1.785163164138794
cnf/sudoku/1000-sudokus.txt/719.txt,RDLIS,0,0,12014,729,26,1,1,1.6374170780181885
cnf/sudoku/1000-sudokus.txt/444.txt,RDLIS,2,1,12013,729,25,4,4,1.468263864517212
cnf/sudoku/1000-sudokus.txt/9.txt,RDLIS,21,19,12010,729,22,41,41,1.8907005786895752
cnf/sudoku/1000-sudokus.txt/239.txt,RDLIS,5,3,12012,729,24,9,9,1.5297412872314453
cnf/sudoku/1000-sudokus.txt/820.txt,RDLIS,6,4,12014,729,26,11,11,1.5197429656982422
cnf/sudoku/1000-sudokus.txt/648.txt,RDLIS,4,1,12013,729,25,6,6,1.459380865097046
cnf/sudoku/1000-sudokus.txt/83.txt,RDLIS,26,24,12011,729,23,51,51,1.9633171558380127
cnf/sudoku/1000-sudokus.txt/63.txt,RDLIS,0,0,12011,729,23,1,1,1.4392566680908203
cnf/sudoku/1000-sudokus.txt/961.txt,RDLIS,3,2,12015,729,27,6,6,1.5777037143707275
cnf/sudoku/1000-sudokus.txt/59.txt,RDLIS,3,2,12011,729,23,6,6,1.7286369800567627
cnf/sudoku/1000-sudokus.txt/958.txt,RDLIS,6,3,12015,729,27,10,10,1.889195203781128
cnf/sudoku/1000-sudokus.txt/120.txt,RDLIS,1,0,12011,729,23,2,2,1.704094648361206
cnf/sudoku/1000-sudokus.txt/809.txt,RDLIS,65,60,12014,729,26,126,126,3.1005914211273193
cnf/sudoku/1000-sudokus.txt/18.txt,RDLIS,0,0,12010,729,22,1,1,1.6676874160766602
cnf/sudoku/1000-sudokus.txt/248.txt,RDLIS,0,0,12012,729,24,1,1,1.5096657276153564
cnf/sudoku/1000-sudokus.txt/382.txt,RDLIS,0,0,12012,729,24,1,1,1.5583531856536865
cnf/sudoku/1000-sudokus.txt/627.txt,RDLIS,5,4,12013,729,25,10,10,1.4888041019439697
cnf/sudoku/1000-sudokus.txt/414.txt,RDLIS,31,29,12013,729,25,61,61,1.933380365371704
cnf/sudoku/1000-sudokus.txt/733.txt,RDLIS,2,0,12014,729,26,3,3,1.5529837608337402
cnf/sudoku/1000-sudokus.txt/92.txt,RDLIS,3,2,12011,729,23,6,6,1.5700314044952393
cnf/sudoku/1000-sudokus.txt/252.txt,RDLIS,0,0,12012,729,24,1,1,1.5288341045379639
cnf/sudoku/1000-sudokus.txt/850.txt,RDLIS,9,8,12014,729,26,18,18,1.5058047771453857
cnf/sudoku/1000-sudokus.txt/679.txt,RDLIS,1,1,12013,729,25,3,3,1.5105199813842773
cnf/sudoku/1000-sudokus.txt/711.txt,RDLIS,5,4,12014,729,26,10,10,1.624882698059082
cnf/sudoku/1000-sudokus.txt/657.txt,RDLIS,9,6,12013,729,25,16,16,1.6692914962768555
cnf/sudoku/1000-sudokus.txt/380.txt,RDLIS,1,1,12012,729,24,3,3,1.5136950016021729
cnf/sudoku/1000-sudokus.txt/403.txt,RDLIS,1,0,12013,729,25,2,2,1.7198243141174316
cnf/sudoku/1000-sudokus.txt/71.txt,RDLIS,11,10,12011,729,23,22,22,1.6652421951293945
cnf/sudoku/1000-sudokus.txt/465.txt,RDLIS,3,2,12013,729,25,6,6,1.5721518993377686
cnf/sudoku/1000-sudokus.txt/554.txt,RDLIS,1,0,12013,729,25,2,2,1.506617784500122
cnf/sudoku/1000-sudokus.txt/290.txt,RDLIS,5,5,12012,729,24,11,11,1.4955055713653564
cnf/sudoku/1000-sudokus.txt/297.txt,RDLIS,2,1,12012,729,24,4,4,1.5152595043182373
cnf/sudoku/1000-sudokus.txt/487.txt,RDLIS,1,0,12013,729,25,2,2,1.5298142433166504
cnf/sudoku/1000-sudokus.txt/190.txt,RDLIS,21,18,12012,729,24,40,40,1.812276840209961
cnf/sudoku/1000-sudokus.txt/518.txt,RDLIS,2,1,12013,729,25,4,4,1.592128038406372
cnf/sudoku/1000-sudokus.txt/17.txt,RDLIS,0,0,12010,729,22,1,1,1.588893175125122
cnf/sudoku/1000-sudokus.txt/278.txt,RDLIS,0,0,12012,729,24,1,1,1.5437402725219727
cnf/sudoku/1000-sudokus.txt/67.txt,RDLIS,6,3,12011,729,23,10,10,1.5288803577423096
cnf/sudoku/1000-sudokus.txt/139.txt,RDLIS,4,2,12012,729,24,7,7,1.6467969417572021
cnf/sudoku/1000-sudokus.txt/773.txt,RDLIS,0,0,12014,729,26,1,1,1.6505100727081299
cnf/sudoku/1000-sudokus.txt/918.txt,RDLIS,0,0,12015,729,27,1,1,1.6416857242584229
cnf/sudoku/1000-sudokus.txt/407.txt,RDLIS,3,1,12013,729,25,5,5,1.8515355587005615
cnf/sudoku/1000-sudokus.txt/759.txt,RDLIS,5,5,12014,729,26,11,11,1.6749608516693115
cnf/sudoku/1000-sudokus.txt/668.txt,RDLIS,1,0,12013,729,25,2,2,1.5435185432434082
cnf/sudoku/1000-sudokus.txt/788.txt,RDLIS,9,8,12014,729,26,18,18,1.654076337814331
cnf/sudoku/1000-sudokus.txt/904.txt,RDLIS,9,4,12014,729,26,14,14,1.6459295749664307
cnf/sudoku/1000-sudokus.txt/675.txt,RDLIS,10,7,12013,729,25,18,18,1.6659002304077148
cnf/sudoku/1000-sudokus.txt/381.txt,RDLIS,0,0,12012,729,24,1,1,1.6009483337402344
cnf/sudoku/1000-sudokus.txt/493.txt,RDLIS,12,10,12013,729,25,23,23,1.7254667282104492
cnf/sudoku/1000-sudokus.txt/318.txt,RDLIS,5,3,12012,729,24,9,9,1.4572257995605469
cnf/sudoku/1000-sudokus.txt/779.txt,RDLIS,1,0,12014,729,26,2,2,1.494781732559204
cnf/sudoku/1000-sudokus.txt/1008.txt,RDLIS,5,2,12016,729,28,8,8,1.4720358848571777
cnf/sudoku/1000-sudokus.txt/708.txt,RDLIS,5,5,12014,729,26,11,11,1.5736546516418457
cnf/sudoku/1000-sudokus.txt/217.txt,RDLIS,0,0,12012,729,24,1,1,1.5056030750274658
cnf/sudoku/1000-sudokus.txt/330.txt,RDLIS,14,12,12012,729,24,27,27,1.7130274772644043
cnf/sudoku/1000-sudokus.txt/329.txt,RDLIS,2,1,12012,729,24,4,4,1.3816461563110352
cnf/sudoku/1000-sudokus.txt/983.txt,RDLIS,50,50,12015,729,27,101,101,2.310863494873047
cnf/sudoku/1000-sudokus.txt/853.txt,RDLIS,1,0,12014,729,26,2,2,1.5595688819885254
cnf/sudoku/1000-sudokus.txt/827.txt,RDLIS,11,11,12014,729,26,23,23,1.5820178985595703
cnf/sudoku/1000-sudokus.txt/698.txt,RDLIS,0,0,12013,729,25,1,1,1.4520814418792725
cnf/sudoku/1000-sudokus.txt/175.txt,RDLIS,4,4,12012,729,24,9,9,1.411412000656128
cnf/sudoku/1000-sudokus.txt/215.txt,RDLIS,23,21,12012,729,24,45,45,2.00205659866333
cnf/sudoku/1000-sudokus.txt/602.txt,RDLIS,1,0,12013,729,25,2,2,1.5474276542663574
cnf/sudoku/1000-sudokus.txt/517.txt,RDLIS,5,5,12013,729,25,11,11,1.5029065608978271
cnf/sudoku/1000-sudokus.txt/351.txt,RDLIS,6,5,12012,729,24,12,12,1.4751155376434326
cnf/sudoku/1000-sudokus.txt/633.txt,RDLIS,4,2,12013,729,25,7,7,1.4845738410949707
cnf/sudoku/1000-sudokus.txt/591.txt,RDLIS,10,6,12013,729,25,17,17,1.5903010368347168
cnf/sudoku/1000-sudokus.txt/830.txt,RDLIS,1,0,12014,729,26,2,2,1.7156431674957275
cnf/sudoku/1000-sudokus.txt/473.txt,RDLIS,3,0,12013,729,25,4,4,1.6249418258666992
cnf/sudoku/1000-sudokus.txt/129.txt,RDLIS,28,26,12011,729,23,55,55,2.0703089237213135
cnf/sudoku/1000-sudokus.txt/697.txt,RDLIS,3,1,12013,729,25,5,5,1.5909721851348877
cnf/sudoku/1000-sudokus.txt/90.txt,RDLIS,14,13,12011,729,23,28,28,1.762326955795288
cnf/sudoku/1000-sudokus.txt/193.txt,RDLIS,1,1,12012,729,24,3,3,1.6141481399536133
cnf/sudoku/1000-sudokus.txt/807.txt,RDLIS,3,2,12014,729,26,6,6,1.5970587730407715
cnf/sudoku/1000-sudokus.txt/642.txt,RDLIS,0,0,12013,729,25,1,1,1.509612798690796
cnf/sudoku/1000-sudokus.txt/241.txt,RDLIS,0,0,12012,729,24,1,1,1.5203042030334473
cnf/sudoku/1000-sudokus.txt/378.txt,RDLIS,1,1,12012,729,24,3,3,1.4011387825012207
cnf/sudoku/1000-sudokus.txt/386.txt,RDLIS,13,11,12012,729,24,25,25,1.671311616897583
cnf/sudoku/1000-sudokus.txt/619.txt,RDLIS,26,26,12013,729,25,53,53,1.9000005722045898
cnf/sudoku/1000-sudokus.txt/433.txt,RDLIS,1,0,12013,729,25,2,2,1.858292579650879
cnf/sudoku/1000-sudokus.txt/870.txt,RDLIS,2,0,12014,729,26,3,3,1.6053225994110107
cnf/sudoku/1000-sudokus.txt/993.txt,RDLIS,6,6,12015,729,27,13,13,1.5675787925720215
cnf/sudoku/1000-sudokus.txt/654.txt,RDLIS,0,0,12013,729,25,1,1,1.6031098365783691
cnf/sudoku/1000-sudokus.txt/979.txt,RDLIS,6,6,12015,729,27,13,13,1.6241912841796875
cnf/sudoku/1000-sudokus.txt/579.txt,RDLIS,99,96,12013,729,25,196,196,3.857247829437256
cnf/sudoku/1000-sudokus.txt/43.txt,RDLIS,1,1,12011,729,23,3,3,1.822507381439209
cnf/sudoku/1000-sudokus.txt/949.txt,RDLIS,0,0,12015,729,27,1,1,1.6169264316558838
cnf/sudoku/1000-sudokus.txt/321.txt,RDLIS,3,2,12012,729,24,6,6,1.7264626026153564
cnf/sudoku/1000-sudokus.txt/275.txt,RDLIS,0,0,12012,729,24,1,1,1.6183183193206787
cnf/sudoku/1000-sudokus.txt/436.txt,RDLIS,0,0,12013,729,25,1,1,1.656099557876587
cnf/sudoku/1000-sudokus.txt/561.txt,RDLIS,0,0,12013,729,25,1,1,1.6301898956298828
cnf/sudoku/1000-sudokus.txt/19.txt,RDLIS,0,0,12010,729,22,1,1,1.6430153846740723
cnf/sudoku/1000-sudokus.txt/53.txt,RDLIS,0,0,12011,729,23,1,1,1.5380947589874268
cnf/sudoku/1000-sudokus.txt/390.txt,RDLIS,9,7,12012,729,24,17,17,1.6678547859191895
cnf/sudoku/1000-sudokus.txt/343.txt,RDLIS,0,0,12012,729,24,1,1,1.5627830028533936
cnf/sudoku/1000-sudokus.txt/356.txt,RDLIS,5,2,12012,729,24,8,8,1.657824993133545
cnf/sudoku/1000-sudokus.txt/475.txt,RDLIS,3,2,12013,729,25,6,6,1.5856080055236816
cnf/sudoku/1000-sudokus.txt/500.txt,RDLIS,0,0,12013,729,25,1,1,1.6189496517181396
cnf/sudoku/1000-sudokus.txt/405.txt,RDLIS,10,6,12013,729,25,17,17,1.6017639636993408
cnf/sudoku/1000-sudokus.txt/8.txt,RDLIS,0,0,12010,729,22,1,1,1.4802312850952148
cnf/sudoku/1000-sudokus.txt/296.txt,RDLIS,1,1,12012,729,24,3,3,1.4608826637268066
cnf/sudoku/1000-sudokus.txt/471.txt,RDLIS,1,0,12013,729,25,2,2,1.4238345623016357
cnf/sudoku/1000-sudokus.txt/276.txt,RDLIS,3,0,12012,729,24,4,4,1.5703837871551514
cnf/sudoku/1000-sudokus.txt/501.txt,RDLIS,0,0,12013,729,25,1,1,1.450254201889038
cnf/sudoku/1000-sudokus.txt/153.txt,RDLIS,12,9,12012,729,24,22,22,1.676955223083496
cnf/sudoku/1000-sudokus.txt/841.txt,RDLIS,5,3,12014,729,26,9,9,1.5625665187835693
cnf/sudoku/1000-sudokus.txt/313.txt,RDLIS,3,0,12012,729,24,4,4,1.5403780937194824
cnf/sudoku/1000-sudokus.txt/732.txt,RDLIS,8,6,12014,729,26,15,15,1.446342945098877
cnf/sudoku/1000-sudokus.txt/44.txt,RDLIS,12,10,12011,729,23,23,23,1.6456444263458252
cnf/sudoku/1000-sudokus.txt/520.txt,RDLIS,0,0,12013,729,25,1,1,1.4857919216156006
cnf/sudoku/1000-sudokus.txt/1.txt,RDLIS,0,0,12009,729,21,1,1,1.4351959228515625
cnf/sudoku/1000-sudokus.txt/995.txt,RDLIS,1,0,12016,729,28,2,2,1.5197246074676514
cnf/sudoku/1000-sudokus.txt/900.txt,RDLIS,2,1,12014,729,26,4,4,1.4545042514801025
cnf/sudoku/1000-sudokus.txt/115.txt,RDLIS,1,0,12011,729,23,2,2,1.4944262504577637
cnf/sudoku/1000-sudokus.txt/972.txt,RDLIS,13,8,12015,729,27,22,22,1.6209626197814941
cnf/sudoku/1000-sudokus.txt/609.txt,RDLIS,15,12,12013,729,25,28,28,1.5684762001037598
cnf/sudoku/1000-sudokus.txt/865.txt,RDLIS,6,3,12014,729,26,10,10,1.4979019165039062
cnf/sudoku/1000-sudokus.txt/563.txt,RDLIS,0,0,12013,729,25,1,1,1.5250790119171143
cnf/sudoku/1000-sudokus.txt/524.txt,RDLIS,0,0,12013,729,25,1,1,1.4121098518371582
cnf/sudoku/1000-sudokus.txt/86.txt,RDLIS,2,0,12011,729,23,3,3,1.3640570640563965
cnf/sudoku/1000-sudokus.txt/742.txt,RDLIS,0,0,12014,729,26,1,1,1.4901330471038818
cnf/sudoku/1000-sudokus.txt/253.txt,RDLIS,3,2,12012,729,24,6,6,1.6996774673461914
cnf/sudoku/1000-sudokus.txt/549.txt,RDLIS,1,1,12013,729,25,3,3,1.50087308883667
cnf/sudoku/1000-sudokus.txt/578.txt,RDLIS,1,0,12013,729,25,2,2,1.578643560409546
cnf/sudoku/1000-sudokus.txt/762.txt,RDLIS,8,6,12014,729,26,15,15,1.5609519481658936
cnf/sudoku/1000-sudokus.txt/502.txt,RDLIS,50,46,12013,729,25,97,97,2.675633430480957
cnf/sudoku/1000-sudokus.txt/339.txt,RDLIS,5,4,12012,729,24,10,10,1.7280011177062988
cnf/sudoku/1000-sudokus.txt/630.txt,RDLIS,18,14,12013,729,25,33,33,1.5621910095214844
cnf/sudoku/1000-sudokus.txt/364.txt,RDLIS,11,9,12012,729,24,21,21,1.6056904792785645
cnf/sudoku/1000-sudokus.txt/575.txt,RDLIS,9,7,12013,729,25,17,17,1.619917392730713
cnf/sudoku/1000-sudokus.txt/376.txt,RDLIS,3,2,12012,729,24,6,6,1.5916662216186523
cnf/sudoku/1000-sudokus.txt/160.txt,RDLIS,0,0,12012,729,24,1,1,1.4996323585510254
cnf/sudoku/1000-sudokus.txt/558.txt,RDLIS,0,0,12013,729,25,1,1,1.4503669738769531
cnf/sudoku/1000-sudokus.txt/119.txt,RDLIS,2,0,12011,729,23,3,3,1.3884320259094238
cnf/sudoku/1000-sudokus.txt/889.txt,RDLIS,5,1,12014,729,26,7,7,1.5159873962402344
cnf/sudoku/1000-sudokus.txt/765.txt,RDLIS,3,1,12014,729,26,5,5,1.4723381996154785
cnf/sudoku/1000-sudokus.txt/639.txt,RDLIS,7,5,12013,729,25,13,13,1.7242231369018555
cnf/sudoku/1000-sudokus.txt/775.txt,RDLIS,0,0,12014,729,26,1,1,1.526677131652832
cnf/sudoku/1000-sudokus.txt/854.txt,RDLIS,10,10,12014,729,26,21,21,1.5368788242340088
cnf/sudoku/1000-sudokus.txt/168.txt,RDLIS,38,33,12012,729,24,72,72,2.277388334274292
cnf/sudoku/1000-sudokus.txt/610.txt,RDLIS,2,2,12013,729,25,5,5,1.7311859130859375
cnf/sudoku/1000-sudokus.txt/649.txt,RDLIS,1,0,12013,729,25,2,2,1.5578904151916504
cnf/sudoku/1000-sudokus.txt/728.txt,RDLIS,5,2,12014,729,26,8,8,1.7753643989562988
cnf/sudoku/1000-sudokus.txt/692.txt,RDLIS,8,8,12013,729,25,17,17,1.5808444023132324
cnf/sudoku/1000-sudokus.txt/422.txt,RDLIS,1,0,12013,729,25,2,2,1.5370359420776367
cnf/sudoku/1000-sudokus.txt/496.txt,RDLIS,3,1,12013,729,25,5,5,1.5013279914855957
cnf/sudoku/1000-sudokus.txt/387.txt,RDLIS,1,0,12012,729,24,2,2,1.4928932189941406
cnf/sudoku/1000-sudokus.txt/203.txt,RDLIS,0,0,12012,729,24,1,1,1.400632381439209
cnf/sudoku/1000-sudokus.txt/224.txt,RDLIS,0,0,12012,729,24,1,1,1.3959455490112305
cnf/sudoku/1000-sudokus.txt/31.txt,RDLIS,0,0,12011,729,23,1,1,1.4342553615570068
cnf/sudoku/1000-sudokus.txt/322.txt,RDLIS,48,48,12012,729,24,97,97,2.2201902866363525
cnf/sudoku/1000-sudokus.txt/598.txt,RDLIS,5,3,12013,729,25,9,9,1.5097544193267822
cnf/sudoku/1000-sudokus.txt/304.txt,RDLIS,3,1,12012,729,24,5,5,1.4114952087402344
cnf/sudoku/1000-sudokus.txt/155.txt,RDLIS,0,0,12012,729,24,1,1,1.4068915843963623
cnf/sudoku/1000-sudokus.txt/7.txt,RDLIS,0,0,12010,729,22,1,1,1.5215249061584473
cnf/sudoku/1000-sudokus.txt/846.txt,RDLIS,3,2,12014,729,26,6,6,1.4949843883514404
cnf/sudoku/1000-sudokus.txt/718.txt,RDLIS,2,2,12014,729,26,5,5,1.4442789554595947
cnf/sudoku/1000-sudokus.txt/535.txt,RDLIS,1,1,12013,729,25,3,3,1.4522168636322021
cnf/sudoku/1000-sudokus.txt/710.txt,RDLIS,0,0,12014,729,26,1,1,1.4412176609039307
cnf/sudoku/1000-sudokus.txt/927.txt,RDLIS,5,2,12015,729,27,8,8,1.4010612964630127
cnf/sudoku/1000-sudokus.txt/185.txt,RDLIS,2,1,12012,729,24,4,4,1.4847595691680908
cnf/sudoku/1000-sudokus.txt/587.txt,RDLIS,8,7,12013,729,25,16,16,1.4340767860412598
cnf/sudoku/1000-sudokus.txt/811.txt,RDLIS,6,3,12014,729,26,10,10,1.540233850479126
cnf/sudoku/1000-sudokus.txt/911.txt,RDLIS,3,2,12014,729,26,6,6,1.4335405826568604
cnf/sudoku/1000-sudokus.txt/211.txt,RDLIS,8,2,12012,729,24,11,11,1.4538171291351318
cnf/sudoku/1000-sudokus.txt/792.txt,RDLIS,0,0,12014,729,26,1,1,1.448204517364502
cnf/sudoku/1000-sudokus.txt/166.txt,RDLIS,2,1,12012,729,24,4,4,1.4070806503295898
cnf/sudoku/1000-sudokus.txt/187.txt,RDLIS,5,3,12012,729,24,9,9,1.4165318012237549
cnf/sudoku/1000-sudokus.txt/713.txt,RDLIS,13,12,12014,729,26,26,26,1.454376220703125
cnf/sudoku/1000-sudokus.txt/848.txt,RDLIS,0,0,12014,729,26,1,1,1.409651517868042
cnf/sudoku/1000-sudokus.txt/74.txt,RDLIS,0,0,12011,729,23,1,1,1.4220023155212402
cnf/sudoku/1000-sudokus.txt/513.txt,RDLIS,24,23,12013,729,25,48,48,2.215177297592163
cnf/sudoku/1000-sudokus.txt/570.txt,RDLIS,13,12,12013,729,25,26,26,1.6096553802490234
cnf/sudoku/1000-sudokus.txt/905.txt,RDLIS,21,20,12014,729,26,42,42,1.8818237781524658
cnf/sudoku/1000-sudokus.txt/462.txt,RDLIS,3,3,12013,729,25,7,7,1.5298006534576416
cnf/sudoku/1000-sudokus.txt/838.txt,RDLIS,0,0,12014,729,26,1,1,1.5145223140716553
cnf/sudoku/1000-sudokus.txt/725.txt,RDLIS,27,24,12014,729,26,52,52,1.8695893287658691
cnf/sudoku/1000-sudokus.txt/543.txt,RDLIS,12,7,12013,729,25,20,20,1.560511589050293
cnf/sudoku/1000-sudokus.txt/720.txt,RDLIS,18,17,12014,729,26,36,36,1.660675048828125
cnf/sudoku/1000-sudokus.txt/529.txt,RDLIS,5,3,12013,729,25,9,9,1.5164668560028076
cnf/sudoku/1000-sudokus.txt/676.txt,RDLIS,8,5,12013,729,25,14,14,1.6179883480072021
cnf/sudoku/1000-sudokus.txt/920.txt,RDLIS,1,0,12015,729,27,2,2,1.4515087604522705
cnf/sudoku/1000-sudokus.txt/589.txt,RDLIS,21,18,12013,729,25,40,40,1.69197416305542
cnf/sudoku/1000-sudokus.txt/216.txt,RDLIS,1,1,12012,729,24,3,3,1.5402908325195312
cnf/sudoku/1000-sudokus.txt/158.txt,RDLIS,2,0,12012,729,24,3,3,1.5623509883880615
cnf/sudoku/1000-sudokus.txt/859.txt,RDLIS,10,6,12014,729,26,17,17,1.5491080284118652
cnf/sudoku/1000-sudokus.txt/636.txt,RDLIS,9,6,12013,729,25,16,16,1.5647032260894775
cnf/sudoku/1000-sudokus.txt/700.txt,RDLIS,4,3,12013,729,25,8,8,1.5937590599060059
cnf/sudoku/1000-sudokus.txt/857.txt,RDLIS,13,11,12014,729,26,25,25,1.953869342803955
cnf/sudoku/1000-sudokus.txt/443.txt,RDLIS,19,18,12013,729,25,38,38,1.7256689071655273
cnf/sudoku/1000-sudokus.txt/242.txt,RDLIS,5,2,12012,729,24,8,8,1.618819236755371
cnf/sudoku/1000-sudokus.txt/671.txt,RDLIS,1,1,12013,729,25,3,3,1.4633960723876953
cnf/sudoku/1000-sudokus.txt/744.txt,RDLIS,8,3,12014,729,26,12,12,1.512718915939331
cnf/sudoku/1000-sudokus.txt/110.txt,RDLIS,2,1,12011,729,23,4,4,1.4023680686950684
cnf/sudoku/1000-sudokus.txt/495.txt,RDLIS,11,9,12013,729,25,21,21,1.6328771114349365
cnf/sudoku/1000-sudokus.txt/988.txt,RDLIS,3,3,12015,729,27,7,7,1.610332727432251
cnf/sudoku/1000-sudokus.txt/272.txt,RDLIS,5,3,12012,729,24,9,9,1.5048856735229492
cnf/sudoku/1000-sudokus.txt/685.txt,RDLIS,7,5,12013,729,25,13,13,1.5129551887512207
cnf/sudoku/1000-sudokus.txt/466.txt,RDLIS,7,3,12013,729,25,11,11,1.520240306854248
cnf/sudoku/1000-sudokus.txt/285.txt,RDLIS,0,0,12012,729,24,1,1,1.4891672134399414
cnf/sudoku/1000-sudokus.txt/915.txt,RDLIS,11,5,12014,729,26,17,17,1.527449131011963
cnf/sudoku/1000-sudokus.txt/218.txt,RDLIS,0,0,12012,729,24,1,1,1.4445843696594238
cnf/sudoku/1000-sudokus.txt/345.txt,RDLIS,0,0,12012,729,24,1,1,1.4383482933044434
cnf/sudoku/1000-sudokus.txt/722.txt,RDLIS,5,1,12014,729,26,7,7,1.6501598358154297
cnf/sudoku/1000-sudokus.txt/451.txt,RDLIS,146,145,12013,729,25,292,292,4.71364688873291
cnf/sudoku/1000-sudokus.txt/856.txt,RDLIS,2,0,12014,729,26,3,3,1.7888233661651611
cnf/sudoku/1000-sudokus.txt/463.txt,RDLIS,2,0,12013,729,25,3,3,1.5625793933868408
cnf/sudoku/1000-sudokus.txt/84.txt,RDLIS,0,0,12011,729,23,1,1,1.5432579517364502
cnf/sudoku/1000-sudokus.txt/68.txt,RDLIS,0,0,12011,729,23,1,1,1.4538295269012451
cnf/sudoku/1000-sudokus.txt/20.txt,RDLIS,0,0,12010,729,22,1,1,1.4141039848327637
cnf/sudoku/1000-sudokus.txt/864.txt,RDLIS,2,2,12014,729,26,5,5,1.4984729290008545
cnf/sudoku/1000-sudokus.txt/207.txt,RDLIS,7,5,12012,729,24,13,13,1.6663429737091064
cnf/sudoku/1000-sudokus.txt/229.txt,RDLIS,1,1,12012,729,24,3,3,1.6682496070861816
cnf/sudoku/1000-sudokus.txt/299.txt,RDLIS,11,8,12012,729,24,20,20,1.6361901760101318
cnf/sudoku/1000-sudokus.txt/977.txt,RDLIS,1,0,12015,729,27,2,2,1.5242164134979248
cnf/sudoku/1000-sudokus.txt/577.txt,RDLIS,35,31,12013,729,25,67,67,2.094280958175659
cnf/sudoku/1000-sudokus.txt/344.txt,RDLIS,1,1,12012,729,24,3,3,1.5483765602111816
cnf/sudoku/1000-sudokus.txt/143.txt,RDLIS,4,3,12012,729,24,8,8,1.5495445728302002
cnf/sudoku/1000-sudokus.txt/392.txt,RDLIS,59,56,12012,729,24,116,116,2.5166735649108887
cnf/sudoku/1000-sudokus.txt/261.txt,RDLIS,6,3,12012,729,24,10,10,1.9584181308746338
cnf/sudoku/1000-sudokus.txt/469.txt,RDLIS,8,5,12013,729,25,14,14,1.65138840675354
cnf/sudoku/1000-sudokus.txt/468.txt,RDLIS,0,0,12013,729,25,1,1,1.5125527381896973
cnf/sudoku/1000-sudokus.txt/562.txt,RDLIS,10,9,12013,729,25,20,20,1.6967589855194092
cnf/sudoku/1000-sudokus.txt/634.txt,RDLIS,1,1,12013,729,25,3,3,1.666243076324463
cnf/sudoku/1000-sudokus.txt/521.txt,RDLIS,4,3,12013,729,25,8,8,1.6092355251312256
cnf/sudoku/1000-sudokus.txt/631.txt,RDLIS,14,12,12013,729,25,27,27,1.6890742778778076
cnf/sudoku/1000-sudokus.txt/976.txt,RDLIS,12,10,12015,729,27,23,23,1.645071029663086
cnf/sudoku/1000-sudokus.txt/662.txt,RDLIS,34,31,12013,729,25,66,66,1.962698221206665
cnf/sudoku/1000-sudokus.txt/497.txt,RDLIS,0,0,12013,729,25,1,1,1.565107822418213
cnf/sudoku/1000-sudokus.txt/485.txt,RDLIS,20,19,12013,729,25,40,40,2.0246591567993164
cnf/sudoku/1000-sudokus.txt/199.txt,RDLIS,5,2,12012,729,24,8,8,1.5018932819366455
cnf/sudoku/1000-sudokus.txt/572.txt,RDLIS,26,24,12013,729,25,51,51,1.7410471439361572
cnf/sudoku/1000-sudokus.txt/198.txt,RDLIS,14,14,12012,729,24,29,29,1.7605137825012207
cnf/sudoku/1000-sudokus.txt/170.txt,RDLIS,0,0,12012,729,24,1,1,1.5208518505096436
cnf/sudoku/1000-sudokus.txt/118.txt,RDLIS,11,10,12011,729,23,22,22,1.5618197917938232
cnf/sudoku/1000-sudokus.txt/815.txt,RDLIS,0,0,12014,729,26,1,1,1.400144100189209
cnf/sudoku/1000-sudokus.txt/971.txt,RDLIS,13,8,12015,729,27,22,22,1.5647764205932617
cnf/sudoku/1000-sudokus.txt/684.txt,RDLIS,6,6,12013,729,25,13,13,1.4070789813995361
cnf/sudoku/1000-sudokus.txt/601.txt,RDLIS,1,0,12013,729,25,2,2,1.403569221496582
cnf/sudoku/1000-sudokus.txt/301.txt,RDLIS,1,0,12012,729,24,2,2,1.4802210330963135
cnf/sudoku/1000-sudokus.txt/397.txt,RDLIS,0,0,12012,729,24,1,1,1.5934233665466309
cnf/sudoku/1000-sudokus.txt/255.txt,RDLIS,12,12,12012,729,24,25,25,1.5580627918243408
cnf/sudoku/1000-sudokus.txt/169.txt,RDLIS,0,0,12012,729,24,1,1,1.368194580078125
cnf/sudoku/1000-sudokus.txt/413.txt,RDLIS,6,4,12013,729,25,11,11,1.515141487121582
cnf/sudoku/1000-sudokus.txt/740.txt,RDLIS,2,0,12014,729,26,3,3,1.4874157905578613
cnf/sudoku/1000-sudokus.txt/840.txt,RDLIS,1,0,12014,729,26,2,2,1.4698727130889893
cnf/sudoku/1000-sudokus.txt/551.txt,RDLIS,1,0,12013,729,25,2,2,1.4937756061553955
cnf/sudoku/1000-sudokus.txt/582.txt,RDLIS,12,10,12013,729,25,23,23,1.5575735569000244
cnf/sudoku/1000-sudokus.txt/881.txt,RDLIS,1,0,12014,729,26,2,2,1.4827427864074707
cnf/sudoku/1000-sudokus.txt/209.txt,RDLIS,8,5,12012,729,24,14,14,1.4103999137878418
cnf/sudoku/1000-sudokus.txt/159.txt,RDLIS,0,0,12012,729,24,1,1,1.427342414855957
cnf/sudoku/1000-sudokus.txt/990.txt,RDLIS,0,0,12015,729,27,1,1,1.5190391540527344
cnf/sudoku/1000-sudokus.txt/573.txt,RDLIS,2,1,12013,729,25,4,4,1.6983411312103271
cnf/sudoku/1000-sudokus.txt/886.txt,RDLIS,2,1,12014,729,26,4,4,1.5001153945922852
cnf/sudoku/1000-sudokus.txt/730.txt,RDLIS,7,6,12014,729,26,14,14,1.7196462154388428
cnf/sudoku/1000-sudokus.txt/819.txt,RDLIS,4,3,12014,729,26,8,8,1.6032581329345703
cnf/sudoku/1000-sudokus.txt/550.txt,RDLIS,4,2,12013,729,25,7,7,1.6797704696655273
cnf/sudoku/1000-sudokus.txt/833.txt,RDLIS,5,4,12014,729,26,10,10,2.004728078842163
cnf/sudoku/1000-sudokus.txt/508.txt,RDLIS,0,0,12013,729,25,1,1,1.5066964626312256
cnf/sudoku/1000-sudokus.txt/793.txt,RDLIS,9,9,12014,729,26,19,19,1.533299446105957
cnf/sudoku/1000-sudokus.txt/622.txt,RDLIS,0,0,12013,729,25,1,1,1.480698585510254
cnf/sudoku/1000-sudokus.txt/514.txt,RDLIS,28,27,12013,729,25,56,56,1.8675298690795898
cnf/sudoku/1000-sudokus.txt/32.txt,RDLIS,4,4,12011,729,23,9,9,1.5126559734344482
cnf/sudoku/1000-sudokus.txt/778.txt,RDLIS,4,4,12014,729,26,9,9,1.4877371788024902
cnf/sudoku/1000-sudokus.txt/195.txt,RDLIS,0,0,12012,729,24,1,1,1.3984403610229492
cnf/sudoku/1000-sudokus.txt/400.txt,RDLIS,0,0,12012,729,24,1,1,1.5343289375305176
cnf/sudoku/1000-sudokus.txt/208.txt,RDLIS,1,0,12012,729,24,2,2,1.4234309196472168
cnf/sudoku/1000-sudokus.txt/851.txt,RDLIS,7,1,12014,729,26,9,9,1.5238761901855469
cnf/sudoku/1000-sudokus.txt/816.txt,RDLIS,0,0,12014,729,26,1,1,1.4548864364624023
cnf/sudoku/1000-sudokus.txt/154.txt,RDLIS,2,1,12012,729,24,4,4,1.4327034950256348
cnf/sudoku/1000-sudokus.txt/244.txt,RDLIS,18,17,12012,729,24,36,36,2.046980142593384
cnf/sudoku/1000-sudokus.txt/978.txt,RDLIS,28,25,12015,729,27,54,54,2.3314127922058105
cnf/sudoku/1000-sudokus.txt/546.txt,RDLIS,2,1,12013,729,25,4,4,1.8917598724365234
cnf/sudoku/1000-sudokus.txt/30.txt,RDLIS,3,2,12011,729,23,6,6,1.5710477828979492
cnf/sudoku/1000-sudokus.txt/141.txt,RDLIS,6,2,12012,729,24,9,9,1.529813289642334
cnf/sudoku/1000-sudokus.txt/734.txt,RDLIS,16,12,12014,729,26,29,29,1.8560516834259033
cnf/sudoku/1000-sudokus.txt/701.txt,RDLIS,6,6,12013,729,25,13,13,1.8188130855560303
cnf/sudoku/1000-sudokus.txt/483.txt,RDLIS,4,4,12013,729,25,9,9,1.8843820095062256
cnf/sudoku/1000-sudokus.txt/320.txt,RDLIS,1,0,12012,729,24,2,2,1.3734869956970215
cnf/sudoku/1000-sudokus.txt/172.txt,RDLIS,5,2,12012,729,24,8,8,1.6786878108978271
cnf/sudoku/1000-sudokus.txt/183.txt,RDLIS,0,0,12012,729,24,1,1,1.6034889221191406
cnf/sudoku/1000-sudokus.txt/127.txt,RDLIS,4,2,12011,729,23,7,7,1.5251224040985107
cnf/sudoku/1000-sudokus.txt/758.txt,RDLIS,21,19,12014,729,26,41,41,1.969071865081787
cnf/sudoku/1000-sudokus.txt/965.txt,RDLIS,4,4,12015,729,27,9,9,1.6973497867584229
cnf/sudoku/1000-sudokus.txt/566.txt,RDLIS,1,1,12013,729,25,3,3,1.623384714126587
cnf/sudoku/1000-sudokus.txt/24.txt,RDLIS,2,2,12011,729,23,5,5,1.5861430168151855
cnf/sudoku/1000-sudokus.txt/586.txt,RDLIS,2,1,12013,729,25,4,4,1.5557832717895508
cnf/sudoku/1000-sudokus.txt/412.txt,RDLIS,1,0,12013,729,25,2,2,1.4989643096923828
cnf/sudoku/1000-sudokus.txt/256.txt,RDLIS,0,0,12012,729,24,1,1,1.5998663902282715
cnf/sudoku/1000-sudokus.txt/191.txt,RDLIS,4,2,12012,729,24,7,7,1.6141321659088135
cnf/sudoku/1000-sudokus.txt/749.txt,RDLIS,29,23,12014,729,26,53,53,2.0779073238372803
cnf/sudoku/1000-sudokus.txt/179.txt,RDLIS,0,0,12012,729,24,1,1,1.4513766765594482
cnf/sudoku/1000-sudokus.txt/490.txt,RDLIS,5,1,12013,729,25,7,7,1.5170559883117676
cnf/sudoku/1000-sudokus.txt/280.txt,RDLIS,26,23,12012,729,24,50,50,1.9168009757995605
cnf/sudoku/1000-sudokus.txt/863.txt,RDLIS,4,3,12014,729,26,8,8,1.539989948272705
cnf/sudoku/1000-sudokus.txt/359.txt,RDLIS,0,0,12012,729,24,1,1,1.423842430114746
cnf/sudoku/1000-sudokus.txt/777.txt,RDLIS,13,11,12014,729,26,25,25,1.6189234256744385
cnf/sudoku/1000-sudokus.txt/766.txt,RDLIS,2,2,12014,729,26,5,5,1.4971370697021484
cnf/sudoku/1000-sudokus.txt/317.txt,RDLIS,0,0,12012,729,24,1,1,1.436051607131958
cnf/sudoku/1000-sudokus.txt/515.txt,RDLIS,0,0,12013,729,25,1,1,1.4789254665374756
cnf/sudoku/1000-sudokus.txt/699.txt,RDLIS,2,2,12013,729,25,5,5,1.5066745281219482
cnf/sudoku/1000-sudokus.txt/39.txt,RDLIS,3,2,12011,729,23,6,6,1.4790270328521729
cnf/sudoku/1000-sudokus.txt/383.txt,RDLIS,0,0,12012,729,24,1,1,1.5569846630096436
cnf/sudoku/1000-sudokus.txt/525.txt,RDLIS,6,3,12013,729,25,10,10,1.54921293258667
cnf/sudoku/1000-sudokus.txt/440.txt,RDLIS,3,1,12013,729,25,5,5,1.4932315349578857
cnf/sudoku/1000-sudokus.txt/996.txt,RDLIS,4,4,12016,729,28,9,9,1.5557849407196045
cnf/sudoku/1000-sudokus.txt/952.txt,RDLIS,10,8,12015,729,27,19,19,1.5983407497406006
cnf/sudoku/1000-sudokus.txt/532.txt,RDLIS,5,3,12013,729,25,9,9,1.5983638763427734
cnf/sudoku/1000-sudokus.txt/354.txt,RDLIS,6,3,12012,729,24,10,10,1.7351863384246826
cnf/sudoku/1000-sudokus.txt/982.txt,RDLIS,11,8,12015,729,27,20,20,1.522284984588623
cnf/sudoku/1000-sudokus.txt/784.txt,RDLIS,30,26,12014,729,26,57,57,1.9079093933105469
cnf/sudoku/1000-sudokus.txt/432.txt,RDLIS,25,24,12013,729,25,50,50,1.81284761428833
cnf/sudoku/1000-sudokus.txt/100.txt,RDLIS,0,0,12011,729,23,1,1,1.5733368396759033
cnf/sudoku/1000-sudokus.txt/923.txt,RDLIS,47,46,12015,729,27,94,94,2.681187391281128
cnf/sudoku/1000-sudokus.txt/834.txt,RDLIS,0,0,12014,729,26,1,1,1.5978436470031738
cnf/sudoku/1000-sudokus.txt/795.txt,RDLIS,33,31,12014,729,26,65,65,1.9814605712890625
cnf/sudoku/1000-sudokus.txt/667.txt,RDLIS,13,13,12013,729,25,27,27,1.5836873054504395
cnf/sudoku/1000-sudokus.txt/93.txt,RDLIS,0,0,12011,729,23,1,1,1.4253826141357422
cnf/sudoku/1000-sudokus.txt/157.txt,RDLIS,2,0,12012,729,24,3,3,1.5375638008117676
cnf/sudoku/1000-sudokus.txt/151.txt,RDLIS,8,5,12012,729,24,14,14,1.5925023555755615
cnf/sudoku/1000-sudokus.txt/342.txt,RDLIS,0,0,12012,729,24,1,1,1.5852537155151367
cnf/sudoku/1000-sudokus.txt/28.txt,RDLIS,0,0,12011,729,23,1,1,1.5290133953094482
cnf/sudoku/1000-sudokus.txt/780.txt,RDLIS,11,9,12014,729,26,21,21,1.6261696815490723
cnf/sudoku/1000-sudokus.txt/736.txt,RDLIS,5,3,12014,729,26,9,9,1.7496540546417236
cnf/sudoku/1000-sudokus.txt/938.txt,RDLIS,15,14,12015,729,27,30,30,1.8343777656555176
cnf/sudoku/1000-sudokus.txt/632.txt,RDLIS,1,0,12013,729,25,2,2,1.4067225456237793
cnf/sudoku/1000-sudokus.txt/99.txt,RDLIS,0,0,12011,729,23,1,1,1.4021310806274414
cnf/sudoku/1000-sudokus.txt/981.txt,RDLIS,17,14,12015,729,27,32,32,1.6627564430236816
cnf/sudoku/1000-sudokus.txt/963.txt,RDLIS,17,15,12015,729,27,33,33,1.7779910564422607
cnf/sudoku/1000-sudokus.txt/108.txt,RDLIS,24,20,12011,729,23,45,45,1.945077657699585
cnf/sudoku/1000-sudokus.txt/934.txt,RDLIS,9,7,12015,729,27,17,17,1.668917179107666
cnf/sudoku/1000-sudokus.txt/768.txt,RDLIS,0,0,12014,729,26,1,1,1.500432014465332
cnf/sudoku/1000-sudokus.txt/33.txt,RDLIS,0,0,12011,729,23,1,1,1.5591168403625488
cnf/sudoku/1000-sudokus.txt/849.txt,RDLIS,6,6,12014,729,26,13,13,1.6467761993408203
cnf/sudoku/1000-sudokus.txt/352.txt,RDLIS,0,0,12012,729,24,1,1,1.5184824466705322
cnf/sudoku/1000-sudokus.txt/162.txt,RDLIS,0,0,12012,729,24,1,1,1.505110502243042
cnf/sudoku/1000-sudokus.txt/595.txt,RDLIS,5,3,12013,729,25,9,9,1.5788516998291016
cnf/sudoku/1000-sudokus.txt/87.txt,RDLIS,0,0,12011,729,23,1,1,1.4656991958618164
cnf/sudoku/1000-sudokus.txt/136.txt,RDLIS,1,0,12011,729,23,2,2,1.5058269500732422
cnf/sudoku/1000-sudokus.txt/818.txt,RDLIS,6,3,12014,729,26,10,10,1.5477426052093506
cnf/sudoku/1000-sudokus.txt/735.txt,RDLIS,1,1,12014,729,26,3,3,1.579164743423462
cnf/sudoku/1000-sudokus.txt/332.txt,RDLIS,9,5,12012,729,24,15,15,1.6921961307525635
cnf/sudoku/1000-sudokus.txt/480.txt,RDLIS,14,11,12013,729,25,26,26,1.716102123260498
cnf/sudoku/1000-sudokus.txt/423.txt,RDLIS,1,0,12013,729,25,2,2,1.5741705894470215
cnf/sudoku/1000-sudokus.txt/391.txt,RDLIS,3,2,12012,729,24,6,6,1.6359374523162842
cnf/sudoku/1000-sudokus.txt/336.txt,RDLIS,7,7,12012,729,24,15,15,1.5998783111572266
cnf/sudoku/1000-sudokus.txt/541.txt,RDLIS,12,8,12013,729,25,21,21,1.4476008415222168
cnf/sudoku/1000-sudokus.txt/866.txt,RDLIS,12,12,12014,729,26,25,25,1.549792766571045
cnf/sudoku/1000-sudokus.txt/214.txt,RDLIS,8,7,12012,729,24,16,16,1.5106825828552246
cnf/sudoku/1000-sudokus.txt/319.txt,RDLIS,9,8,12012,729,24,18,18,1.5486698150634766
cnf/sudoku/1000-sudokus.txt/957.txt,RDLIS,2,2,12015,729,27,5,5,1.4960980415344238
cnf/sudoku/1000-sudokus.txt/417.txt,RDLIS,1,0,12013,729,25,2,2,1.4654943943023682
cnf/sudoku/1000-sudokus.txt/292.txt,RDLIS,8,7,12012,729,24,16,16,1.510481834411621
cnf/sudoku/1000-sudokus.txt/94.txt,RDLIS,0,0,12011,729,23,1,1,1.4224531650543213
cnf/sudoku/1000-sudokus.txt/756.txt,RDLIS,3,2,12014,729,26,6,6,1.4992401599884033
cnf/sudoku/1000-sudokus.txt/379.txt,RDLIS,0,0,12012,729,24,1,1,1.4096176624298096
cnf/sudoku/1000-sudokus.txt/637.txt,RDLIS,5,3,12013,729,25,9,9,1.4403870105743408
cnf/sudoku/1000-sudokus.txt/27.txt,RDLIS,1,1,12011,729,23,3,3,1.3908679485321045
cnf/sudoku/1000-sudokus.txt/174.txt,RDLIS,22,22,12012,729,24,45,45,1.809730052947998
cnf/sudoku/1000-sudokus.txt/424.txt,RDLIS,12,12,12013,729,25,25,25,1.6017212867736816
cnf/sudoku/1000-sudokus.txt/346.txt,RDLIS,8,3,12012,729,24,12,12,1.5665194988250732
cnf/sudoku/1000-sudokus.txt/908.txt,RDLIS,4,2,12014,729,26,7,7,1.5700666904449463
cnf/sudoku/1000-sudokus.txt/453.txt,RDLIS,3,1,12013,729,25,5,5,1.4559450149536133
cnf/sudoku/1000-sudokus.txt/114.txt,RDLIS,6,4,12011,729,23,11,11,1.6167628765106201
cnf/sudoku/1000-sudokus.txt/906.txt,RDLIS,10,7,12014,729,26,18,18,1.620434045791626
cnf/sudoku/1000-sudokus.txt/147.txt,RDLIS,16,11,12012,729,24,28,28,1.647923469543457
cnf/sudoku/1000-sudokus.txt/325.txt,RDLIS,6,5,12012,729,24,12,12,1.626708984375
cnf/sudoku/1000-sudokus.txt/876.txt,RDLIS,3,1,12014,729,26,5,5,1.6229431629180908
cnf/sudoku/1000-sudokus.txt/482.txt,RDLIS,9,7,12013,729,25,17,17,1.5873064994812012
cnf/sudoku/1000-sudokus.txt/182.txt,RDLIS,0,0,12012,729,24,1,1,1.5063753128051758
cnf/sudoku/1000-sudokus.txt/77.txt,RDLIS,0,0,12011,729,23,1,1,1.550743579864502
cnf/sudoku/1000-sudokus.txt/782.txt,RDLIS,1,0,12014,729,26,2,2,1.5368883609771729
cnf/sudoku/1000-sudokus.txt/21.txt,RDLIS,4,4,12011,729,23,9,9,1.5398285388946533
cnf/sudoku/1000-sudokus.txt/933.txt,RDLIS,5,1,12015,729,27,7,7,1.510185956954956
cnf/sudoku/1000-sudokus.txt/743.txt,RDLIS,1,0,12014,729,26,2,2,1.7265632152557373
cnf/sudoku/1000-sudokus.txt/430.txt,RDLIS,3,1,12013,729,25,5,5,1.5098876953125
cnf/sudoku/1000-sudokus.txt/655.txt,RDLIS,7,4,12013,729,25,12,12,1.633504867553711
cnf/sudoku/1000-sudokus.txt/608.txt,RDLIS,2,1,12013,729,25,4,4,1.4502129554748535
cnf/sudoku/1000-sudokus.txt/836.txt,RDLIS,0,0,12014,729,26,1,1,1.4369220733642578
cnf/sudoku/1000-sudokus.txt/844.txt,RDLIS,22,20,12014,729,26,43,43,1.866884708404541
cnf/sudoku/1000-sudokus.txt/781.txt,RDLIS,1,0,12014,729,26,2,2,1.5872151851654053
cnf/sudoku/1000-sudokus.txt/60.txt,RDLIS,49,48,12011,729,23,98,98,2.2708041667938232
cnf/sudoku/1000-sudokus.txt/406.txt,RDLIS,0,0,12013,729,25,1,1,1.4154548645019531
cnf/sudoku/1000-sudokus.txt/474.txt,RDLIS,8,7,12013,729,25,16,16,1.5148777961730957
cnf/sudoku/1000-sudokus.txt/73.txt,RDLIS,2,0,12011,729,23,3,3,1.4002532958984375
cnf/sudoku/1000-sudokus.txt/936.txt,RDLIS,2,0,12015,729,27,3,3,1.4705626964569092
cnf/sudoku/1000-sudokus.txt/929.txt,RDLIS,2,1,12015,729,27,4,4,1.5164706707000732
cnf/sudoku/1000-sudokus.txt/931.txt,RDLIS,6,1,12015,729,27,8,8,1.4616105556488037
cnf/sudoku/1000-sudokus.txt/429.txt,RDLIS,5,2,12013,729,25,8,8,1.3789758682250977
cnf/sudoku/1000-sudokus.txt/109.txt,RDLIS,0,0,12011,729,23,1,1,1.420738697052002
cnf/sudoku/1000-sudokus.txt/659.txt,RDLIS,5,3,12013,729,25,9,9,1.4900941848754883
cnf/sudoku/1000-sudokus.txt/427.txt,RDLIS,0,0,12013,729,25,1,1,1.4205899238586426
cnf/sudoku/1000-sudokus.txt/49.txt,RDLIS,6,4,12011,729,23,11,11,1.5090439319610596
cnf/sudoku/1000-sudokus.txt/361.txt,RDLIS,32,31,12012,729,24,64,64,2.063399314880371
cnf/sudoku/1000-sudokus.txt/421.txt,RDLIS,5,3,12013,729,25,9,9,1.5260162353515625
cnf/sudoku/1000-sudokus.txt/689.txt,RDLIS,79,78,12013,729,25,158,158,3.2812421321868896
cnf/sudoku/1000-sudokus.txt/729.txt,RDLIS,2,1,12014,729,26,4,4,1.5634799003601074
cnf/sudoku/1000-sudokus.txt/746.txt,RDLIS,23,16,12014,729,26,40,40,1.693329095840454
cnf/sudoku/1000-sudokus.txt/428.txt,RDLIS,6,5,12013,729,25,12,12,1.4580228328704834
cnf/sudoku/1000-sudokus.txt/145.txt,RDLIS,5,4,12012,729,24,10,10,1.4532928466796875
cnf/sudoku/1000-sudokus.txt/672.txt,RDLIS,1,0,12013,729,25,2,2,1.4393444061279297
cnf/sudoku/1000-sudokus.txt/803.txt,RDLIS,40,38,12014,729,26,79,79,2.1416118144989014
cnf/sudoku/1000-sudokus.txt/36.txt,RDLIS,1,1,12011,729,23,3,3,1.4371018409729004
cnf/sudoku/1000-sudokus.txt/394.txt,RDLIS,4,2,12012,729,24,7,7,1.4237351417541504
cnf/sudoku/1000-sudokus.txt/603.txt,RDLIS,2,0,12013,729,25,3,3,1.4235966205596924
cnf/sudoku/1000-sudokus.txt/419.txt,RDLIS,4,2,12013,729,25,7,7,1.4755003452301025
cnf/sudoku/1000-sudokus.txt/1000.txt,RDLIS,5,4,12016,729,28,10,10,1.496480941772461
cnf/sudoku/1000-sudokus.txt/951.txt,RDLIS,14,14,12015,729,27,29,29,1.5942003726959229
cnf/sudoku/1000-sudokus.txt/594.txt,RDLIS,9,8,12013,729,25,18,18,1.5206780433654785
cnf/sudoku/1000-sudokus.txt/76.txt,RDLIS,0,0,12011,729,23,1,1,1.4870002269744873
cnf/sudoku/1000-sudokus.txt/754.txt,RDLIS,0,0,12014,729,26,1,1,1.4052011966705322
cnf/sudoku/1000-sudokus.txt/15.txt,RDLIS,10,9,12010,729,22,20,20,1.4959323406219482
cnf/sudoku/1000-sudokus.txt/695.txt,RDLIS,2,1,12013,729,25,4,4,1.4661130905151367
cnf/sudoku/1000-sudokus.txt/960.txt,RDLIS,2,0,12015,729,27,3,3,1.451387882232666
cnf/sudoku/1000-sudokus.txt/674.txt,RDLIS,3,0,12013,729,25,4,4,1.4609718322753906
cnf/sudoku/1000-sudokus.txt/855.txt,RDLIS,2,0,12014,729,26,3,3,1.4009809494018555
cnf/sudoku/1000-sudokus.txt/822.txt,RDLIS,4,2,12014,729,26,7,7,1.386474609375
cnf/sudoku/1000-sudokus.txt/555.txt,RDLIS,14,13,12013,729,25,28,28,1.7040202617645264
cnf/sudoku/1000-sudokus.txt/776.txt,RDLIS,20,19,12014,729,26,40,40,1.772658109664917
cnf/sudoku/1000-sudokus.txt/797.txt,RDLIS,7,6,12014,729,26,14,14,1.6385955810546875
cnf/sudoku/1000-sudokus.txt/574.txt,RDLIS,3,1,12013,729,25,5,5,1.4165334701538086
cnf/sudoku/1000-sudokus.txt/606.txt,RDLIS,38,36,12013,729,25,75,75,1.8776648044586182
cnf/sudoku/1000-sudokus.txt/326.txt,RDLIS,2,2,12012,729,24,5,5,1.5067808628082275
cnf/sudoku/1000-sudokus.txt/409.txt,RDLIS,16,11,12013,729,25,28,28,1.5858674049377441
cnf/sudoku/1000-sudokus.txt/560.txt,RDLIS,0,0,12013,729,25,1,1,1.4949491024017334
cnf/sudoku/1000-sudokus.txt/123.txt,RDLIS,6,3,12011,729,23,10,10,1.3783979415893555
cnf/sudoku/1000-sudokus.txt/315.txt,RDLIS,10,8,12012,729,24,19,19,1.5609283447265625
cnf/sudoku/1000-sudokus.txt/801.txt,RDLIS,9,4,12014,729,26,14,14,1.5234124660491943
cnf/sudoku/1000-sudokus.txt/994.txt,RDLIS,13,11,12015,729,27,25,25,1.8951034545898438
cnf/sudoku/1000-sudokus.txt/752.txt,RDLIS,7,7,12014,729,26,15,15,1.4962453842163086
cnf/sudoku/1000-sudokus.txt/95.txt,RDLIS,10,7,12011,729,23,18,18,1.5583322048187256
cnf/sudoku/1000-sudokus.txt/903.txt,RDLIS,27,26,12014,729,26,54,54,1.8146185874938965
cnf/sudoku/1000-sudokus.txt/694.txt,RDLIS,6,4,12013,729,25,11,11,1.5548193454742432
cnf/sudoku/1000-sudokus.txt/652.txt,RDLIS,12,10,12013,729,25,23,23,1.751246690750122
cnf/sudoku/1000-sudokus.txt/438.txt,RDLIS,0,0,12013,729,25,1,1,1.5203657150268555
cnf/sudoku/1000-sudokus.txt/658.txt,RDLIS,19,15,12013,729,25,35,35,1.811906099319458
cnf/sudoku/1000-sudokus.txt/858.txt,RDLIS,3,1,12014,729,26,5,5,1.5783922672271729
cnf/sudoku/1000-sudokus.txt/81.txt,RDLIS,5,4,12011,729,23,10,10,1.756610631942749
cnf/sudoku/1000-sudokus.txt/348.txt,RDLIS,0,0,12012,729,24,1,1,1.6376817226409912
cnf/sudoku/1000-sudokus.txt/861.txt,RDLIS,18,17,12014,729,26,36,36,1.7852773666381836
cnf/sudoku/1000-sudokus.txt/516.txt,RDLIS,1,0,12013,729,25,2,2,1.573723554611206
cnf/sudoku/1000-sudokus.txt/372.txt,RDLIS,2,1,12012,729,24,4,4,1.474457025527954
cnf/sudoku/1000-sudokus.txt/126.txt,RDLIS,0,0,12011,729,23,1,1,1.5429084300994873
cnf/sudoku/1000-sudokus.txt/250.txt,RDLIS,1,1,12012,729,24,3,3,1.5801341533660889
cnf/sudoku/1000-sudokus.txt/279.txt,RDLIS,8,6,12012,729,24,15,15,1.6606757640838623
cnf/sudoku/1000-sudokus.txt/266.txt,RDLIS,14,12,12012,729,24,27,27,1.8119254112243652
cnf/sudoku/1000-sudokus.txt/389.txt,RDLIS,19,17,12012,729,24,37,37,1.7814249992370605
cnf/sudoku/1000-sudokus.txt/331.txt,RDLIS,0,0,12012,729,24,1,1,1.478522539138794
cnf/sudoku/1000-sudokus.txt/620.txt,RDLIS,0,0,12013,729,25,1,1,1.3857274055480957
cnf/sudoku/1000-sudokus.txt/418.txt,RDLIS,15,13,12013,729,25,29,29,1.5721135139465332
cnf/sudoku/1000-sudokus.txt/893.txt,RDLIS,9,9,12014,729,26,19,19,1.5376200675964355
cnf/sudoku/1000-sudokus.txt/959.txt,RDLIS,4,0,12015,729,27,5,5,1.5345983505249023
cnf/sudoku/1000-sudokus.txt/825.txt,RDLIS,6,4,12014,729,26,11,11,1.4517533779144287
cnf/sudoku/1000-sudokus.txt/921.txt,RDLIS,4,2,12015,729,27,7,7,1.51542067527771
cnf/sudoku/1000-sudokus.txt/941.txt,RDLIS,13,10,12015,729,27,24,24,1.7518579959869385
cnf/sudoku/1000-sudokus.txt/333.txt,RDLIS,0,0,12012,729,24,1,1,1.6222269535064697
cnf/sudoku/1000-sudokus.txt/794.txt,RDLIS,0,0,12014,729,26,1,1,1.6354703903198242
cnf/sudoku/1000-sudokus.txt/426.txt,RDLIS,1,1,12013,729,25,3,3,1.6095099449157715
cnf/sudoku/1000-sudokus.txt/399.txt,RDLIS,78,76,12012,729,24,155,155,2.999053716659546
cnf/sudoku/1000-sudokus.txt/470.txt,RDLIS,7,7,12013,729,25,15,15,1.6650187969207764
cnf/sudoku/1000-sudokus.txt/955.txt,RDLIS,9,7,12015,729,27,17,17,1.9240968227386475
cnf/sudoku/1000-sudokus.txt/1010.txt,RDLIS,10,8,12017,729,29,19,19,1.7109766006469727
cnf/sudoku/1000-sudokus.txt/646.txt,RDLIS,5,3,12013,729,25,9,9,1.7499568462371826
cnf/sudoku/1000-sudokus.txt/40.txt,RDLIS,24,16,12011,729,23,41,41,1.9953901767730713
cnf/sudoku/1000-sudokus.txt/314.txt,RDLIS,18,11,12012,729,24,30,30,1.9565081596374512
cnf/sudoku/1000-sudokus.txt/184.txt,RDLIS,0,0,12012,729,24,1,1,1.7064452171325684
cnf/sudoku/1000-sudokus.txt/969.txt,RDLIS,11,7,12015,729,27,19,19,1.676124095916748
cnf/sudoku/1000-sudokus.txt/72.txt,RDLIS,6,3,12011,729,23,10,10,1.6243336200714111
cnf/sudoku/1000-sudokus.txt/282.txt,RDLIS,10,9,12012,729,24,20,20,1.7147886753082275
cnf/sudoku/1000-sudokus.txt/437.txt,RDLIS,1,0,12013,729,25,2,2,1.5601508617401123
cnf/sudoku/1000-sudokus.txt/737.txt,RDLIS,1,0,12014,729,26,2,2,1.578683853149414
cnf/sudoku/1000-sudokus.txt/892.txt,RDLIS,5,4,12014,729,26,10,10,1.6414361000061035
cnf/sudoku/1000-sudokus.txt/540.txt,RDLIS,4,3,12013,729,25,8,8,1.6183826923370361
cnf/sudoku/1000-sudokus.txt/677.txt,RDLIS,0,0,12013,729,25,1,1,1.6265554428100586
cnf/sudoku/1000-sudokus.txt/717.txt,RDLIS,0,0,12014,729,26,1,1,1.5108916759490967
cnf/sudoku/1000-sudokus.txt/593.txt,RDLIS,13,10,12013,729,25,24,24,1.7120203971862793
cnf/sudoku/1000-sudokus.txt/101.txt,RDLIS,0,0,12011,729,23,1,1,1.562638759613037
cnf/sudoku/1000-sudokus.txt/452.txt,RDLIS,0,0,12013,729,25,1,1,1.55462646484375
cnf/sudoku/1000-sudokus.txt/879.txt,RDLIS,7,6,12014,729,26,14,14,1.6669433116912842
cnf/sudoku/1000-sudokus.txt/621.txt,RDLIS,8,5,12013,729,25,14,14,1.6014256477355957
cnf/sudoku/1000-sudokus.txt/626.txt,RDLIS,10,5,12013,729,25,16,16,1.6333417892456055
cnf/sudoku/1000-sudokus.txt/267.txt,RDLIS,12,11,12012,729,24,24,24,1.710648536682129
cnf/sudoku/1000-sudokus.txt/883.txt,RDLIS,9,6,12014,729,26,16,16,1.5932178497314453
cnf/sudoku/1000-sudokus.txt/4.txt,RDLIS,0,0,12010,729,22,1,1,1.5771746635437012
cnf/sudoku/1000-sudokus.txt/88.txt,RDLIS,5,4,12011,729,23,10,10,1.6156365871429443
cnf/sudoku/1000-sudokus.txt/260.txt,RDLIS,1,0,12012,729,24,2,2,1.4913616180419922
cnf/sudoku/1000-sudokus.txt/939.txt,RDLIS,1,0,12015,729,27,2,2,1.5498127937316895
cnf/sudoku/1000-sudokus.txt/79.txt,RDLIS,1,1,12011,729,23,3,3,1.478177547454834
cnf/sudoku/1000-sudokus.txt/467.txt,RDLIS,6,5,12013,729,25,12,12,1.6442763805389404
cnf/sudoku/1000-sudokus.txt/201.txt,RDLIS,0,0,12012,729,24,1,1,1.657841682434082
cnf/sudoku/1000-sudokus.txt/867.txt,RDLIS,4,2,12014,729,26,7,7,1.6072783470153809
cnf/sudoku/1000-sudokus.txt/476.txt,RDLIS,3,3,12013,729,25,7,7,1.7426950931549072
cnf/sudoku/1000-sudokus.txt/565.txt,RDLIS,12,12,12013,729,25,25,25,1.6986346244812012
cnf/sudoku/1000-sudokus.txt/347.txt,RDLIS,30,29,12012,729,24,60,60,2.194580078125
cnf/sudoku/1000-sudokus.txt/338.txt,RDLIS,1,0,12012,729,24,2,2,1.5833680629730225
cnf/sudoku/1000-sudokus.txt/847.txt,RDLIS,7,4,12014,729,26,12,12,1.673790693283081
cnf/sudoku/1000-sudokus.txt/478.txt,RDLIS,18,16,12013,729,25,35,35,1.7803857326507568
cnf/sudoku/1000-sudokus.txt/919.txt,RDLIS,23,19,12015,729,27,43,43,1.883500099182129
cnf/sudoku/1000-sudokus.txt/808.txt,RDLIS,27,25,12014,729,26,53,53,1.9278576374053955
cnf/sudoku/1000-sudokus.txt/498.txt,RDLIS,5,5,12013,729,25,11,11,1.8789570331573486
cnf/sudoku/1000-sudokus.txt/813.txt,RDLIS,0,0,12014,729,26,1,1,1.7124674320220947
cnf/sudoku/1000-sudokus.txt/311.txt,RDLIS,2,1,12012,729,24,4,4,1.5172245502471924
cnf/sudoku/1000-sudokus.txt/817.txt,RDLIS,2,0,12014,729,26,3,3,1.5308558940887451
cnf/sudoku/1000-sudokus.txt/55.txt,RDLIS,8,5,12011,729,23,14,14,1.5485527515411377
cnf/sudoku/1000-sudokus.txt/494.txt,RDLIS,5,3,12013,729,25,9,9,1.624389886856079
cnf/sudoku/1000-sudokus.txt/206.txt,RDLIS,2,1,12012,729,24,4,4,1.6185781955718994
cnf/sudoku/1000-sudokus.txt/789.txt,RDLIS,15,11,12014,729,26,27,27,1.8841712474822998
cnf/sudoku/1000-sudokus.txt/152.txt,RDLIS,6,4,12012,729,24,11,11,1.6083300113677979
cnf/sudoku/1000-sudokus.txt/5.txt,RDLIS,6,4,12010,729,22,11,11,1.6404433250427246
cnf/sudoku/1000-sudokus.txt/50.txt,RDLIS,0,0,12011,729,23,1,1,1.6057872772216797
cnf/sudoku/1000-sudokus.txt/800.txt,RDLIS,10,9,12014,729,26,20,20,1.7327535152435303
cnf/sudoku/1000-sudokus.txt/80.txt,RDLIS,7,4,12011,729,23,12,12,1.5888214111328125
cnf/sudoku/1000-sudokus.txt/625.txt,RDLIS,3,1,12013,729,25,5,5,1.6227736473083496
cnf/sudoku/1000-sudokus.txt/739.txt,RDLIS,16,12,12014,729,26,29,29,1.7330849170684814
cnf/sudoku/1000-sudokus.txt/910.txt,RDLIS,2,0,12014,729,26,3,3,1.604111671447754
cnf/sudoku/1000-sudokus.txt/46.txt,RDLIS,0,0,12011,729,23,1,1,1.6020386219024658
cnf/sudoku/1000-sudokus.txt/113.txt,RDLIS,0,0,12011,729,23,1,1,1.4171745777130127
cnf/sudoku/1000-sudokus.txt/366.txt,RDLIS,3,3,12012,729,24,7,7,1.4790699481964111
cnf/sudoku/1000-sudokus.txt/125.txt,RDLIS,9,5,12011,729,23,15,15,1.661130666732788
cnf/sudoku/1000-sudokus.txt/796.txt,RDLIS,15,9,12014,729,26,25,25,1.6811435222625732
cnf/sudoku/1000-sudokus.txt/806.txt,RDLIS,2,1,12014,729,26,4,4,1.586458444595337
cnf/sudoku/1000-sudokus.txt/205.txt,RDLIS,3,0,12012,729,24,4,4,1.575005292892456
cnf/sudoku/1000-sudokus.txt/192.txt,RDLIS,1,0,12012,729,24,2,2,1.557203769683838
cnf/sudoku/1000-sudokus.txt/1004.txt,RDLIS,2,0,12016,729,28,3,3,1.5430223941802979
cnf/sudoku/1000-sudokus.txt/571.txt,RDLIS,5,3,12013,729,25,9,9,1.5209989547729492
cnf/sudoku/1000-sudokus.txt/186.txt,RDLIS,0,0,12012,729,24,1,1,1.5607502460479736
cnf/sudoku/1000-sudokus.txt/373.txt,RDLIS,15,12,12012,729,24,28,28,1.77117919921875
cnf/sudoku/1000-sudokus.txt/597.txt,RDLIS,5,4,12013,729,25,10,10,1.7898025512695312
cnf/sudoku/1000-sudokus.txt/300.txt,RDLIS,7,7,12012,729,24,15,15,1.5773227214813232
cnf/sudoku/1000-sudokus.txt/714.txt,RDLIS,1,1,12014,729,26,3,3,1.5518360137939453
cnf/sudoku/1000-sudokus.txt/928.txt,RDLIS,19,19,12015,729,27,39,39,1.6616570949554443
cnf/sudoku/1000-sudokus.txt/446.txt,RDLIS,2,0,12013,729,25,3,3,1.507361650466919
cnf/sudoku/1000-sudokus.txt/52.txt,RDLIS,5,5,12011,729,23,11,11,1.4998183250427246
cnf/sudoku/1000-sudokus.txt/163.txt,RDLIS,34,33,12012,729,24,68,68,1.900909423828125
cnf/sudoku/1000-sudokus.txt/308.txt,RDLIS,0,0,12012,729,24,1,1,1.6223742961883545
cnf/sudoku/1000-sudokus.txt/307.txt,RDLIS,1,0,12012,729,24,2,2,1.5015325546264648
cnf/sudoku/1000-sudokus.txt/222.txt,RDLIS,0,0,12012,729,24,1,1,1.568406581878662
cnf/sudoku/1000-sudokus.txt/683.txt,RDLIS,8,3,12013,729,25,12,12,1.640418291091919
cnf/sudoku/1000-sudokus.txt/703.txt,RDLIS,15,13,12013,729,25,29,29,1.6780402660369873
cnf/sudoku/1000-sudokus.txt/384.txt,RDLIS,2,0,12012,729,24,3,3,1.6262543201446533
cnf/sudoku/1000-sudokus.txt/731.txt,RDLIS,5,2,12014,729,26,8,8,1.4936349391937256
cnf/sudoku/1000-sudokus.txt/799.txt,RDLIS,10,6,12014,729,26,17,17,1.6962933540344238
cnf/sudoku/1000-sudokus.txt/303.txt,RDLIS,4,0,12012,729,24,5,5,1.481781244277954
cnf/sudoku/1000-sudokus.txt/130.txt,RDLIS,3,1,12011,729,23,5,5,1.5281062126159668
cnf/sudoku/1000-sudokus.txt/917.txt,RDLIS,6,4,12015,729,27,11,11,1.5047249794006348
cnf/sudoku/1000-sudokus.txt/401.txt,RDLIS,18,16,12012,729,24,35,35,1.6895601749420166
cnf/sudoku/1000-sudokus.txt/262.txt,RDLIS,4,2,12012,729,24,7,7,1.489952802658081
cnf/sudoku/1000-sudokus.txt/707.txt,RDLIS,0,0,12014,729,26,1,1,1.4471921920776367
cnf/sudoku/1000-sudokus.txt/227.txt,RDLIS,0,0,12012,729,24,1,1,1.5162546634674072
cnf/sudoku/1000-sudokus.txt/29.txt,RDLIS,0,0,12011,729,23,1,1,1.4649558067321777
cnf/sudoku/1000-sudokus.txt/107.txt,RDLIS,39,36,12011,729,23,76,76,1.9773001670837402
cnf/sudoku/1000-sudokus.txt/843.txt,RDLIS,31,29,12014,729,26,61,61,1.9824614524841309
cnf/sudoku/1000-sudokus.txt/202.txt,RDLIS,4,2,12012,729,24,7,7,1.7666592597961426
cnf/sudoku/1000-sudokus.txt/377.txt,RDLIS,0,0,12012,729,24,1,1,1.5764076709747314
cnf/sudoku/1000-sudokus.txt/138.txt,RDLIS,2,0,12011,729,23,3,3,1.4048128128051758
cnf/sudoku/1000-sudokus.txt/464.txt,RDLIS,4,3,12013,729,25,8,8,1.6132292747497559
cnf/sudoku/1000-sudokus.txt/236.txt,RDLIS,8,8,12012,729,24,17,17,1.9332244396209717
cnf/sudoku/1000-sudokus.txt/946.txt,RDLIS,9,8,12015,729,27,18,18,1.8587982654571533
cnf/sudoku/1000-sudokus.txt/665.txt,RDLIS,8,6,12013,729,25,15,15,1.6667954921722412
cnf/sudoku/1000-sudokus.txt/150.txt,RDLIS,0,0,12012,729,24,1,1,1.5196213722229004
cnf/sudoku/1000-sudokus.txt/950.txt,RDLIS,7,5,12015,729,27,13,13,1.5159399509429932
cnf/sudoku/1000-sudokus.txt/45.txt,RDLIS,2,1,12011,729,23,4,4,1.444333791732788
cnf/sudoku/1000-sudokus.txt/142.txt,RDLIS,2,2,12012,729,24,5,5,1.4757814407348633
cnf/sudoku/1000-sudokus.txt/457.txt,RDLIS,11,8,12013,729,25,20,20,1.5708630084991455
cnf/sudoku/1000-sudokus.txt/831.txt,RDLIS,0,0,12014,729,26,1,1,1.4570636749267578
cnf/sudoku/1000-sudokus.txt/64.txt,RDLIS,0,0,12011,729,23,1,1,1.4714581966400146
cnf/sudoku/1000-sudokus.txt/3.txt,RDLIS,0,0,12010,729,22,1,1,1.3978826999664307
cnf/sudoku/1000-sudokus.txt/102.txt,RDLIS,4,3,12011,729,23,8,8,1.4035282135009766
cnf/sudoku/1000-sudokus.txt/96.txt,RDLIS,4,2,12011,729,23,7,7,1.4409077167510986
cnf/sudoku/1000-sudokus.txt/804.txt,RDLIS,10,9,12014,729,26,20,20,1.5575182437896729
cnf/sudoku/1000-sudokus.txt/852.txt,RDLIS,1,0,12014,729,26,2,2,1.4591484069824219
cnf/sudoku/1000-sudokus.txt/286.txt,RDLIS,4,1,12012,729,24,6,6,1.3444254398345947
cnf/sudoku/1000-sudokus.txt/283.txt,RDLIS,5,4,12012,729,24,10,10,1.470381736755371
cnf/sudoku/1000-sudokus.txt/511.txt,RDLIS,0,0,12013,729,25,1,1,1.4745562076568604
cnf/sudoku/1000-sudokus.txt/894.txt,RDLIS,9,6,12014,729,26,16,16,1.4041767120361328
cnf/sudoku/1000-sudokus.txt/748.txt,RDLIS,3,2,12014,729,26,6,6,1.5224249362945557
cnf/sudoku/1000-sudokus.txt/913.txt,RDLIS,12,6,12014,729,26,19,19,1.5769572257995605
cnf/sudoku/1000-sudokus.txt/832.txt,RDLIS,1,0,12014,729,26,2,2,1.425130844116211
cnf/sudoku/1000-sudokus.txt/943.txt,RDLIS,7,5,12015,729,27,13,13,1.4735276699066162
cnf/sudoku/1000-sudokus.txt/38.txt,RDLIS,0,0,12011,729,23,1,1,1.4710862636566162
cnf/sudoku/1000-sudokus.txt/134.txt,RDLIS,0,0,12011,729,23,1,1,1.3946521282196045
cnf/sudoku/1000-sudokus.txt/985.txt,RDLIS,13,12,12015,729,27,26,26,1.6317565441131592
cnf/sudoku/1000-sudokus.txt/669.txt,RDLIS,3,1,12013,729,25,5,5,1.3369536399841309
cnf/sudoku/1000-sudokus.txt/635.txt,RDLIS,3,3,12013,729,25,7,7,1.4418959617614746
cnf/sudoku/1000-sudokus.txt/358.txt,RDLIS,8,7,12012,729,24,16,16,1.4687180519104004
cnf/sudoku/1000-sudokus.txt/640.txt,RDLIS,6,6,12013,729,25,13,13,1.5042846202850342
cnf/sudoku/1000-sudokus.txt/530.txt,RDLIS,1,1,12013,729,25,3,3,1.4231202602386475
cnf/sudoku/1000-sudokus.txt/705.txt,RDLIS,4,3,12013,729,25,8,8,1.441906452178955
cnf/sudoku/1000-sudokus.txt/660.txt,RDLIS,3,2,12013,729,25,6,6,1.4020109176635742
cnf/sudoku/1000-sudokus.txt/363.txt,RDLIS,1,0,12012,729,24,2,2,1.4040021896362305
cnf/sudoku/1000-sudokus.txt/0.txt,RDLIS,3,2,12009,729,21,6,6,1.3237714767456055
cnf/sudoku/1000-sudokus.txt/618.txt,RDLIS,2,2,12013,729,25,5,5,1.4659461975097656
cnf/sudoku/1000-sudokus.txt/103.txt,RDLIS,12,8,12011,729,23,21,21,1.4840223789215088
cnf/sudoku/1000-sudokus.txt/568.txt,RDLIS,2,1,12013,729,25,4,4,1.6588962078094482
cnf/sudoku/1000-sudokus.txt/360.txt,RDLIS,5,4,12012,729,24,10,10,1.5264501571655273
cnf/sudoku/1000-sudokus.txt/269.txt,RDLIS,2,1,12012,729,24,4,4,1.4789886474609375
cnf/sudoku/1000-sudokus.txt/477.txt,RDLIS,34,33,12013,729,25,68,68,1.9715609550476074
cnf/sudoku/1000-sudokus.txt/375.txt,RDLIS,0,0,12012,729,24,1,1,1.492460012435913
cnf/sudoku/1000-sudokus.txt/374.txt,RDLIS,2,0,12012,729,24,3,3,1.4300801753997803
cnf/sudoku/1000-sudokus.txt/273.txt,RDLIS,1,0,12012,729,24,2,2,1.4348070621490479
cnf/sudoku/1000-sudokus.txt/507.txt,RDLIS,3,2,12013,729,25,6,6,1.4621505737304688
cnf/sudoku/1000-sudokus.txt/458.txt,RDLIS,2,1,12013,729,25,4,4,1.4833130836486816
cnf/sudoku/1000-sudokus.txt/812.txt,RDLIS,25,20,12014,729,26,46,46,1.8005151748657227
cnf/sudoku/1000-sudokus.txt/188.txt,RDLIS,0,0,12012,729,24,1,1,1.5154070854187012
cnf/sudoku/1000-sudokus.txt/306.txt,RDLIS,1,0,12012,729,24,2,2,1.484013319015503
cnf/sudoku/1000-sudokus.txt/210.txt,RDLIS,0,0,12012,729,24,1,1,1.5023465156555176
cnf/sudoku/1000-sudokus.txt/26.txt,RDLIS,1,1,12011,729,23,3,3,1.488983154296875
cnf/sudoku/1000-sudokus.txt/287.txt,RDLIS,3,1,12012,729,24,5,5,1.4494593143463135
cnf/sudoku/1000-sudokus.txt/770.txt,RDLIS,19,17,12014,729,26,37,37,1.8094418048858643
cnf/sudoku/1000-sudokus.txt/148.txt,RDLIS,2,2,12012,729,24,5,5,1.5388531684875488
cnf/sudoku/1000-sudokus.txt/133.txt,RDLIS,6,5,12011,729,23,12,12,1.5461454391479492
cnf/sudoku/1000-sudokus.txt/246.txt,RDLIS,9,5,12012,729,24,15,15,1.4216973781585693
cnf/sudoku/1000-sudokus.txt/580.txt,RDLIS,4,4,12013,729,25,9,9,1.558323621749878
cnf/sudoku/1000-sudokus.txt/528.txt,RDLIS,10,7,12013,729,25,18,18,1.5371432304382324
cnf/sudoku/1000-sudokus.txt/293.txt,RDLIS,0,0,12012,729,24,1,1,1.4094276428222656
cnf/sudoku/1000-sudokus.txt/11.txt,RDLIS,0,0,12010,729,22,1,1,1.4053454399108887
cnf/sudoku/1000-sudokus.txt/404.txt,RDLIS,16,16,12013,729,25,33,33,1.798405408859253
cnf/sudoku/1000-sudokus.txt/842.txt,RDLIS,18,17,12014,729,26,36,36,1.712327241897583
cnf/sudoku/1000-sudokus.txt/294.txt,RDLIS,6,5,12012,729,24,12,12,1.3947858810424805
cnf/sudoku/1000-sudokus.txt/112.txt,RDLIS,1,0,12011,729,23,2,2,1.4757254123687744
cnf/sudoku/1000-sudokus.txt/25.txt,RDLIS,1,1,12011,729,23,3,3,1.396317958831787
cnf/sudoku/1000-sudokus.txt/189.txt,RDLIS,12,8,12012,729,24,21,21,1.5114986896514893
cnf/sudoku/1000-sudokus.txt/489.txt,RDLIS,0,0,12013,729,25,1,1,1.4571812152862549
cnf/sudoku/1000-sudokus.txt/510.txt,RDLIS,30,25,12013,729,25,56,56,1.9571771621704102
cnf/sudoku/1000-sudokus.txt/706.txt,RDLIS,2,2,12014,729,26,5,5,1.5492637157440186
cnf/sudoku/1000-sudokus.txt/281.txt,RDLIS,20,15,12012,729,24,36,36,1.9341442584991455
cnf/sudoku/1000-sudokus.txt/180.txt,RDLIS,3,2,12012,729,24,6,6,1.5333867073059082
cnf/sudoku/1000-sudokus.txt/556.txt,RDLIS,7,3,12013,729,25,11,11,1.5369126796722412
cnf/sudoku/1000-sudokus.txt/316.txt,RDLIS,0,0,12012,729,24,1,1,1.4498622417449951
cnf/sudoku/1000-sudokus.txt/132.txt,RDLIS,3,2,12011,729,23,6,6,1.4445316791534424
cnf/sudoku/1000-sudokus.txt/232.txt,RDLIS,0,0,12012,729,24,1,1,1.5108962059020996
cnf/sudoku/1000-sudokus.txt/888.txt,RDLIS,5,1,12014,729,26,7,7,1.4794018268585205
cnf/sudoku/1000-sudokus.txt/553.txt,RDLIS,1,0,12013,729,25,2,2,1.5845050811767578
cnf/sudoku/1000-sudokus.txt/966.txt,RDLIS,25,22,12015,729,27,48,48,2.2390635013580322
cnf/sudoku/1000-sudokus.txt/902.txt,RDLIS,2,0,12014,729,26,3,3,1.4528615474700928
cnf/sudoku/1000-sudokus.txt/956.txt,RDLIS,22,22,12015,729,27,45,45,1.963791847229004
cnf/sudoku/1000-sudokus.txt/747.txt,RDLIS,3,1,12014,729,26,5,5,1.5536437034606934
cnf/sudoku/1000-sudokus.txt/455.txt,RDLIS,4,3,12013,729,25,8,8,1.5095479488372803
cnf/sudoku/1000-sudokus.txt/942.txt,RDLIS,0,0,12015,729,27,1,1,1.4426460266113281
cnf/sudoku/1000-sudokus.txt/980.txt,RDLIS,21,17,12015,729,27,39,39,1.7102186679840088
cnf/sudoku/1000-sudokus.txt/663.txt,RDLIS,4,2,12013,729,25,7,7,1.5943083763122559
cnf/sudoku/1000-sudokus.txt/450.txt,RDLIS,3,2,12013,729,25,6,6,1.527052640914917
cnf/sudoku/1000-sudokus.txt/62.txt,RDLIS,2,1,12011,729,23,4,4,1.4875762462615967
cnf/sudoku/1000-sudokus.txt/829.txt,RDLIS,3,1,12014,729,26,5,5,1.5304837226867676
cnf/sudoku/1000-sudokus.txt/456.txt,RDLIS,3,0,12013,729,25,4,4,1.5698530673980713
cnf/sudoku/1000-sudokus.txt/605.txt,RDLIS,7,5,12013,729,25,13,13,1.5000531673431396
cnf/sudoku/1000-sudokus.txt/600.txt,RDLIS,0,0,12013,729,25,1,1,1.6072840690612793
cnf/sudoku/1000-sudokus.txt/741.txt,RDLIS,5,3,12014,729,26,9,9,1.5062518119812012
cnf/sudoku/1000-sudokus.txt/408.txt,RDLIS,1,1,12013,729,25,3,3,1.4053001403808594
cnf/sudoku/1000-sudokus.txt/111.txt,RDLIS,0,0,12011,729,23,1,1,1.4276776313781738
cnf/sudoku/1000-sudokus.txt/944.txt,RDLIS,18,14,12015,729,27,33,33,1.7710990905761719
cnf/sudoku/1000-sudokus.txt/901.txt,RDLIS,13,11,12014,729,26,25,25,1.6671881675720215
cnf/sudoku/1000-sudokus.txt/42.txt,RDLIS,0,0,12011,729,23,1,1,1.3229095935821533
cnf/sudoku/1000-sudokus.txt/259.txt,RDLIS,9,8,12012,729,24,18,18,1.6349642276763916
cnf/sudoku/1000-sudokus.txt/868.txt,RDLIS,4,2,12014,729,26,7,7,1.4725604057312012
cnf/sudoku/1000-sudokus.txt/914.txt,RDLIS,8,6,12014,729,26,15,15,1.4791483879089355
cnf/sudoku/1000-sudokus.txt/362.txt,RDLIS,0,0,12012,729,24,1,1,1.3723170757293701
cnf/sudoku/1000-sudokus.txt/534.txt,RDLIS,3,1,12013,729,25,5,5,1.4674749374389648
cnf/sudoku/1000-sudokus.txt/802.txt,RDLIS,9,7,12014,729,26,17,17,1.5376410484313965
cnf/sudoku/1000-sudokus.txt/623.txt,RDLIS,16,16,12013,729,25,33,33,1.649498462677002
cnf/sudoku/1000-sudokus.txt/305.txt,RDLIS,34,33,12012,729,24,68,68,2.047745704650879
cnf/sudoku/1000-sudokus.txt/769.txt,RDLIS,8,8,12014,729,26,17,17,1.5206737518310547
cnf/sudoku/1000-sudokus.txt/196.txt,RDLIS,1,0,12012,729,24,2,2,1.3829903602600098
cnf/sudoku/1000-sudokus.txt/882.txt,RDLIS,2,1,12014,729,26,4,4,1.4471495151519775
cnf/sudoku/1000-sudokus.txt/552.txt,RDLIS,9,4,12013,729,25,14,14,1.4474360942840576
cnf/sudoku/1000-sudokus.txt/975.txt,RDLIS,16,16,12015,729,27,33,33,1.6510822772979736
cnf/sudoku/1000-sudokus.txt/989.txt,RDLIS,8,4,12015,729,27,13,13,1.5544567108154297
cnf/sudoku/1000-sudokus.txt/661.txt,RDLIS,28,25,12013,729,25,54,54,2.206258773803711
cnf/sudoku/1000-sudokus.txt/772.txt,RDLIS,5,2,12014,729,26,8,8,1.5566091537475586
cnf/sudoku/1000-sudokus.txt/884.txt,RDLIS,0,0,12014,729,26,1,1,1.489527940750122
cnf/sudoku/1000-sudokus.txt/629.txt,RDLIS,0,0,12013,729,25,1,1,1.4159998893737793
cnf/sudoku/1000-sudokus.txt/270.txt,RDLIS,0,0,12012,729,24,1,1,1.4387342929840088
cnf/sudoku/1000-sudokus.txt/895.txt,RDLIS,8,3,12014,729,26,12,12,1.4906554222106934
cnf/sudoku/1000-sudokus.txt/337.txt,RDLIS,9,9,12012,729,24,19,19,1.682478666305542
cnf/sudoku/1000-sudokus.txt/34.txt,RDLIS,4,2,12011,729,23,7,7,1.5513319969177246
cnf/sudoku/1000-sudokus.txt/968.txt,RDLIS,6,3,12015,729,27,10,10,1.4419019222259521
cnf/sudoku/1000-sudokus.txt/997.txt,RDLIS,4,3,12016,729,28,8,8,1.346651554107666
cnf/sudoku/1000-sudokus.txt/178.txt,RDLIS,5,4,12012,729,24,10,10,1.5106570720672607
cnf/sudoku/1000-sudokus.txt/984.txt,RDLIS,3,2,12015,729,27,6,6,1.5405242443084717
cnf/sudoku/1000-sudokus.txt/144.txt,RDLIS,0,0,12012,729,24,1,1,1.3583500385284424
cnf/sudoku/1000-sudokus.txt/233.txt,RDLIS,6,4,12012,729,24,11,11,1.4377646446228027
cnf/sudoku/1000-sudokus.txt/435.txt,RDLIS,1,1,12013,729,25,3,3,1.4048829078674316
cnf/sudoku/1000-sudokus.txt/341.txt,RDLIS,1,0,12012,729,24,2,2,1.4260611534118652
cnf/sudoku/1000-sudokus.txt/271.txt,RDLIS,2,1,12012,729,24,4,4,1.4049456119537354
cnf/sudoku/1000-sudokus.txt/445.txt,RDLIS,8,3,12013,729,25,12,12,1.5159478187561035
cnf/sudoku/1000-sudokus.txt/691.txt,RDLIS,2,0,12013,729,25,3,3,1.4681816101074219
cnf/sudoku/1000-sudokus.txt/862.txt,RDLIS,11,9,12014,729,26,21,21,1.4801418781280518
cnf/sudoku/1000-sudokus.txt/258.txt,RDLIS,25,22,12012,729,24,48,48,1.7175369262695312
cnf/sudoku/1000-sudokus.txt/787.txt,RDLIS,5,3,12014,729,26,9,9,1.4651727676391602
cnf/sudoku/1000-sudokus.txt/670.txt,RDLIS,2,1,12013,729,25,4,4,1.4382257461547852
cnf/sudoku/1000-sudokus.txt/986.txt,RDLIS,7,5,12015,729,27,13,13,1.365358591079712
cnf/sudoku/1000-sudokus.txt/559.txt,RDLIS,0,0,12013,729,25,1,1,1.3387432098388672
cnf/sudoku/1000-sudokus.txt/681.txt,RDLIS,0,0,12013,729,25,1,1,1.4384262561798096
cnf/sudoku/1000-sudokus.txt/537.txt,RDLIS,1,1,12013,729,25,3,3,1.3970348834991455
cnf/sudoku/1000-sudokus.txt/65.txt,RDLIS,8,5,12011,729,23,14,14,1.5259034633636475
cnf/sudoku/1000-sudokus.txt/323.txt,RDLIS,0,0,12012,729,24,1,1,1.520763635635376
cnf/sudoku/1000-sudokus.txt/396.txt,RDLIS,9,7,12012,729,24,17,17,1.585106611251831
cnf/sudoku/1000-sudokus.txt/310.txt,RDLIS,19,19,12012,729,24,39,39,1.7356147766113281
cnf/sudoku/1000-sudokus.txt/1003.txt,RDLIS,1,1,12016,729,28,3,3,1.4892947673797607
cnf/sudoku/1000-sudokus.txt/641.txt,RDLIS,6,6,12013,729,25,13,13,1.3999543190002441
cnf/sudoku/1000-sudokus.txt/678.txt,RDLIS,11,7,12013,729,25,19,19,1.6172783374786377
cnf/sudoku/1000-sudokus.txt/1005.txt,RDLIS,8,5,12016,729,28,14,14,1.485724925994873
cnf/sudoku/1000-sudokus.txt/547.txt,RDLIS,4,2,12013,729,25,7,7,1.4839286804199219
cnf/sudoku/1000-sudokus.txt/177.txt,RDLIS,8,7,12012,729,24,16,16,1.4759509563446045
cnf/sudoku/1000-sudokus.txt/98.txt,RDLIS,12,8,12011,729,23,21,21,1.4870479106903076
