file_name,strategy,splits,backtracks,clauses,variables,givens,unit_rule,pure_rule,execution_time
cnf/sudoku/top870.sdk.txt/786.txt,Grab First,12,9,12013,729,25,22,22,1.0646297931671143
cnf/sudoku/top870.sdk.txt/22.txt,Grab First,152,150,12012,729,24,303,303,3.0715222358703613
cnf/sudoku/top870.sdk.txt/61.txt,Grab First,90,84,12009,729,21,175,175,2.694201707839966
cnf/sudoku/top870.sdk.txt/327.txt,Grab First,101,100,12012,729,24,202,202,2.8826546669006348
cnf/sudoku/top870.sdk.txt/237.txt,Grab First,40,40,12011,729,23,81,81,1.4214110374450684
cnf/sudoku/top870.sdk.txt/78.txt,Grab First,162,152,12005,729,17,315,315,3.297569751739502
cnf/sudoku/top870.sdk.txt/869.txt,Grab First,70,67,12005,729,17,138,138,2.410148859024048
cnf/sudoku/top870.sdk.txt/771.txt,Grab First,7,3,12011,729,23,11,11,1.035858154296875
cnf/sudoku/top870.sdk.txt/368.txt,Grab First,191,187,12011,729,23,379,379,3.917362928390503
cnf/sudoku/top870.sdk.txt/693.txt,Grab First,22,16,12011,729,23,39,39,1.2742609977722168
cnf/sudoku/top870.sdk.txt/826.txt,Grab First,5,1,12012,729,24,7,7,0.9849350452423096
cnf/sudoku/top870.sdk.txt/596.txt,Grab First,12,7,12011,729,23,20,20,1.0379095077514648
cnf/sudoku/top870.sdk.txt/328.txt,Grab First,20,18,12013,729,25,39,39,1.1750109195709229
cnf/sudoku/top870.sdk.txt/673.txt,Grab First,29,27,12011,729,23,57,57,1.3991038799285889
cnf/sudoku/top870.sdk.txt/131.txt,Grab First,75,64,12005,729,17,140,140,2.0994603633880615
cnf/sudoku/top870.sdk.txt/447.txt,Grab First,1,0,12012,729,24,2,2,0.9944820404052734
cnf/sudoku/top870.sdk.txt/461.txt,Grab First,68,63,12013,729,25,132,132,1.7851479053497314
cnf/sudoku/top870.sdk.txt/395.txt,Grab First,41,41,12009,729,21,83,83,1.887810230255127
cnf/sudoku/top870.sdk.txt/200.txt,Grab First,68,68,12013,729,25,137,137,1.9508910179138184
cnf/sudoku/top870.sdk.txt/434.txt,Grab First,46,38,12012,729,24,85,85,1.744323968887329
cnf/sudoku/top870.sdk.txt/35.txt,Grab First,740,728,12005,729,17,1469,1469,15.703667402267456
cnf/sudoku/top870.sdk.txt/845.txt,Grab First,3,1,12012,729,24,5,5,1.0162668228149414
cnf/sudoku/top870.sdk.txt/481.txt,Grab First,12,9,12010,729,22,22,22,1.180572271347046
cnf/sudoku/top870.sdk.txt/298.txt,Grab First,84,82,12010,729,22,167,167,2.5482864379882812
cnf/sudoku/top870.sdk.txt/106.txt,Grab First,27,24,12009,729,21,52,52,1.4474411010742188
cnf/sudoku/top870.sdk.txt/57.txt,Grab First,41,39,12012,729,24,81,81,1.862363576889038
cnf/sudoku/top870.sdk.txt/398.txt,Grab First,11,4,12010,729,22,16,16,1.0951294898986816
cnf/sudoku/top870.sdk.txt/617.txt,Grab First,26,19,12014,729,26,46,46,1.3492405414581299
cnf/sudoku/top870.sdk.txt/666.txt,Grab First,47,42,12010,729,22,90,90,1.7824745178222656
cnf/sudoku/top870.sdk.txt/226.txt,Grab First,147,146,12009,729,21,294,294,3.6051735877990723
cnf/sudoku/top870.sdk.txt/835.txt,Grab First,12,9,12010,729,22,22,22,1.1275532245635986
cnf/sudoku/top870.sdk.txt/14.txt,Grab First,357,354,12005,729,17,712,712,8.422255754470825
cnf/sudoku/top870.sdk.txt/85.txt,Grab First,129,122,12011,729,23,252,252,2.9182963371276855
cnf/sudoku/top870.sdk.txt/442.txt,Grab First,3,1,12005,729,17,5,5,1.0359337329864502
cnf/sudoku/top870.sdk.txt/10.txt,Grab First,28,24,12013,729,25,53,53,1.5150630474090576
cnf/sudoku/top870.sdk.txt/615.txt,Grab First,17,15,12011,729,23,33,33,1.1882426738739014
cnf/sudoku/top870.sdk.txt/751.txt,Grab First,48,47,12009,729,21,96,96,1.504303216934204
cnf/sudoku/top870.sdk.txt/823.txt,Grab First,8,3,12009,729,21,12,12,1.0449950695037842
cnf/sudoku/top870.sdk.txt/146.txt,Grab First,11,8,12005,729,17,20,20,1.0091233253479004
cnf/sudoku/top870.sdk.txt/212.txt,Grab First,28,26,12012,729,24,55,55,1.3150320053100586
cnf/sudoku/top870.sdk.txt/231.txt,Grab First,83,80,12013,729,25,164,164,1.9877769947052002
cnf/sudoku/top870.sdk.txt/415.txt,Grab First,41,38,12011,729,23,80,80,1.625957727432251
cnf/sudoku/top870.sdk.txt/225.txt,Grab First,77,73,12011,729,23,151,151,2.200547933578491
cnf/sudoku/top870.sdk.txt/767.txt,Grab First,4,0,12012,729,24,5,5,0.9488525390625
cnf/sudoku/top870.sdk.txt/491.txt,Grab First,252,248,12005,729,17,501,501,4.066575527191162
cnf/sudoku/top870.sdk.txt/504.txt,Grab First,15,10,12010,729,22,26,26,1.2188453674316406
cnf/sudoku/top870.sdk.txt/121.txt,Grab First,128,123,12012,729,24,252,252,2.833712100982666
cnf/sudoku/top870.sdk.txt/420.txt,Grab First,17,13,12013,729,25,31,31,1.1541731357574463
cnf/sudoku/top870.sdk.txt/357.txt,Grab First,1,0,12012,729,24,2,2,0.9553713798522949
cnf/sudoku/top870.sdk.txt/647.txt,Grab First,9,7,12010,729,22,17,17,1.0489647388458252
cnf/sudoku/top870.sdk.txt/2.txt,Grab First,620,611,12005,729,17,1232,1232,12.997426271438599
cnf/sudoku/top870.sdk.txt/124.txt,Grab First,81,81,12010,729,22,163,163,2.5064289569854736
cnf/sudoku/top870.sdk.txt/542.txt,Grab First,124,123,12005,729,17,248,248,2.398897647857666
cnf/sudoku/top870.sdk.txt/388.txt,Grab First,88,84,12011,729,23,173,173,2.7302157878875732
cnf/sudoku/top870.sdk.txt/539.txt,Grab First,34,31,12013,729,25,66,66,1.4363009929656982
cnf/sudoku/top870.sdk.txt/548.txt,Grab First,34,32,12012,729,24,67,67,1.462895154953003
cnf/sudoku/top870.sdk.txt/567.txt,Grab First,30,26,12011,729,23,57,57,1.3379368782043457
cnf/sudoku/top870.sdk.txt/583.txt,Grab First,126,123,12011,729,23,250,250,3.2437121868133545
cnf/sudoku/top870.sdk.txt/702.txt,Grab First,43,35,12009,729,21,79,79,1.580162763595581
cnf/sudoku/top870.sdk.txt/790.txt,Grab First,5,1,12010,729,22,7,7,0.9923570156097412
cnf/sudoku/top870.sdk.txt/526.txt,Grab First,8,4,12012,729,24,13,13,1.0154452323913574
cnf/sudoku/top870.sdk.txt/249.txt,Grab First,132,129,12012,729,24,262,262,3.6351852416992188
cnf/sudoku/top870.sdk.txt/612.txt,Grab First,145,139,12005,729,17,285,285,4.186565160751343
cnf/sudoku/top870.sdk.txt/291.txt,Grab First,25,21,12012,729,24,47,47,1.2471089363098145
cnf/sudoku/top870.sdk.txt/385.txt,Grab First,273,266,12005,729,17,540,540,5.059422731399536
cnf/sudoku/top870.sdk.txt/243.txt,Grab First,71,71,12012,729,24,143,143,2.2134745121002197
cnf/sudoku/top870.sdk.txt/220.txt,Grab First,68,65,12005,729,17,134,134,1.7957353591918945
cnf/sudoku/top870.sdk.txt/611.txt,Grab First,147,142,12010,729,22,290,290,3.1676535606384277
cnf/sudoku/top870.sdk.txt/263.txt,Grab First,76,68,12009,729,21,145,145,2.2170321941375732
cnf/sudoku/top870.sdk.txt/704.txt,Grab First,120,113,12013,729,25,234,234,2.497741937637329
cnf/sudoku/top870.sdk.txt/536.txt,Grab First,331,322,12005,729,17,654,654,8.792054414749146
cnf/sudoku/top870.sdk.txt/367.txt,Grab First,49,48,12011,729,23,98,98,1.8384966850280762
cnf/sudoku/top870.sdk.txt/370.txt,Grab First,52,49,12012,729,24,102,102,2.0107882022857666
cnf/sudoku/top870.sdk.txt/616.txt,Grab First,36,32,12011,729,23,69,69,1.4945580959320068
cnf/sudoku/top870.sdk.txt/197.txt,Grab First,9,5,12011,729,23,15,15,1.0365850925445557
cnf/sudoku/top870.sdk.txt/696.txt,Grab First,23,16,12011,729,23,40,40,1.1687719821929932
cnf/sudoku/top870.sdk.txt/682.txt,Grab First,36,27,12011,729,23,64,64,1.4870762825012207
cnf/sudoku/top870.sdk.txt/499.txt,Grab First,78,75,12013,729,25,154,154,1.8296034336090088
cnf/sudoku/top870.sdk.txt/295.txt,Grab First,116,113,12012,729,24,230,230,3.0060651302337646
cnf/sudoku/top870.sdk.txt/213.txt,Grab First,85,79,12012,729,24,165,165,2.6585185527801514
cnf/sudoku/top870.sdk.txt/656.txt,Grab First,5,1,12011,729,23,7,7,0.9604852199554443
cnf/sudoku/top870.sdk.txt/416.txt,Grab First,54,50,12012,729,24,105,105,1.8487412929534912
cnf/sudoku/top870.sdk.txt/288.txt,Grab First,94,90,12012,729,24,185,185,2.630425214767456
cnf/sudoku/top870.sdk.txt/738.txt,Grab First,5,4,12013,729,25,10,10,1.0402050018310547
cnf/sudoku/top870.sdk.txt/764.txt,Grab First,64,63,12012,729,24,128,128,2.016345739364624
cnf/sudoku/top870.sdk.txt/584.txt,Grab First,18,12,12013,729,25,31,31,1.1077749729156494
cnf/sudoku/top870.sdk.txt/245.txt,Grab First,45,41,12011,729,23,87,87,1.8315973281860352
cnf/sudoku/top870.sdk.txt/687.txt,Grab First,24,21,12011,729,23,46,46,1.257262945175171
cnf/sudoku/top870.sdk.txt/340.txt,Grab First,10,6,12012,729,24,17,17,1.0311412811279297
cnf/sudoku/top870.sdk.txt/91.txt,Grab First,115,110,12010,729,22,226,226,3.2134876251220703
cnf/sudoku/top870.sdk.txt/460.txt,Grab First,39,34,12011,729,23,74,74,1.8274316787719727
cnf/sudoku/top870.sdk.txt/66.txt,Grab First,26,20,12010,729,22,47,47,1.2862396240234375
cnf/sudoku/top870.sdk.txt/302.txt,Grab First,64,60,12012,729,24,125,125,1.8197600841522217
cnf/sudoku/top870.sdk.txt/755.txt,Grab First,11,4,12013,729,25,16,16,1.047640323638916
cnf/sudoku/top870.sdk.txt/479.txt,Grab First,45,42,12013,729,25,88,88,1.839158058166504
cnf/sudoku/top870.sdk.txt/544.txt,Grab First,72,72,12011,729,23,145,145,2.2207486629486084
cnf/sudoku/top870.sdk.txt/716.txt,Grab First,13,7,12011,729,23,21,21,1.07403564453125
cnf/sudoku/top870.sdk.txt/51.txt,Grab First,11,6,12011,729,23,18,18,1.1222081184387207
cnf/sudoku/top870.sdk.txt/651.txt,Grab First,19,9,12011,729,23,29,29,1.219374418258667
cnf/sudoku/top870.sdk.txt/712.txt,Grab First,69,65,12009,729,21,135,135,1.8774285316467285
cnf/sudoku/top870.sdk.txt/439.txt,Grab First,109,107,12011,729,23,217,217,2.3314390182495117
cnf/sudoku/top870.sdk.txt/104.txt,Grab First,126,120,12010,729,22,247,247,2.8112704753875732
cnf/sudoku/top870.sdk.txt/167.txt,Grab First,34,33,12011,729,23,68,68,1.627277135848999
cnf/sudoku/top870.sdk.txt/54.txt,Grab First,121,119,12011,729,23,241,241,2.003105401992798
cnf/sudoku/top870.sdk.txt/365.txt,Grab First,67,63,12012,729,24,131,131,2.0634284019470215
cnf/sudoku/top870.sdk.txt/230.txt,Grab First,422,419,12005,729,17,842,842,8.123708248138428
cnf/sudoku/top870.sdk.txt/247.txt,Grab First,20,18,12011,729,23,39,39,1.3706097602844238
cnf/sudoku/top870.sdk.txt/56.txt,Grab First,87,81,12011,729,23,169,169,2.307241439819336
cnf/sudoku/top870.sdk.txt/75.txt,Grab First,142,135,12011,729,23,278,278,3.297781229019165
cnf/sudoku/top870.sdk.txt/522.txt,Grab First,60,60,12010,729,22,121,121,1.7736124992370605
cnf/sudoku/top870.sdk.txt/48.txt,Grab First,22,16,12011,729,23,39,39,1.2726142406463623
cnf/sudoku/top870.sdk.txt/783.txt,Grab First,26,25,12013,729,25,52,52,1.3225772380828857
cnf/sudoku/top870.sdk.txt/13.txt,Grab First,92,91,12009,729,21,184,184,2.6507086753845215
cnf/sudoku/top870.sdk.txt/581.txt,Grab First,15,8,12013,729,25,24,24,1.1023974418640137
cnf/sudoku/top870.sdk.txt/156.txt,Grab First,93,88,12011,729,23,182,182,2.5141143798828125
cnf/sudoku/top870.sdk.txt/128.txt,Grab First,31,24,12010,729,22,56,56,1.5278096199035645
cnf/sudoku/top870.sdk.txt/721.txt,Grab First,39,37,12012,729,24,77,77,1.7751686573028564
cnf/sudoku/top870.sdk.txt/805.txt,Grab First,5,1,12009,729,21,7,7,1.0335018634796143
cnf/sudoku/top870.sdk.txt/69.txt,Grab First,173,171,12011,729,23,345,345,4.349367618560791
cnf/sudoku/top870.sdk.txt/459.txt,Grab First,84,78,12012,729,24,163,163,2.3230550289154053
cnf/sudoku/top870.sdk.txt/70.txt,Grab First,483,481,12005,729,17,965,965,8.19249415397644
cnf/sudoku/top870.sdk.txt/761.txt,Grab First,21,13,12012,729,24,35,35,1.2050836086273193
cnf/sudoku/top870.sdk.txt/393.txt,Grab First,137,130,12012,729,24,268,268,3.4302971363067627
cnf/sudoku/top870.sdk.txt/335.txt,Grab First,2,0,12012,729,24,3,3,1.0832445621490479
cnf/sudoku/top870.sdk.txt/350.txt,Grab First,103,99,12008,729,20,203,203,1.9873905181884766
cnf/sudoku/top870.sdk.txt/750.txt,Grab First,45,43,12012,729,24,89,89,1.9556386470794678
cnf/sudoku/top870.sdk.txt/531.txt,Grab First,32,31,12012,729,24,64,64,1.5931549072265625
cnf/sudoku/top870.sdk.txt/624.txt,Grab First,33,30,12010,729,22,64,64,1.6013598442077637
cnf/sudoku/top870.sdk.txt/828.txt,Grab First,62,56,12010,729,22,119,119,2.062915325164795
cnf/sudoku/top870.sdk.txt/585.txt,Grab First,16,14,12012,729,24,31,31,1.3292818069458008
cnf/sudoku/top870.sdk.txt/726.txt,Grab First,174,171,12013,729,25,346,346,3.669567823410034
cnf/sudoku/top870.sdk.txt/604.txt,Grab First,30,27,12013,729,25,58,58,1.5202481746673584
cnf/sudoku/top870.sdk.txt/284.txt,Grab First,80,76,12013,729,25,157,157,2.0563292503356934
cnf/sudoku/top870.sdk.txt/425.txt,Grab First,40,36,12011,729,23,77,77,1.4213604927062988
cnf/sudoku/top870.sdk.txt/486.txt,Grab First,74,68,12012,729,24,143,143,2.1913747787475586
cnf/sudoku/top870.sdk.txt/839.txt,Grab First,9,2,12011,729,23,12,12,1.0627639293670654
cnf/sudoku/top870.sdk.txt/569.txt,Grab First,22,12,12011,729,23,35,35,1.1724941730499268
cnf/sudoku/top870.sdk.txt/454.txt,Grab First,245,242,12010,729,22,488,488,5.536201238632202
cnf/sudoku/top870.sdk.txt/650.txt,Grab First,88,75,12009,729,21,164,164,2.7675957679748535
cnf/sudoku/top870.sdk.txt/576.txt,Grab First,27,25,12014,729,26,53,53,1.3642401695251465
cnf/sudoku/top870.sdk.txt/402.txt,Grab First,15,13,12012,729,24,29,29,1.141711950302124
cnf/sudoku/top870.sdk.txt/82.txt,Grab First,179,174,12005,729,17,354,354,4.241109132766724
cnf/sudoku/top870.sdk.txt/607.txt,Grab First,69,66,12011,729,23,136,136,2.069709300994873
cnf/sudoku/top870.sdk.txt/814.txt,Grab First,39,37,12009,729,21,77,77,1.7049431800842285
cnf/sudoku/top870.sdk.txt/837.txt,Grab First,21,12,12012,729,24,34,34,1.2235686779022217
cnf/sudoku/top870.sdk.txt/12.txt,Grab First,37,29,12005,729,17,67,67,1.6219825744628906
cnf/sudoku/top870.sdk.txt/709.txt,Grab First,36,34,12012,729,24,71,71,1.678020715713501
cnf/sudoku/top870.sdk.txt/484.txt,Grab First,30,22,12012,729,24,53,53,1.5749516487121582
cnf/sudoku/top870.sdk.txt/149.txt,Grab First,82,75,12005,729,17,158,158,2.222485065460205
cnf/sudoku/top870.sdk.txt/643.txt,Grab First,87,82,12010,729,22,170,170,1.8730387687683105
cnf/sudoku/top870.sdk.txt/449.txt,Grab First,45,42,12011,729,23,88,88,1.739112377166748
cnf/sudoku/top870.sdk.txt/238.txt,Grab First,72,66,12012,729,24,139,139,2.1098740100860596
cnf/sudoku/top870.sdk.txt/653.txt,Grab First,28,26,12013,729,25,55,55,1.6063897609710693
cnf/sudoku/top870.sdk.txt/533.txt,Grab First,26,20,12011,729,23,47,47,1.4114832878112793
cnf/sudoku/top870.sdk.txt/265.txt,Grab First,36,31,12012,729,24,68,68,1.8575589656829834
cnf/sudoku/top870.sdk.txt/349.txt,Grab First,9,6,12011,729,23,16,16,1.142939567565918
cnf/sudoku/top870.sdk.txt/410.txt,Grab First,16,10,12012,729,24,27,27,1.2141873836517334
cnf/sudoku/top870.sdk.txt/519.txt,Grab First,9,5,12013,729,25,15,15,1.121861219406128
cnf/sudoku/top870.sdk.txt/545.txt,Grab First,68,61,12012,729,24,130,130,2.032134771347046
cnf/sudoku/top870.sdk.txt/527.txt,Grab First,62,54,12009,729,21,117,117,1.9736568927764893
cnf/sudoku/top870.sdk.txt/628.txt,Grab First,38,29,12011,729,23,68,68,1.3776216506958008
cnf/sudoku/top870.sdk.txt/97.txt,Grab First,11,7,12010,729,22,19,19,1.0568633079528809
cnf/sudoku/top870.sdk.txt/165.txt,Grab First,65,58,12010,729,22,124,124,1.7316105365753174
cnf/sudoku/top870.sdk.txt/564.txt,Grab First,110,107,12011,729,23,218,218,3.2133264541625977
cnf/sudoku/top870.sdk.txt/277.txt,Grab First,41,37,12011,729,23,79,79,1.5313987731933594
cnf/sudoku/top870.sdk.txt/6.txt,Grab First,40,36,12011,729,23,77,77,1.5326611995697021
cnf/sudoku/top870.sdk.txt/324.txt,Grab First,53,52,12013,729,25,106,106,1.7416377067565918
cnf/sudoku/top870.sdk.txt/724.txt,Grab First,46,43,12012,729,24,90,90,1.850921392440796
cnf/sudoku/top870.sdk.txt/289.txt,Grab First,49,45,12010,729,22,95,95,1.7510855197906494
cnf/sudoku/top870.sdk.txt/164.txt,Grab First,2,0,12010,729,22,3,3,1.081775188446045
cnf/sudoku/top870.sdk.txt/763.txt,Grab First,6,2,12011,729,23,9,9,1.0830328464508057
cnf/sudoku/top870.sdk.txt/219.txt,Grab First,50,48,12012,729,24,99,99,1.7621705532073975
cnf/sudoku/top870.sdk.txt/117.txt,Grab First,204,199,12011,729,23,404,404,4.695305824279785
cnf/sudoku/top870.sdk.txt/680.txt,Grab First,53,49,12011,729,23,103,103,1.7715966701507568
cnf/sudoku/top870.sdk.txt/690.txt,Grab First,22,11,12010,729,22,34,34,1.2898259162902832
cnf/sudoku/top870.sdk.txt/644.txt,Grab First,47,44,12012,729,24,92,92,1.5393505096435547
cnf/sudoku/top870.sdk.txt/613.txt,Grab First,44,43,12011,729,23,88,88,1.729616403579712
cnf/sudoku/top870.sdk.txt/47.txt,Grab First,115,111,12010,729,22,227,227,2.942922592163086
cnf/sudoku/top870.sdk.txt/16.txt,Grab First,157,152,12012,729,24,310,310,3.0869998931884766
cnf/sudoku/top870.sdk.txt/448.txt,Grab First,52,50,12012,729,24,103,103,1.7005388736724854
cnf/sudoku/top870.sdk.txt/274.txt,Grab First,62,49,12011,729,23,112,112,2.002192974090576
cnf/sudoku/top870.sdk.txt/37.txt,Grab First,225,219,12005,729,17,445,445,4.826045036315918
cnf/sudoku/top870.sdk.txt/23.txt,Grab First,366,359,12005,729,17,726,726,7.901248455047607
cnf/sudoku/top870.sdk.txt/334.txt,Grab First,23,18,12012,729,24,42,42,1.218743085861206
cnf/sudoku/top870.sdk.txt/588.txt,Grab First,20,17,12011,729,23,38,38,1.3002524375915527
cnf/sudoku/top870.sdk.txt/116.txt,Grab First,106,101,12011,729,23,208,208,2.814948081970215
cnf/sudoku/top870.sdk.txt/745.txt,Grab First,69,68,12011,729,23,138,138,2.1703102588653564
cnf/sudoku/top870.sdk.txt/492.txt,Grab First,61,58,12012,729,24,120,120,2.457575798034668
cnf/sudoku/top870.sdk.txt/135.txt,Grab First,43,34,12010,729,22,78,78,1.6354897022247314
cnf/sudoku/top870.sdk.txt/234.txt,Grab First,28,25,12012,729,24,54,54,1.379380464553833
cnf/sudoku/top870.sdk.txt/503.txt,Grab First,82,80,12011,729,23,163,163,2.4983625411987305
cnf/sudoku/top870.sdk.txt/798.txt,Grab First,98,98,12011,729,23,197,197,2.846126079559326
cnf/sudoku/top870.sdk.txt/221.txt,Grab First,42,38,12012,729,24,81,81,1.631420612335205
cnf/sudoku/top870.sdk.txt/824.txt,Grab First,12,7,12012,729,24,20,20,1.1704483032226562
cnf/sudoku/top870.sdk.txt/538.txt,Grab First,122,119,12009,729,21,242,242,3.910648822784424
cnf/sudoku/top870.sdk.txt/41.txt,Grab First,218,216,12005,729,17,435,435,4.962946891784668
cnf/sudoku/top870.sdk.txt/753.txt,Grab First,41,36,12012,729,24,78,78,1.5193729400634766
cnf/sudoku/top870.sdk.txt/774.txt,Grab First,22,17,12012,729,24,40,40,1.4218673706054688
cnf/sudoku/top870.sdk.txt/58.txt,Grab First,110,107,12010,729,22,218,218,2.8493447303771973
cnf/sudoku/top870.sdk.txt/411.txt,Grab First,1,0,12010,729,22,2,2,1.04774808883667
cnf/sudoku/top870.sdk.txt/512.txt,Grab First,9,5,12013,729,25,15,15,1.083493709564209
cnf/sudoku/top870.sdk.txt/645.txt,Grab First,48,42,12011,729,23,91,91,1.8062868118286133
cnf/sudoku/top870.sdk.txt/523.txt,Grab First,5,2,12010,729,22,8,8,1.0048761367797852
cnf/sudoku/top870.sdk.txt/173.txt,Grab First,14,11,12010,729,22,26,26,1.1813421249389648
cnf/sudoku/top870.sdk.txt/472.txt,Grab First,4,0,12013,729,25,5,5,0.978644847869873
cnf/sudoku/top870.sdk.txt/194.txt,Grab First,128,127,12012,729,24,256,256,3.087336540222168
cnf/sudoku/top870.sdk.txt/122.txt,Grab First,125,117,12011,729,23,243,243,2.5141358375549316
cnf/sudoku/top870.sdk.txt/441.txt,Grab First,51,48,12012,729,24,100,100,2.1675941944122314
cnf/sudoku/top870.sdk.txt/760.txt,Grab First,4,0,12012,729,24,5,5,1.057769536972046
cnf/sudoku/top870.sdk.txt/240.txt,Grab First,4,2,12012,729,24,7,7,1.1021926403045654
cnf/sudoku/top870.sdk.txt/105.txt,Grab First,22,21,12013,729,25,44,44,1.3793809413909912
cnf/sudoku/top870.sdk.txt/664.txt,Grab First,55,48,12012,729,24,104,104,1.549858808517456
cnf/sudoku/top870.sdk.txt/505.txt,Grab First,16,15,12012,729,24,32,32,1.2809739112854004
cnf/sudoku/top870.sdk.txt/557.txt,Grab First,7,3,12009,729,21,11,11,1.0765948295593262
cnf/sudoku/top870.sdk.txt/488.txt,Grab First,23,15,12012,729,24,39,39,1.3478667736053467
cnf/sudoku/top870.sdk.txt/89.txt,Grab First,9,6,12014,729,26,16,16,1.0520155429840088
cnf/sudoku/top870.sdk.txt/715.txt,Grab First,31,23,12010,729,22,55,55,1.2186510562896729
cnf/sudoku/top870.sdk.txt/140.txt,Grab First,136,132,12012,729,24,269,269,3.0818631649017334
cnf/sudoku/top870.sdk.txt/161.txt,Grab First,150,147,12011,729,23,298,298,4.193197250366211
cnf/sudoku/top870.sdk.txt/638.txt,Grab First,24,23,12012,729,24,48,48,1.4622459411621094
cnf/sudoku/top870.sdk.txt/506.txt,Grab First,47,42,12013,729,25,90,90,1.6119053363800049
cnf/sudoku/top870.sdk.txt/860.txt,Grab First,27,21,12011,729,23,49,49,1.3002142906188965
cnf/sudoku/top870.sdk.txt/223.txt,Grab First,17,11,12005,729,17,29,29,1.1408369541168213
cnf/sudoku/top870.sdk.txt/264.txt,Grab First,3,1,12014,729,26,5,5,0.9675953388214111
cnf/sudoku/top870.sdk.txt/312.txt,Grab First,20,16,12011,729,23,37,37,1.31886887550354
cnf/sudoku/top870.sdk.txt/431.txt,Grab First,107,104,12011,729,23,212,212,3.048748016357422
cnf/sudoku/top870.sdk.txt/785.txt,Grab First,54,45,12010,729,22,100,100,1.9656703472137451
cnf/sudoku/top870.sdk.txt/369.txt,Grab First,80,76,12011,729,23,157,157,2.1900928020477295
cnf/sudoku/top870.sdk.txt/137.txt,Grab First,15,13,12012,729,24,29,29,1.2165513038635254
cnf/sudoku/top870.sdk.txt/171.txt,Grab First,1,0,12012,729,24,2,2,0.9693589210510254
cnf/sudoku/top870.sdk.txt/727.txt,Grab First,50,50,12012,729,24,101,101,1.9019010066986084
cnf/sudoku/top870.sdk.txt/614.txt,Grab First,2,0,12011,729,23,3,3,0.972001314163208
cnf/sudoku/top870.sdk.txt/235.txt,Grab First,37,32,12012,729,24,70,70,1.4012410640716553
cnf/sudoku/top870.sdk.txt/686.txt,Grab First,37,34,12012,729,24,72,72,1.47306489944458
cnf/sudoku/top870.sdk.txt/371.txt,Grab First,31,27,12013,729,25,59,59,1.367617130279541
cnf/sudoku/top870.sdk.txt/592.txt,Grab First,119,117,12012,729,24,237,237,3.191845178604126
cnf/sudoku/top870.sdk.txt/821.txt,Grab First,64,60,12011,729,23,125,125,2.101715087890625
cnf/sudoku/top870.sdk.txt/791.txt,Grab First,63,60,12011,729,23,124,124,2.0277726650238037
cnf/sudoku/top870.sdk.txt/309.txt,Grab First,22,20,12014,729,26,43,43,1.1544663906097412
cnf/sudoku/top870.sdk.txt/251.txt,Grab First,10,6,12011,729,23,17,17,1.0165517330169678
cnf/sudoku/top870.sdk.txt/757.txt,Grab First,37,32,12011,729,23,70,70,1.435920000076294
cnf/sudoku/top870.sdk.txt/590.txt,Grab First,49,45,12005,729,17,95,95,1.562584400177002
cnf/sudoku/top870.sdk.txt/257.txt,Grab First,176,172,12013,729,25,349,349,3.8903417587280273
cnf/sudoku/top870.sdk.txt/688.txt,Grab First,65,64,12012,729,24,130,130,2.383244752883911
cnf/sudoku/top870.sdk.txt/228.txt,Grab First,47,46,12010,729,22,94,94,1.6525440216064453
cnf/sudoku/top870.sdk.txt/355.txt,Grab First,73,67,12012,729,24,141,141,2.3167686462402344
cnf/sudoku/top870.sdk.txt/254.txt,Grab First,29,26,12012,729,24,56,56,1.425769567489624
cnf/sudoku/top870.sdk.txt/353.txt,Grab First,34,34,12011,729,23,69,69,1.3690111637115479
cnf/sudoku/top870.sdk.txt/723.txt,Grab First,26,18,12011,729,23,45,45,1.1830596923828125
cnf/sudoku/top870.sdk.txt/810.txt,Grab First,28,25,12014,729,26,54,54,1.4374778270721436
cnf/sudoku/top870.sdk.txt/181.txt,Grab First,39,39,12010,729,22,79,79,1.7688510417938232
cnf/sudoku/top870.sdk.txt/268.txt,Grab First,51,47,12011,729,23,99,99,1.9167964458465576
cnf/sudoku/top870.sdk.txt/204.txt,Grab First,280,274,12010,729,22,555,555,6.257038116455078
cnf/sudoku/top870.sdk.txt/509.txt,Grab First,14,11,12010,729,22,26,26,1.1220848560333252
cnf/sudoku/top870.sdk.txt/599.txt,Grab First,25,22,12011,729,23,48,48,1.289182424545288
cnf/sudoku/top870.sdk.txt/176.txt,Grab First,53,49,12012,729,24,103,103,1.5658071041107178
cnf/sudoku/top870.sdk.txt/719.txt,Grab First,10,6,12011,729,23,17,17,1.1211891174316406
cnf/sudoku/top870.sdk.txt/444.txt,Grab First,7,1,12011,729,23,9,9,1.0645272731781006
cnf/sudoku/top870.sdk.txt/9.txt,Grab First,81,75,12010,729,22,157,157,2.3828837871551514
cnf/sudoku/top870.sdk.txt/239.txt,Grab First,40,35,12010,729,22,76,76,1.7311313152313232
cnf/sudoku/top870.sdk.txt/820.txt,Grab First,30,23,12012,729,24,54,54,1.3277297019958496
cnf/sudoku/top870.sdk.txt/648.txt,Grab First,34,32,12012,729,24,67,67,1.4746510982513428
cnf/sudoku/top870.sdk.txt/83.txt,Grab First,136,132,12011,729,23,269,269,3.5787529945373535
cnf/sudoku/top870.sdk.txt/63.txt,Grab First,124,122,12013,729,25,247,247,3.1145970821380615
cnf/sudoku/top870.sdk.txt/59.txt,Grab First,564,553,12005,729,17,1118,1118,11.126577854156494
cnf/sudoku/top870.sdk.txt/120.txt,Grab First,169,164,12011,729,23,334,334,4.084594964981079
cnf/sudoku/top870.sdk.txt/809.txt,Grab First,23,18,12011,729,23,42,42,1.387263298034668
cnf/sudoku/top870.sdk.txt/18.txt,Grab First,7,1,12005,729,17,9,9,1.0116627216339111
cnf/sudoku/top870.sdk.txt/248.txt,Grab First,10,5,12012,729,24,16,16,1.0994617938995361
cnf/sudoku/top870.sdk.txt/382.txt,Grab First,28,27,12012,729,24,56,56,1.4604988098144531
cnf/sudoku/top870.sdk.txt/627.txt,Grab First,25,17,12013,729,25,43,43,1.3549911975860596
cnf/sudoku/top870.sdk.txt/414.txt,Grab First,82,81,12012,729,24,164,164,2.6362392902374268
cnf/sudoku/top870.sdk.txt/733.txt,Grab First,11,7,12014,729,26,19,19,1.1741108894348145
cnf/sudoku/top870.sdk.txt/92.txt,Grab First,42,36,12013,729,25,79,79,1.5396184921264648
cnf/sudoku/top870.sdk.txt/252.txt,Grab First,45,43,12013,729,25,89,89,1.6669676303863525
cnf/sudoku/top870.sdk.txt/850.txt,Grab First,72,65,12009,729,21,138,138,2.3768773078918457
cnf/sudoku/top870.sdk.txt/679.txt,Grab First,16,15,12009,729,21,32,32,1.2974724769592285
cnf/sudoku/top870.sdk.txt/711.txt,Grab First,11,7,12005,729,17,19,19,1.1023852825164795
cnf/sudoku/top870.sdk.txt/657.txt,Grab First,55,52,12005,729,17,108,108,1.5228264331817627
cnf/sudoku/top870.sdk.txt/380.txt,Grab First,17,12,12010,729,22,30,30,1.145951747894287
cnf/sudoku/top870.sdk.txt/403.txt,Grab First,66,62,12012,729,24,129,129,2.208772897720337
cnf/sudoku/top870.sdk.txt/71.txt,Grab First,123,119,12011,729,23,243,243,3.4337575435638428
cnf/sudoku/top870.sdk.txt/465.txt,Grab First,67,66,12011,729,23,134,134,2.2078583240509033
cnf/sudoku/top870.sdk.txt/554.txt,Grab First,181,180,12013,729,25,362,362,3.941331624984741
cnf/sudoku/top870.sdk.txt/290.txt,Grab First,48,44,12012,729,24,93,93,1.5331623554229736
cnf/sudoku/top870.sdk.txt/297.txt,Grab First,79,72,12011,729,23,152,152,2.2491514682769775
cnf/sudoku/top870.sdk.txt/487.txt,Grab First,3,0,12013,729,25,4,4,1.010143518447876
cnf/sudoku/top870.sdk.txt/190.txt,Grab First,58,52,12012,729,24,111,111,2.1230475902557373
cnf/sudoku/top870.sdk.txt/518.txt,Grab First,51,44,12014,729,26,96,96,1.633110761642456
cnf/sudoku/top870.sdk.txt/17.txt,Grab First,32,27,12011,729,23,60,60,1.334864616394043
cnf/sudoku/top870.sdk.txt/278.txt,Grab First,112,109,12012,729,24,222,222,3.142852544784546
cnf/sudoku/top870.sdk.txt/67.txt,Grab First,253,248,12005,729,17,502,502,5.170949935913086
cnf/sudoku/top870.sdk.txt/139.txt,Grab First,283,279,12005,729,17,563,563,5.278454065322876
cnf/sudoku/top870.sdk.txt/773.txt,Grab First,26,22,12014,729,26,49,49,1.290419578552246
cnf/sudoku/top870.sdk.txt/407.txt,Grab First,12,1,12013,729,25,14,14,1.0398972034454346
cnf/sudoku/top870.sdk.txt/759.txt,Grab First,21,19,12013,729,25,41,41,1.2526752948760986
cnf/sudoku/top870.sdk.txt/668.txt,Grab First,15,12,12011,729,23,28,28,1.3079020977020264
cnf/sudoku/top870.sdk.txt/788.txt,Grab First,227,220,12010,729,22,448,448,5.4560863971710205
cnf/sudoku/top870.sdk.txt/675.txt,Grab First,21,19,12013,729,25,41,41,1.206369161605835
cnf/sudoku/top870.sdk.txt/381.txt,Grab First,27,25,12013,729,25,53,53,1.4000732898712158
cnf/sudoku/top870.sdk.txt/493.txt,Grab First,77,75,12013,729,25,153,153,2.091172695159912
cnf/sudoku/top870.sdk.txt/318.txt,Grab First,43,36,12011,729,23,80,80,1.7399373054504395
cnf/sudoku/top870.sdk.txt/779.txt,Grab First,78,77,12010,729,22,156,156,2.251777172088623
cnf/sudoku/top870.sdk.txt/708.txt,Grab First,35,28,12014,729,26,64,64,1.4758641719818115
cnf/sudoku/top870.sdk.txt/217.txt,Grab First,145,135,12012,729,24,281,281,3.3136515617370605
cnf/sudoku/top870.sdk.txt/330.txt,Grab First,28,28,12009,729,21,57,57,1.5953998565673828
cnf/sudoku/top870.sdk.txt/329.txt,Grab First,40,33,12011,729,23,74,74,1.7649509906768799
cnf/sudoku/top870.sdk.txt/853.txt,Grab First,4,1,12011,729,23,6,6,1.1668391227722168
cnf/sudoku/top870.sdk.txt/827.txt,Grab First,79,75,12013,729,25,155,155,2.0242693424224854
cnf/sudoku/top870.sdk.txt/698.txt,Grab First,45,44,12012,729,24,90,90,1.7393627166748047
cnf/sudoku/top870.sdk.txt/175.txt,Grab First,18,10,12010,729,22,29,29,1.2132148742675781
cnf/sudoku/top870.sdk.txt/215.txt,Grab First,97,93,12010,729,22,191,191,2.588951826095581
cnf/sudoku/top870.sdk.txt/602.txt,Grab First,56,54,12014,729,26,111,111,1.9376108646392822
cnf/sudoku/top870.sdk.txt/517.txt,Grab First,41,41,12011,729,23,83,83,1.680039405822754
cnf/sudoku/top870.sdk.txt/351.txt,Grab First,43,42,12011,729,23,86,86,1.7313437461853027
cnf/sudoku/top870.sdk.txt/633.txt,Grab First,18,15,12012,729,24,34,34,1.3313484191894531
cnf/sudoku/top870.sdk.txt/591.txt,Grab First,3,0,12013,729,25,4,4,1.0064053535461426
cnf/sudoku/top870.sdk.txt/830.txt,Grab First,7,2,12012,729,24,10,10,1.1215853691101074
cnf/sudoku/top870.sdk.txt/473.txt,Grab First,12,6,12010,729,22,19,19,1.1884636878967285
cnf/sudoku/top870.sdk.txt/129.txt,Grab First,158,158,12010,729,22,317,317,3.818702459335327
cnf/sudoku/top870.sdk.txt/697.txt,Grab First,22,18,12013,729,25,41,41,1.3710951805114746
cnf/sudoku/top870.sdk.txt/90.txt,Grab First,41,34,12010,729,22,76,76,1.5524969100952148
cnf/sudoku/top870.sdk.txt/193.txt,Grab First,28,26,12013,729,25,55,55,1.4380428791046143
cnf/sudoku/top870.sdk.txt/807.txt,Grab First,22,21,12015,729,27,44,44,1.3541803359985352
cnf/sudoku/top870.sdk.txt/642.txt,Grab First,4,2,12012,729,24,7,7,1.066744089126587
cnf/sudoku/top870.sdk.txt/241.txt,Grab First,12,11,12012,729,24,24,24,1.2601101398468018
cnf/sudoku/top870.sdk.txt/378.txt,Grab First,93,89,12012,729,24,183,183,2.5645434856414795
cnf/sudoku/top870.sdk.txt/386.txt,Grab First,15,6,12013,729,25,22,22,1.145331621170044
cnf/sudoku/top870.sdk.txt/619.txt,Grab First,4,1,12011,729,23,6,6,1.0376081466674805
cnf/sudoku/top870.sdk.txt/433.txt,Grab First,23,19,12009,729,21,43,43,1.268517017364502
cnf/sudoku/top870.sdk.txt/654.txt,Grab First,7,2,12012,729,24,10,10,1.0330774784088135
cnf/sudoku/top870.sdk.txt/579.txt,Grab First,7,2,12011,729,23,10,10,1.047595500946045
cnf/sudoku/top870.sdk.txt/43.txt,Grab First,106,99,12011,729,23,206,206,2.7866551876068115
cnf/sudoku/top870.sdk.txt/321.txt,Grab First,8,5,12011,729,23,14,14,1.2191987037658691
cnf/sudoku/top870.sdk.txt/275.txt,Grab First,69,65,12009,729,21,135,135,2.2224009037017822
cnf/sudoku/top870.sdk.txt/436.txt,Grab First,66,64,12010,729,22,131,131,1.9644496440887451
cnf/sudoku/top870.sdk.txt/561.txt,Grab First,88,87,12010,729,22,176,176,2.681924343109131
cnf/sudoku/top870.sdk.txt/19.txt,Grab First,178,176,12011,729,23,355,355,3.2830650806427
cnf/sudoku/top870.sdk.txt/53.txt,Grab First,217,210,12009,729,21,428,428,4.1935811042785645
cnf/sudoku/top870.sdk.txt/390.txt,Grab First,8,2,12012,729,24,11,11,1.1935877799987793
cnf/sudoku/top870.sdk.txt/343.txt,Grab First,157,154,12011,729,23,312,312,3.821991205215454
cnf/sudoku/top870.sdk.txt/356.txt,Grab First,56,54,12012,729,24,111,111,1.7761671543121338
cnf/sudoku/top870.sdk.txt/475.txt,Grab First,83,80,12010,729,22,164,164,2.0362861156463623
cnf/sudoku/top870.sdk.txt/500.txt,Grab First,44,40,12010,729,22,85,85,1.8653228282928467
cnf/sudoku/top870.sdk.txt/405.txt,Grab First,52,47,12013,729,25,100,100,2.0469460487365723
cnf/sudoku/top870.sdk.txt/8.txt,Grab First,46,41,12010,729,22,88,88,1.8012409210205078
cnf/sudoku/top870.sdk.txt/296.txt,Grab First,57,55,12011,729,23,113,113,2.026007890701294
cnf/sudoku/top870.sdk.txt/471.txt,Grab First,26,23,12009,729,21,50,50,1.2455995082855225
cnf/sudoku/top870.sdk.txt/276.txt,Grab First,66,58,12010,729,22,125,125,2.1653666496276855
cnf/sudoku/top870.sdk.txt/501.txt,Grab First,14,8,12011,729,23,23,23,1.1626157760620117
cnf/sudoku/top870.sdk.txt/153.txt,Grab First,45,40,12013,729,25,86,86,1.4192771911621094
cnf/sudoku/top870.sdk.txt/841.txt,Grab First,76,72,12011,729,23,149,149,2.431973695755005
cnf/sudoku/top870.sdk.txt/313.txt,Grab First,12,6,12010,729,22,19,19,1.0548629760742188
cnf/sudoku/top870.sdk.txt/732.txt,Grab First,16,10,12011,729,23,27,27,1.1076154708862305
cnf/sudoku/top870.sdk.txt/44.txt,Grab First,24,19,12010,729,22,44,44,1.2935459613800049
cnf/sudoku/top870.sdk.txt/520.txt,Grab First,73,71,12012,729,24,145,145,2.5341925621032715
cnf/sudoku/top870.sdk.txt/1.txt,Grab First,1376,1372,12005,729,17,2749,2749,24.44946813583374
cnf/sudoku/top870.sdk.txt/115.txt,Grab First,48,41,12011,729,23,90,90,1.622605800628662
cnf/sudoku/top870.sdk.txt/609.txt,Grab First,55,54,12012,729,24,110,110,1.834479808807373
cnf/sudoku/top870.sdk.txt/865.txt,Grab First,12,11,12010,729,22,24,24,1.1782569885253906
cnf/sudoku/top870.sdk.txt/563.txt,Grab First,55,51,12013,729,25,107,107,1.734971523284912
cnf/sudoku/top870.sdk.txt/524.txt,Grab First,37,31,12012,729,24,69,69,1.5042335987091064
cnf/sudoku/top870.sdk.txt/86.txt,Grab First,101,95,12011,729,23,197,197,2.671198606491089
cnf/sudoku/top870.sdk.txt/742.txt,Grab First,15,14,12011,729,23,30,30,1.1168456077575684
cnf/sudoku/top870.sdk.txt/253.txt,Grab First,84,79,12010,729,22,164,164,2.5472917556762695
cnf/sudoku/top870.sdk.txt/549.txt,Grab First,71,67,12012,729,24,139,139,1.8205764293670654
cnf/sudoku/top870.sdk.txt/578.txt,Grab First,174,171,12009,729,21,346,346,4.096148490905762
cnf/sudoku/top870.sdk.txt/762.txt,Grab First,79,71,12012,729,24,151,151,1.9938478469848633
cnf/sudoku/top870.sdk.txt/502.txt,Grab First,29,26,12013,729,25,56,56,1.3530614376068115
cnf/sudoku/top870.sdk.txt/339.txt,Grab First,26,17,12009,729,21,44,44,1.2679810523986816
cnf/sudoku/top870.sdk.txt/630.txt,Grab First,32,28,12011,729,23,61,61,1.4768621921539307
cnf/sudoku/top870.sdk.txt/364.txt,Grab First,28,22,12015,729,27,51,51,1.2968511581420898
cnf/sudoku/top870.sdk.txt/575.txt,Grab First,45,42,12010,729,22,88,88,1.7694954872131348
cnf/sudoku/top870.sdk.txt/376.txt,Grab First,33,29,12011,729,23,63,63,1.5016937255859375
cnf/sudoku/top870.sdk.txt/160.txt,Grab First,16,15,12010,729,22,32,32,1.1875202655792236
cnf/sudoku/top870.sdk.txt/558.txt,Grab First,4,1,12013,729,25,6,6,0.975480318069458
cnf/sudoku/top870.sdk.txt/119.txt,Grab First,61,58,12012,729,24,120,120,2.0359084606170654
cnf/sudoku/top870.sdk.txt/765.txt,Grab First,50,48,12012,729,24,99,99,1.687436580657959
cnf/sudoku/top870.sdk.txt/639.txt,Grab First,10,7,12010,729,22,18,18,1.0621867179870605
cnf/sudoku/top870.sdk.txt/775.txt,Grab First,34,32,12011,729,23,67,67,1.3331372737884521
cnf/sudoku/top870.sdk.txt/854.txt,Grab First,2,0,12014,729,26,3,3,0.9341936111450195
cnf/sudoku/top870.sdk.txt/168.txt,Grab First,27,21,12012,729,24,49,49,1.4628207683563232
cnf/sudoku/top870.sdk.txt/610.txt,Grab First,37,35,12013,729,25,73,73,1.4036829471588135
cnf/sudoku/top870.sdk.txt/649.txt,Grab First,20,15,12011,729,23,36,36,1.1197597980499268
cnf/sudoku/top870.sdk.txt/728.txt,Grab First,12,7,12012,729,24,20,20,1.070383071899414
cnf/sudoku/top870.sdk.txt/692.txt,Grab First,14,12,12005,729,17,27,27,1.0976829528808594
cnf/sudoku/top870.sdk.txt/422.txt,Grab First,33,24,12010,729,22,58,58,1.5039722919464111
cnf/sudoku/top870.sdk.txt/496.txt,Grab First,57,51,12011,729,23,109,109,1.8530259132385254
cnf/sudoku/top870.sdk.txt/387.txt,Grab First,99,93,12011,729,23,193,193,2.372586250305176
cnf/sudoku/top870.sdk.txt/203.txt,Grab First,8,6,12012,729,24,15,15,1.0603618621826172
cnf/sudoku/top870.sdk.txt/224.txt,Grab First,41,39,12014,729,26,81,81,1.505897045135498
cnf/sudoku/top870.sdk.txt/31.txt,Grab First,54,43,12005,729,17,98,98,1.9114573001861572
cnf/sudoku/top870.sdk.txt/322.txt,Grab First,22,22,12013,729,25,45,45,1.505749225616455
cnf/sudoku/top870.sdk.txt/598.txt,Grab First,41,34,12012,729,24,76,76,1.600799798965454
cnf/sudoku/top870.sdk.txt/304.txt,Grab First,25,22,12012,729,24,48,48,1.465747356414795
cnf/sudoku/top870.sdk.txt/155.txt,Grab First,72,69,12012,729,24,142,142,2.5205609798431396
cnf/sudoku/top870.sdk.txt/7.txt,Grab First,400,400,12011,729,23,801,801,6.279249906539917
cnf/sudoku/top870.sdk.txt/846.txt,Grab First,33,28,12011,729,23,62,62,1.5797386169433594
cnf/sudoku/top870.sdk.txt/718.txt,Grab First,28,22,12011,729,23,51,51,1.3924438953399658
cnf/sudoku/top870.sdk.txt/535.txt,Grab First,14,11,12012,729,24,26,26,1.2080097198486328
cnf/sudoku/top870.sdk.txt/710.txt,Grab First,63,59,12010,729,22,123,123,2.2471601963043213
cnf/sudoku/top870.sdk.txt/185.txt,Grab First,17,14,12014,729,26,32,32,1.2508995532989502
cnf/sudoku/top870.sdk.txt/587.txt,Grab First,11,8,12011,729,23,20,20,1.1232049465179443
cnf/sudoku/top870.sdk.txt/811.txt,Grab First,28,24,12012,729,24,53,53,1.2650742530822754
cnf/sudoku/top870.sdk.txt/211.txt,Grab First,20,16,12012,729,24,37,37,1.2657790184020996
cnf/sudoku/top870.sdk.txt/792.txt,Grab First,19,17,12012,729,24,37,37,1.4235725402832031
cnf/sudoku/top870.sdk.txt/166.txt,Grab First,46,42,12005,729,17,89,89,1.7574541568756104
cnf/sudoku/top870.sdk.txt/187.txt,Grab First,63,60,12009,729,21,124,124,1.9790897369384766
cnf/sudoku/top870.sdk.txt/713.txt,Grab First,40,39,12013,729,25,80,80,1.7316534519195557
cnf/sudoku/top870.sdk.txt/848.txt,Grab First,1,0,12011,729,23,2,2,0.9828369617462158
cnf/sudoku/top870.sdk.txt/74.txt,Grab First,276,271,12009,729,21,548,548,4.9114015102386475
cnf/sudoku/top870.sdk.txt/513.txt,Grab First,56,40,12011,729,23,97,97,1.612661600112915
cnf/sudoku/top870.sdk.txt/570.txt,Grab First,87,85,12012,729,24,173,173,2.597665786743164
cnf/sudoku/top870.sdk.txt/462.txt,Grab First,10,6,12012,729,24,17,17,1.0698554515838623
cnf/sudoku/top870.sdk.txt/838.txt,Grab First,69,69,12012,729,24,139,139,2.151931047439575
cnf/sudoku/top870.sdk.txt/725.txt,Grab First,42,40,12010,729,22,83,83,1.7142016887664795
cnf/sudoku/top870.sdk.txt/543.txt,Grab First,89,86,12011,729,23,176,176,2.635246992111206
cnf/sudoku/top870.sdk.txt/720.txt,Grab First,44,38,12013,729,25,83,83,1.695439100265503
cnf/sudoku/top870.sdk.txt/529.txt,Grab First,10,9,12011,729,23,20,20,1.1417949199676514
cnf/sudoku/top870.sdk.txt/676.txt,Grab First,7,2,12010,729,22,10,10,1.0685200691223145
cnf/sudoku/top870.sdk.txt/589.txt,Grab First,44,39,12011,729,23,84,84,1.6347737312316895
cnf/sudoku/top870.sdk.txt/216.txt,Grab First,5,1,12014,729,26,7,7,1.0026304721832275
cnf/sudoku/top870.sdk.txt/158.txt,Grab First,111,102,12011,729,23,214,214,2.7373979091644287
cnf/sudoku/top870.sdk.txt/859.txt,Grab First,11,10,12014,729,26,22,22,1.1586356163024902
cnf/sudoku/top870.sdk.txt/636.txt,Grab First,22,16,12010,729,22,39,39,1.1765093803405762
cnf/sudoku/top870.sdk.txt/700.txt,Grab First,17,13,12010,729,22,31,31,1.2839808464050293
cnf/sudoku/top870.sdk.txt/857.txt,Grab First,16,14,12013,729,25,31,31,1.1801323890686035
cnf/sudoku/top870.sdk.txt/443.txt,Grab First,53,50,12012,729,24,104,104,1.8979430198669434
cnf/sudoku/top870.sdk.txt/242.txt,Grab First,159,154,12013,729,25,314,314,4.0402538776397705
cnf/sudoku/top870.sdk.txt/671.txt,Grab First,44,37,12011,729,23,82,82,1.612752914428711
cnf/sudoku/top870.sdk.txt/744.txt,Grab First,165,162,12005,729,17,328,328,3.6747355461120605
cnf/sudoku/top870.sdk.txt/110.txt,Grab First,16,8,12013,729,25,25,25,1.0820438861846924
cnf/sudoku/top870.sdk.txt/495.txt,Grab First,55,55,12012,729,24,111,111,1.591153621673584
cnf/sudoku/top870.sdk.txt/272.txt,Grab First,150,141,12014,729,26,292,292,3.2254879474639893
cnf/sudoku/top870.sdk.txt/685.txt,Grab First,24,18,12012,729,24,43,43,1.275505542755127
cnf/sudoku/top870.sdk.txt/466.txt,Grab First,96,94,12010,729,22,191,191,2.4083681106567383
cnf/sudoku/top870.sdk.txt/285.txt,Grab First,8,2,12012,729,24,11,11,1.0500717163085938
cnf/sudoku/top870.sdk.txt/218.txt,Grab First,50,43,12011,729,23,94,94,1.764575481414795
cnf/sudoku/top870.sdk.txt/345.txt,Grab First,43,35,12012,729,24,79,79,1.7536594867706299
cnf/sudoku/top870.sdk.txt/451.txt,Grab First,45,40,12011,729,23,86,86,1.9042129516601562
cnf/sudoku/top870.sdk.txt/722.txt,Grab First,119,116,12012,729,24,236,236,3.087339401245117
cnf/sudoku/top870.sdk.txt/856.txt,Grab First,32,22,12012,729,24,55,55,1.5059289932250977
cnf/sudoku/top870.sdk.txt/463.txt,Grab First,8,7,12010,729,22,16,16,1.0755245685577393
cnf/sudoku/top870.sdk.txt/84.txt,Grab First,149,140,12012,729,24,290,290,3.4512157440185547
cnf/sudoku/top870.sdk.txt/68.txt,Grab First,36,29,12009,729,21,66,66,1.6352217197418213
cnf/sudoku/top870.sdk.txt/20.txt,Grab First,482,472,12005,729,17,955,955,9.760898113250732
cnf/sudoku/top870.sdk.txt/864.txt,Grab First,37,37,12012,729,24,75,75,1.5997180938720703
cnf/sudoku/top870.sdk.txt/207.txt,Grab First,94,92,12011,729,23,187,187,2.304508686065674
cnf/sudoku/top870.sdk.txt/229.txt,Grab First,140,139,12005,729,17,280,280,3.143852710723877
cnf/sudoku/top870.sdk.txt/299.txt,Grab First,18,12,12010,729,22,31,31,1.126861810684204
cnf/sudoku/top870.sdk.txt/577.txt,Grab First,24,24,12012,729,24,49,49,1.536353349685669
cnf/sudoku/top870.sdk.txt/344.txt,Grab First,4,0,12013,729,25,5,5,1.0014963150024414
cnf/sudoku/top870.sdk.txt/143.txt,Grab First,135,129,12010,729,22,265,265,3.075127363204956
cnf/sudoku/top870.sdk.txt/392.txt,Grab First,37,35,12013,729,25,73,73,1.6245288848876953
cnf/sudoku/top870.sdk.txt/261.txt,Grab First,41,40,12012,729,24,82,82,1.649949312210083
cnf/sudoku/top870.sdk.txt/469.txt,Grab First,42,39,12014,729,26,82,82,1.77449631690979
cnf/sudoku/top870.sdk.txt/468.txt,Grab First,6,1,12011,729,23,8,8,1.0262892246246338
cnf/sudoku/top870.sdk.txt/562.txt,Grab First,102,99,12010,729,22,202,202,2.7375783920288086
cnf/sudoku/top870.sdk.txt/634.txt,Grab First,5,1,12010,729,22,7,7,1.032623529434204
cnf/sudoku/top870.sdk.txt/521.txt,Grab First,8,4,12012,729,24,13,13,1.0784385204315186
cnf/sudoku/top870.sdk.txt/631.txt,Grab First,14,9,12013,729,25,24,24,1.1458561420440674
cnf/sudoku/top870.sdk.txt/662.txt,Grab First,5,2,12011,729,23,8,8,1.0182926654815674
cnf/sudoku/top870.sdk.txt/497.txt,Grab First,11,8,12013,729,25,20,20,1.1648468971252441
cnf/sudoku/top870.sdk.txt/485.txt,Grab First,14,13,12012,729,24,28,28,1.2201242446899414
cnf/sudoku/top870.sdk.txt/199.txt,Grab First,75,71,12010,729,22,147,147,2.7567434310913086
cnf/sudoku/top870.sdk.txt/572.txt,Grab First,17,16,12012,729,24,34,34,1.162996530532837
cnf/sudoku/top870.sdk.txt/198.txt,Grab First,115,111,12005,729,17,227,227,2.390894889831543
cnf/sudoku/top870.sdk.txt/170.txt,Grab First,123,123,12005,729,17,247,247,3.0669524669647217
cnf/sudoku/top870.sdk.txt/118.txt,Grab First,70,59,12012,729,24,130,130,2.01050066947937
cnf/sudoku/top870.sdk.txt/815.txt,Grab First,15,12,12011,729,23,28,28,1.2420661449432373
cnf/sudoku/top870.sdk.txt/684.txt,Grab First,54,52,12013,729,25,107,107,1.7498424053192139
cnf/sudoku/top870.sdk.txt/601.txt,Grab First,25,20,12011,729,23,46,46,1.3436896800994873
cnf/sudoku/top870.sdk.txt/301.txt,Grab First,11,4,12013,729,25,16,16,1.056304931640625
cnf/sudoku/top870.sdk.txt/397.txt,Grab First,43,36,12011,729,23,80,80,1.5872609615325928
cnf/sudoku/top870.sdk.txt/255.txt,Grab First,55,53,12012,729,24,109,109,1.663912057876587
cnf/sudoku/top870.sdk.txt/169.txt,Grab First,114,111,12011,729,23,226,226,3.0638325214385986
cnf/sudoku/top870.sdk.txt/413.txt,Grab First,26,21,12013,729,25,48,48,1.28765869140625
cnf/sudoku/top870.sdk.txt/740.txt,Grab First,37,35,12013,729,25,73,73,1.5003633499145508
cnf/sudoku/top870.sdk.txt/840.txt,Grab First,46,41,12013,729,25,88,88,1.556530237197876
cnf/sudoku/top870.sdk.txt/551.txt,Grab First,41,41,12013,729,25,83,83,1.6339998245239258
cnf/sudoku/top870.sdk.txt/582.txt,Grab First,55,47,12011,729,23,103,103,1.800893783569336
cnf/sudoku/top870.sdk.txt/209.txt,Grab First,33,31,12013,729,25,65,65,1.5351336002349854
cnf/sudoku/top870.sdk.txt/159.txt,Grab First,8,3,12005,729,17,12,12,1.0550563335418701
cnf/sudoku/top870.sdk.txt/573.txt,Grab First,42,39,12011,729,23,82,82,1.744507074356079
cnf/sudoku/top870.sdk.txt/730.txt,Grab First,8,3,12011,729,23,12,12,1.0810346603393555
cnf/sudoku/top870.sdk.txt/819.txt,Grab First,46,45,12013,729,25,92,92,1.8112809658050537
cnf/sudoku/top870.sdk.txt/550.txt,Grab First,31,20,12012,729,24,52,52,1.4999511241912842
cnf/sudoku/top870.sdk.txt/833.txt,Grab First,40,36,12011,729,23,77,77,1.6419992446899414
cnf/sudoku/top870.sdk.txt/508.txt,Grab First,43,36,12012,729,24,80,80,1.5363593101501465
cnf/sudoku/top870.sdk.txt/793.txt,Grab First,28,24,12011,729,23,53,53,1.4758427143096924
cnf/sudoku/top870.sdk.txt/622.txt,Grab First,34,28,12010,729,22,63,63,1.4913907051086426
cnf/sudoku/top870.sdk.txt/514.txt,Grab First,108,99,12012,729,24,208,208,2.8555023670196533
cnf/sudoku/top870.sdk.txt/32.txt,Grab First,111,109,12013,729,25,221,221,2.7122671604156494
cnf/sudoku/top870.sdk.txt/778.txt,Grab First,10,7,12011,729,23,18,18,1.0416438579559326
cnf/sudoku/top870.sdk.txt/195.txt,Grab First,250,245,12009,729,21,496,496,6.429459571838379
cnf/sudoku/top870.sdk.txt/400.txt,Grab First,88,83,12012,729,24,172,172,2.5603268146514893
cnf/sudoku/top870.sdk.txt/208.txt,Grab First,104,101,12012,729,24,206,206,2.7154934406280518
cnf/sudoku/top870.sdk.txt/851.txt,Grab First,22,19,12014,729,26,42,42,1.338068962097168
cnf/sudoku/top870.sdk.txt/816.txt,Grab First,18,11,12010,729,22,30,30,1.1470966339111328
cnf/sudoku/top870.sdk.txt/154.txt,Grab First,44,39,12012,729,24,84,84,1.5678040981292725
cnf/sudoku/top870.sdk.txt/244.txt,Grab First,126,117,12005,729,17,244,244,2.807762861251831
cnf/sudoku/top870.sdk.txt/546.txt,Grab First,33,31,12011,729,23,65,65,1.5711560249328613
cnf/sudoku/top870.sdk.txt/30.txt,Grab First,56,47,12011,729,23,104,104,1.8744356632232666
cnf/sudoku/top870.sdk.txt/141.txt,Grab First,76,64,12010,729,22,141,141,1.843822717666626
cnf/sudoku/top870.sdk.txt/734.txt,Grab First,102,101,12010,729,22,204,204,2.4162633419036865
cnf/sudoku/top870.sdk.txt/701.txt,Grab First,38,34,12013,729,25,73,73,1.427344799041748
cnf/sudoku/top870.sdk.txt/483.txt,Grab First,25,20,12011,729,23,46,46,1.378875494003296
cnf/sudoku/top870.sdk.txt/320.txt,Grab First,205,203,12011,729,23,409,409,5.992459535598755
cnf/sudoku/top870.sdk.txt/172.txt,Grab First,35,34,12012,729,24,70,70,1.805492877960205
cnf/sudoku/top870.sdk.txt/183.txt,Grab First,33,31,12011,729,23,65,65,1.6965742111206055
cnf/sudoku/top870.sdk.txt/127.txt,Grab First,222,215,12012,729,24,438,438,5.102416038513184
cnf/sudoku/top870.sdk.txt/758.txt,Grab First,15,12,12011,729,23,28,28,1.257939338684082
cnf/sudoku/top870.sdk.txt/566.txt,Grab First,62,59,12011,729,23,122,122,1.7987074851989746
cnf/sudoku/top870.sdk.txt/24.txt,Grab First,1,0,12005,729,17,2,2,0.9641716480255127
cnf/sudoku/top870.sdk.txt/586.txt,Grab First,49,43,12012,729,24,93,93,1.5050048828125
cnf/sudoku/top870.sdk.txt/412.txt,Grab First,48,45,12011,729,23,94,94,1.8372695446014404
cnf/sudoku/top870.sdk.txt/256.txt,Grab First,7,2,12012,729,24,10,10,1.0493016242980957
cnf/sudoku/top870.sdk.txt/191.txt,Grab First,54,48,12011,729,23,103,103,1.6417198181152344
cnf/sudoku/top870.sdk.txt/749.txt,Grab First,9,5,12010,729,22,15,15,1.1187653541564941
cnf/sudoku/top870.sdk.txt/179.txt,Grab First,107,107,12011,729,23,215,215,3.067380428314209
cnf/sudoku/top870.sdk.txt/490.txt,Grab First,18,14,12012,729,24,33,33,1.2769837379455566
cnf/sudoku/top870.sdk.txt/280.txt,Grab First,48,44,12012,729,24,93,93,1.9482448101043701
cnf/sudoku/top870.sdk.txt/863.txt,Grab First,11,6,12012,729,24,18,18,1.0660672187805176
cnf/sudoku/top870.sdk.txt/359.txt,Grab First,155,150,12011,729,23,306,306,3.231806993484497
cnf/sudoku/top870.sdk.txt/777.txt,Grab First,10,5,12013,729,25,16,16,1.1344974040985107
cnf/sudoku/top870.sdk.txt/766.txt,Grab First,54,48,12010,729,22,103,103,2.0504674911499023
cnf/sudoku/top870.sdk.txt/317.txt,Grab First,20,18,12010,729,22,39,39,1.4178190231323242
cnf/sudoku/top870.sdk.txt/515.txt,Grab First,89,86,12010,729,22,176,176,3.0601344108581543
cnf/sudoku/top870.sdk.txt/699.txt,Grab First,55,54,12012,729,24,110,110,1.8902549743652344
cnf/sudoku/top870.sdk.txt/39.txt,Grab First,325,319,12005,729,17,645,645,5.817119121551514
cnf/sudoku/top870.sdk.txt/383.txt,Grab First,67,61,12012,729,24,129,129,2.334651470184326
cnf/sudoku/top870.sdk.txt/525.txt,Grab First,17,11,12012,729,24,29,29,1.2502355575561523
cnf/sudoku/top870.sdk.txt/440.txt,Grab First,75,72,12011,729,23,148,148,2.3670737743377686
cnf/sudoku/top870.sdk.txt/532.txt,Grab First,53,50,12011,729,23,104,104,1.845996379852295
cnf/sudoku/top870.sdk.txt/354.txt,Grab First,42,39,12011,729,23,82,82,1.5229988098144531
cnf/sudoku/top870.sdk.txt/784.txt,Grab First,39,35,12009,729,21,75,75,1.5520579814910889
cnf/sudoku/top870.sdk.txt/432.txt,Grab First,78,72,12011,729,23,151,151,2.49116587638855
cnf/sudoku/top870.sdk.txt/100.txt,Grab First,36,29,12011,729,23,66,66,1.5395965576171875
cnf/sudoku/top870.sdk.txt/834.txt,Grab First,20,19,12011,729,23,40,40,1.2861778736114502
cnf/sudoku/top870.sdk.txt/795.txt,Grab First,41,39,12011,729,23,81,81,1.558478593826294
cnf/sudoku/top870.sdk.txt/667.txt,Grab First,34,31,12015,729,27,66,66,1.3856289386749268
cnf/sudoku/top870.sdk.txt/93.txt,Grab First,37,29,12013,729,25,67,67,1.7470521926879883
cnf/sudoku/top870.sdk.txt/157.txt,Grab First,159,153,12011,729,23,313,313,3.2481348514556885
cnf/sudoku/top870.sdk.txt/151.txt,Grab First,85,82,12013,729,25,168,168,2.389786958694458
cnf/sudoku/top870.sdk.txt/342.txt,Grab First,122,109,12005,729,17,232,232,3.27083158493042
cnf/sudoku/top870.sdk.txt/28.txt,Grab First,145,143,12010,729,22,289,289,2.9546968936920166
cnf/sudoku/top870.sdk.txt/780.txt,Grab First,2,0,12014,729,26,3,3,0.9923810958862305
cnf/sudoku/top870.sdk.txt/736.txt,Grab First,16,15,12013,729,25,32,32,1.2029762268066406
cnf/sudoku/top870.sdk.txt/632.txt,Grab First,41,40,12012,729,24,82,82,1.4712615013122559
cnf/sudoku/top870.sdk.txt/99.txt,Grab First,269,262,12009,729,21,532,532,6.916525363922119
cnf/sudoku/top870.sdk.txt/108.txt,Grab First,68,65,12005,729,17,134,134,2.042773723602295
cnf/sudoku/top870.sdk.txt/768.txt,Grab First,26,21,12012,729,24,48,48,1.4007031917572021
cnf/sudoku/top870.sdk.txt/33.txt,Grab First,156,155,12010,729,22,312,312,3.9273557662963867
cnf/sudoku/top870.sdk.txt/849.txt,Grab First,74,74,12011,729,23,149,149,2.2718327045440674
cnf/sudoku/top870.sdk.txt/352.txt,Grab First,31,27,12011,729,23,59,59,1.4189517498016357
cnf/sudoku/top870.sdk.txt/162.txt,Grab First,67,65,12012,729,24,133,133,1.819612741470337
cnf/sudoku/top870.sdk.txt/595.txt,Grab First,43,39,12012,729,24,83,83,1.7217774391174316
cnf/sudoku/top870.sdk.txt/87.txt,Grab First,28,21,12011,729,23,50,50,1.3915369510650635
cnf/sudoku/top870.sdk.txt/136.txt,Grab First,31,30,12009,729,21,62,62,1.3890419006347656
cnf/sudoku/top870.sdk.txt/818.txt,Grab First,24,22,12013,729,25,47,47,1.3761327266693115
cnf/sudoku/top870.sdk.txt/735.txt,Grab First,52,48,12012,729,24,101,101,1.7539267539978027
cnf/sudoku/top870.sdk.txt/332.txt,Grab First,13,5,12012,729,24,19,19,1.1666264533996582
cnf/sudoku/top870.sdk.txt/480.txt,Grab First,5,5,12010,729,22,11,11,1.2701530456542969
cnf/sudoku/top870.sdk.txt/423.txt,Grab First,13,10,12011,729,23,24,24,1.1501514911651611
cnf/sudoku/top870.sdk.txt/391.txt,Grab First,57,52,12005,729,17,110,110,1.6994152069091797
cnf/sudoku/top870.sdk.txt/336.txt,Grab First,27,20,12012,729,24,48,48,1.2483181953430176
cnf/sudoku/top870.sdk.txt/541.txt,Grab First,30,25,12011,729,23,56,56,1.571570634841919
cnf/sudoku/top870.sdk.txt/866.txt,Grab First,80,80,12012,729,24,161,161,2.3331079483032227
cnf/sudoku/top870.sdk.txt/214.txt,Grab First,8,0,12010,729,22,9,9,1.0675199031829834
cnf/sudoku/top870.sdk.txt/319.txt,Grab First,11,4,12012,729,24,16,16,1.0379180908203125
cnf/sudoku/top870.sdk.txt/417.txt,Grab First,31,24,12011,729,23,56,56,1.4251389503479004
cnf/sudoku/top870.sdk.txt/292.txt,Grab First,8,3,12012,729,24,12,12,1.058741569519043
cnf/sudoku/top870.sdk.txt/94.txt,Grab First,9,8,12012,729,24,18,18,1.3641173839569092
cnf/sudoku/top870.sdk.txt/756.txt,Grab First,9,4,12012,729,24,14,14,1.133378267288208
cnf/sudoku/top870.sdk.txt/379.txt,Grab First,35,26,12013,729,25,62,62,1.452085018157959
cnf/sudoku/top870.sdk.txt/637.txt,Grab First,5,2,12011,729,23,8,8,1.0207397937774658
cnf/sudoku/top870.sdk.txt/27.txt,Grab First,276,274,12005,729,17,551,551,5.792231321334839
cnf/sudoku/top870.sdk.txt/174.txt,Grab First,47,43,12013,729,25,91,91,1.7128510475158691
cnf/sudoku/top870.sdk.txt/424.txt,Grab First,44,39,12009,729,21,84,84,1.3925440311431885
cnf/sudoku/top870.sdk.txt/346.txt,Grab First,45,39,12011,729,23,85,85,1.5431771278381348
cnf/sudoku/top870.sdk.txt/453.txt,Grab First,134,132,12011,729,23,267,267,3.5988852977752686
cnf/sudoku/top870.sdk.txt/114.txt,Grab First,10,5,12011,729,23,16,16,1.1456949710845947
cnf/sudoku/top870.sdk.txt/147.txt,Grab First,95,89,12010,729,22,185,185,2.374943971633911
cnf/sudoku/top870.sdk.txt/325.txt,Grab First,23,22,12011,729,23,46,46,1.2781448364257812
cnf/sudoku/top870.sdk.txt/482.txt,Grab First,29,26,12012,729,24,56,56,1.3692538738250732
cnf/sudoku/top870.sdk.txt/182.txt,Grab First,12,9,12012,729,24,22,22,1.1193969249725342
cnf/sudoku/top870.sdk.txt/77.txt,Grab First,158,155,12012,729,24,314,314,3.692903518676758
cnf/sudoku/top870.sdk.txt/782.txt,Grab First,109,103,12005,729,17,213,213,3.196913957595825
cnf/sudoku/top870.sdk.txt/21.txt,Grab First,112,109,12005,729,17,222,222,2.965728521347046
cnf/sudoku/top870.sdk.txt/743.txt,Grab First,66,66,12014,729,26,133,133,1.6868665218353271
cnf/sudoku/top870.sdk.txt/430.txt,Grab First,47,42,12010,729,22,90,90,2.054837703704834
cnf/sudoku/top870.sdk.txt/655.txt,Grab First,62,61,12010,729,22,124,124,2.0689971446990967
cnf/sudoku/top870.sdk.txt/608.txt,Grab First,33,27,12010,729,22,61,61,1.5643107891082764
cnf/sudoku/top870.sdk.txt/836.txt,Grab First,16,12,12014,729,26,29,29,1.4514963626861572
cnf/sudoku/top870.sdk.txt/844.txt,Grab First,53,47,12013,729,25,101,101,1.924086332321167
cnf/sudoku/top870.sdk.txt/781.txt,Grab First,11,7,12010,729,22,19,19,1.3897862434387207
cnf/sudoku/top870.sdk.txt/60.txt,Grab First,114,106,12011,729,23,221,221,3.3390016555786133
cnf/sudoku/top870.sdk.txt/406.txt,Grab First,3,1,12012,729,24,5,5,1.1796410083770752
cnf/sudoku/top870.sdk.txt/474.txt,Grab First,14,8,12011,729,23,23,23,1.1691761016845703
cnf/sudoku/top870.sdk.txt/73.txt,Grab First,112,99,12010,729,22,212,212,3.1469051837921143
cnf/sudoku/top870.sdk.txt/429.txt,Grab First,46,44,12012,729,24,91,91,1.8104932308197021
cnf/sudoku/top870.sdk.txt/109.txt,Grab First,63,61,12009,729,21,125,125,2.1041648387908936
cnf/sudoku/top870.sdk.txt/659.txt,Grab First,22,18,12011,729,23,41,41,1.3998537063598633
cnf/sudoku/top870.sdk.txt/427.txt,Grab First,25,20,12012,729,24,46,46,1.2830901145935059
cnf/sudoku/top870.sdk.txt/49.txt,Grab First,142,140,12005,729,17,283,283,3.1845924854278564
cnf/sudoku/top870.sdk.txt/361.txt,Grab First,1,0,12011,729,23,2,2,1.0103693008422852
cnf/sudoku/top870.sdk.txt/421.txt,Grab First,76,73,12011,729,23,150,150,2.1980698108673096
cnf/sudoku/top870.sdk.txt/689.txt,Grab First,108,105,12011,729,23,214,214,3.5237181186676025
cnf/sudoku/top870.sdk.txt/729.txt,Grab First,4,0,12012,729,24,5,5,1.021181583404541
cnf/sudoku/top870.sdk.txt/746.txt,Grab First,31,26,12011,729,23,58,58,1.461580753326416
cnf/sudoku/top870.sdk.txt/428.txt,Grab First,98,94,12011,729,23,193,193,3.0525553226470947
cnf/sudoku/top870.sdk.txt/145.txt,Grab First,44,35,12012,729,24,80,80,1.7232921123504639
cnf/sudoku/top870.sdk.txt/672.txt,Grab First,14,10,12013,729,25,25,25,1.233297348022461
cnf/sudoku/top870.sdk.txt/803.txt,Grab First,38,35,12014,729,26,74,74,1.6144089698791504
cnf/sudoku/top870.sdk.txt/36.txt,Grab First,87,84,12012,729,24,172,172,2.3035595417022705
cnf/sudoku/top870.sdk.txt/394.txt,Grab First,27,23,12012,729,24,51,51,1.3928565979003906
cnf/sudoku/top870.sdk.txt/603.txt,Grab First,85,82,12012,729,24,168,168,2.8267688751220703
cnf/sudoku/top870.sdk.txt/419.txt,Grab First,112,112,12011,729,23,225,225,3.3628735542297363
cnf/sudoku/top870.sdk.txt/594.txt,Grab First,5,3,12012,729,24,9,9,1.0740766525268555
cnf/sudoku/top870.sdk.txt/76.txt,Grab First,130,127,12011,729,23,258,258,3.582077980041504
cnf/sudoku/top870.sdk.txt/754.txt,Grab First,32,28,12005,729,17,61,61,1.5083973407745361
cnf/sudoku/top870.sdk.txt/15.txt,Grab First,157,153,12010,729,22,311,311,3.1026408672332764
cnf/sudoku/top870.sdk.txt/695.txt,Grab First,24,23,12012,729,24,48,48,1.4908838272094727
cnf/sudoku/top870.sdk.txt/674.txt,Grab First,65,59,12010,729,22,125,125,1.9018025398254395
cnf/sudoku/top870.sdk.txt/855.txt,Grab First,29,24,12012,729,24,54,54,1.5405359268188477
cnf/sudoku/top870.sdk.txt/822.txt,Grab First,49,47,12012,729,24,97,97,1.8302252292633057
cnf/sudoku/top870.sdk.txt/555.txt,Grab First,8,6,12013,729,25,15,15,1.0641701221466064
cnf/sudoku/top870.sdk.txt/776.txt,Grab First,44,44,12012,729,24,89,89,1.6806857585906982
cnf/sudoku/top870.sdk.txt/797.txt,Grab First,15,13,12009,729,21,29,29,1.1023716926574707
cnf/sudoku/top870.sdk.txt/574.txt,Grab First,39,36,12013,729,25,76,76,1.624770164489746
cnf/sudoku/top870.sdk.txt/606.txt,Grab First,73,70,12011,729,23,144,144,2.3108320236206055
cnf/sudoku/top870.sdk.txt/326.txt,Grab First,101,96,12011,729,23,198,198,2.3922019004821777
cnf/sudoku/top870.sdk.txt/409.txt,Grab First,59,54,12010,729,22,114,114,1.7428274154663086
cnf/sudoku/top870.sdk.txt/560.txt,Grab First,58,56,12011,729,23,115,115,1.6732916831970215
cnf/sudoku/top870.sdk.txt/123.txt,Grab First,31,19,12007,729,19,51,51,1.4986424446105957
cnf/sudoku/top870.sdk.txt/315.txt,Grab First,4,2,12012,729,24,7,7,1.0763633251190186
cnf/sudoku/top870.sdk.txt/801.txt,Grab First,66,61,12011,729,23,128,128,2.1094419956207275
cnf/sudoku/top870.sdk.txt/752.txt,Grab First,3,3,12009,729,21,7,7,1.0614171028137207
cnf/sudoku/top870.sdk.txt/95.txt,Grab First,131,125,12012,729,24,257,257,3.0662591457366943
cnf/sudoku/top870.sdk.txt/694.txt,Grab First,38,33,12011,729,23,72,72,1.5668303966522217
cnf/sudoku/top870.sdk.txt/652.txt,Grab First,16,12,12011,729,23,29,29,1.2753567695617676
cnf/sudoku/top870.sdk.txt/438.txt,Grab First,65,63,12011,729,23,129,129,2.0618362426757812
cnf/sudoku/top870.sdk.txt/658.txt,Grab First,25,23,12011,729,23,49,49,1.5229387283325195
cnf/sudoku/top870.sdk.txt/858.txt,Grab First,54,47,12012,729,24,102,102,1.8632125854492188
cnf/sudoku/top870.sdk.txt/81.txt,Grab First,64,58,12005,729,17,123,123,2.3620543479919434
cnf/sudoku/top870.sdk.txt/348.txt,Grab First,50,43,12011,729,23,94,94,1.6042547225952148
cnf/sudoku/top870.sdk.txt/861.txt,Grab First,47,44,12009,729,21,92,92,2.13209867477417
cnf/sudoku/top870.sdk.txt/516.txt,Grab First,3,1,12010,729,22,5,5,1.0557072162628174
cnf/sudoku/top870.sdk.txt/372.txt,Grab First,121,119,12011,729,23,241,241,3.0858726501464844
cnf/sudoku/top870.sdk.txt/126.txt,Grab First,63,55,12011,729,23,119,119,1.8080694675445557
cnf/sudoku/top870.sdk.txt/250.txt,Grab First,43,38,12011,729,23,82,82,1.4899721145629883
cnf/sudoku/top870.sdk.txt/279.txt,Grab First,50,48,12012,729,24,99,99,1.9344618320465088
cnf/sudoku/top870.sdk.txt/266.txt,Grab First,40,31,12011,729,23,72,72,1.6399846076965332
cnf/sudoku/top870.sdk.txt/389.txt,Grab First,55,46,12013,729,25,102,102,1.7209539413452148
cnf/sudoku/top870.sdk.txt/331.txt,Grab First,135,128,12011,729,23,264,264,3.2764689922332764
cnf/sudoku/top870.sdk.txt/620.txt,Grab First,42,40,12011,729,23,83,83,1.5807366371154785
cnf/sudoku/top870.sdk.txt/418.txt,Grab First,15,13,12011,729,23,29,29,1.2264177799224854
cnf/sudoku/top870.sdk.txt/825.txt,Grab First,16,5,12013,729,25,22,22,1.2001233100891113
cnf/sudoku/top870.sdk.txt/333.txt,Grab First,54,50,12009,729,21,105,105,1.6138644218444824
cnf/sudoku/top870.sdk.txt/794.txt,Grab First,44,39,12013,729,25,84,84,1.7762455940246582
cnf/sudoku/top870.sdk.txt/426.txt,Grab First,43,43,12013,729,25,87,87,1.8970189094543457
cnf/sudoku/top870.sdk.txt/399.txt,Grab First,15,9,12010,729,22,25,25,1.131072759628296
cnf/sudoku/top870.sdk.txt/470.txt,Grab First,35,32,12013,729,25,68,68,1.366079568862915
cnf/sudoku/top870.sdk.txt/646.txt,Grab First,19,16,12014,729,26,36,36,1.2640113830566406
cnf/sudoku/top870.sdk.txt/40.txt,Grab First,136,127,12005,729,17,264,264,3.149824857711792
cnf/sudoku/top870.sdk.txt/314.txt,Grab First,12,8,12010,729,22,21,21,1.1117799282073975
cnf/sudoku/top870.sdk.txt/184.txt,Grab First,5,1,12005,729,17,7,7,1.02880859375
cnf/sudoku/top870.sdk.txt/72.txt,Grab First,129,124,12011,729,23,254,254,3.294252872467041
cnf/sudoku/top870.sdk.txt/282.txt,Grab First,274,266,12008,729,20,541,541,7.349969863891602
cnf/sudoku/top870.sdk.txt/437.txt,Grab First,111,111,12009,729,21,223,223,2.9788403511047363
cnf/sudoku/top870.sdk.txt/737.txt,Grab First,25,19,12013,729,25,45,45,1.4694187641143799
cnf/sudoku/top870.sdk.txt/540.txt,Grab First,24,18,12011,729,23,43,43,1.336850881576538
cnf/sudoku/top870.sdk.txt/677.txt,Grab First,127,127,12011,729,23,255,255,3.8225414752960205
cnf/sudoku/top870.sdk.txt/717.txt,Grab First,6,0,12012,729,24,7,7,0.9977767467498779
cnf/sudoku/top870.sdk.txt/593.txt,Grab First,40,33,12010,729,22,74,74,1.6211316585540771
cnf/sudoku/top870.sdk.txt/101.txt,Grab First,114,110,12010,729,22,225,225,2.6756856441497803
cnf/sudoku/top870.sdk.txt/452.txt,Grab First,77,71,12009,729,21,149,149,2.4609532356262207
cnf/sudoku/top870.sdk.txt/621.txt,Grab First,14,5,12012,729,24,20,20,1.034945011138916
cnf/sudoku/top870.sdk.txt/626.txt,Grab First,18,13,12014,729,26,32,32,1.3269574642181396
cnf/sudoku/top870.sdk.txt/267.txt,Grab First,47,38,12012,729,24,86,86,1.6535835266113281
cnf/sudoku/top870.sdk.txt/4.txt,Grab First,311,307,12010,729,22,619,619,7.013354063034058
cnf/sudoku/top870.sdk.txt/88.txt,Grab First,99,99,12011,729,23,199,199,3.3888442516326904
cnf/sudoku/top870.sdk.txt/260.txt,Grab First,34,25,12010,729,22,60,60,1.5548577308654785
cnf/sudoku/top870.sdk.txt/79.txt,Grab First,111,111,12012,729,24,223,223,2.8430182933807373
cnf/sudoku/top870.sdk.txt/467.txt,Grab First,142,137,12012,729,24,280,280,3.173719882965088
cnf/sudoku/top870.sdk.txt/201.txt,Grab First,19,14,12012,729,24,34,34,1.2646961212158203
cnf/sudoku/top870.sdk.txt/867.txt,Grab First,199,191,12010,729,22,391,391,4.3906238079071045
cnf/sudoku/top870.sdk.txt/476.txt,Grab First,80,77,12005,729,17,158,158,2.0054197311401367
cnf/sudoku/top870.sdk.txt/565.txt,Grab First,39,33,12010,729,22,73,73,1.4168365001678467
cnf/sudoku/top870.sdk.txt/347.txt,Grab First,49,45,12011,729,23,95,95,1.6386475563049316
cnf/sudoku/top870.sdk.txt/338.txt,Grab First,63,56,12011,729,23,120,120,1.8459606170654297
cnf/sudoku/top870.sdk.txt/847.txt,Grab First,106,104,12010,729,22,211,211,2.938328266143799
cnf/sudoku/top870.sdk.txt/478.txt,Grab First,4,1,12013,729,25,6,6,1.01359224319458
cnf/sudoku/top870.sdk.txt/808.txt,Grab First,10,4,12012,729,24,15,15,1.0469810962677002
cnf/sudoku/top870.sdk.txt/498.txt,Grab First,100,97,12011,729,23,198,198,2.8035271167755127
cnf/sudoku/top870.sdk.txt/813.txt,Grab First,139,136,12012,729,24,276,276,3.5025246143341064
cnf/sudoku/top870.sdk.txt/311.txt,Grab First,47,43,12013,729,25,91,91,1.616941213607788
cnf/sudoku/top870.sdk.txt/817.txt,Grab First,131,125,12011,729,23,257,257,2.9135921001434326
cnf/sudoku/top870.sdk.txt/55.txt,Grab First,53,50,12012,729,24,104,104,1.583070993423462
cnf/sudoku/top870.sdk.txt/494.txt,Grab First,14,11,12010,729,22,26,26,1.1519582271575928
cnf/sudoku/top870.sdk.txt/206.txt,Grab First,21,19,12011,729,23,41,41,1.2665150165557861
cnf/sudoku/top870.sdk.txt/789.txt,Grab First,114,105,12011,729,23,220,220,2.7661452293395996
cnf/sudoku/top870.sdk.txt/152.txt,Grab First,714,706,12005,729,17,1421,1421,14.031759977340698
cnf/sudoku/top870.sdk.txt/5.txt,Grab First,900,889,12005,729,17,1790,1790,16.301223516464233
cnf/sudoku/top870.sdk.txt/50.txt,Grab First,135,132,12013,729,25,268,268,3.380117177963257
cnf/sudoku/top870.sdk.txt/800.txt,Grab First,9,6,12012,729,24,16,16,1.004023551940918
cnf/sudoku/top870.sdk.txt/80.txt,Grab First,62,56,12013,729,25,119,119,1.5370078086853027
cnf/sudoku/top870.sdk.txt/625.txt,Grab First,27,25,12005,729,17,53,53,1.34230637550354
cnf/sudoku/top870.sdk.txt/739.txt,Grab First,63,61,12011,729,23,125,125,1.9201178550720215
cnf/sudoku/top870.sdk.txt/46.txt,Grab First,223,215,12012,729,24,439,439,5.244967222213745
cnf/sudoku/top870.sdk.txt/113.txt,Grab First,37,34,12013,729,25,72,72,1.7260682582855225
cnf/sudoku/top870.sdk.txt/366.txt,Grab First,12,8,12012,729,24,21,21,1.050257682800293
cnf/sudoku/top870.sdk.txt/125.txt,Grab First,41,37,12011,729,23,79,79,1.494398593902588
cnf/sudoku/top870.sdk.txt/796.txt,Grab First,19,16,12011,729,23,36,36,1.256981372833252
cnf/sudoku/top870.sdk.txt/806.txt,Grab First,45,42,12013,729,25,88,88,1.5799860954284668
cnf/sudoku/top870.sdk.txt/205.txt,Grab First,22,18,12011,729,23,41,41,1.3849976062774658
cnf/sudoku/top870.sdk.txt/192.txt,Grab First,50,46,12011,729,23,97,97,1.6888391971588135
cnf/sudoku/top870.sdk.txt/571.txt,Grab First,16,10,12010,729,22,27,27,1.2593436241149902
cnf/sudoku/top870.sdk.txt/186.txt,Grab First,16,10,12011,729,23,27,27,1.105250597000122
cnf/sudoku/top870.sdk.txt/373.txt,Grab First,7,5,12011,729,23,13,13,1.151174545288086
cnf/sudoku/top870.sdk.txt/597.txt,Grab First,45,44,12011,729,23,90,90,1.5511705875396729
cnf/sudoku/top870.sdk.txt/300.txt,Grab First,128,123,12010,729,22,252,252,3.2040858268737793
cnf/sudoku/top870.sdk.txt/714.txt,Grab First,37,33,12011,729,23,71,71,1.953972339630127
cnf/sudoku/top870.sdk.txt/446.txt,Grab First,16,8,12012,729,24,25,25,1.3474915027618408
cnf/sudoku/top870.sdk.txt/52.txt,Grab First,36,33,12005,729,17,70,70,1.8227815628051758
cnf/sudoku/top870.sdk.txt/163.txt,Grab First,313,310,12005,729,17,624,624,7.820254802703857
cnf/sudoku/top870.sdk.txt/308.txt,Grab First,99,96,12012,729,24,196,196,2.8812477588653564
cnf/sudoku/top870.sdk.txt/307.txt,Grab First,82,76,12012,729,24,159,159,2.29192852973938
cnf/sudoku/top870.sdk.txt/222.txt,Grab First,29,22,12005,729,17,52,52,1.4441652297973633
cnf/sudoku/top870.sdk.txt/683.txt,Grab First,54,52,12011,729,23,107,107,1.7563982009887695
cnf/sudoku/top870.sdk.txt/703.txt,Grab First,49,44,12012,729,24,94,94,1.7066683769226074
cnf/sudoku/top870.sdk.txt/384.txt,Grab First,2,1,12012,729,24,4,4,1.0273871421813965
cnf/sudoku/top870.sdk.txt/731.txt,Grab First,14,7,12012,729,24,22,22,1.2247402667999268
cnf/sudoku/top870.sdk.txt/799.txt,Grab First,27,20,12012,729,24,48,48,1.3431391716003418
cnf/sudoku/top870.sdk.txt/303.txt,Grab First,239,235,12010,729,22,475,475,6.111472845077515
cnf/sudoku/top870.sdk.txt/130.txt,Grab First,98,98,12011,729,23,197,197,2.6752750873565674
cnf/sudoku/top870.sdk.txt/401.txt,Grab First,7,2,12011,729,23,10,10,1.093733310699463
cnf/sudoku/top870.sdk.txt/262.txt,Grab First,39,35,12011,729,23,75,75,1.7910358905792236
cnf/sudoku/top870.sdk.txt/707.txt,Grab First,104,97,12010,729,22,202,202,2.6290230751037598
cnf/sudoku/top870.sdk.txt/227.txt,Grab First,18,12,12011,729,23,31,31,1.167527198791504
cnf/sudoku/top870.sdk.txt/29.txt,Grab First,46,36,12012,729,24,83,83,1.7041776180267334
cnf/sudoku/top870.sdk.txt/107.txt,Grab First,55,51,12012,729,24,107,107,1.8832218647003174
cnf/sudoku/top870.sdk.txt/843.txt,Grab First,311,304,12005,729,17,616,616,6.962831020355225
cnf/sudoku/top870.sdk.txt/202.txt,Grab First,51,41,12012,729,24,93,93,2.008323907852173
cnf/sudoku/top870.sdk.txt/377.txt,Grab First,62,56,12005,729,17,119,119,1.856311321258545
cnf/sudoku/top870.sdk.txt/138.txt,Grab First,74,68,12007,729,19,143,143,2.22813081741333
cnf/sudoku/top870.sdk.txt/464.txt,Grab First,8,2,12014,729,26,11,11,1.0761709213256836
cnf/sudoku/top870.sdk.txt/236.txt,Grab First,133,129,12010,729,22,263,263,3.5615081787109375
cnf/sudoku/top870.sdk.txt/665.txt,Grab First,41,39,12012,729,24,81,81,1.5177152156829834
cnf/sudoku/top870.sdk.txt/150.txt,Grab First,70,69,12014,729,26,140,140,2.029191493988037
cnf/sudoku/top870.sdk.txt/45.txt,Grab First,29,25,12010,729,22,55,55,1.4656016826629639
cnf/sudoku/top870.sdk.txt/142.txt,Grab First,1003,997,12005,729,17,2001,2001,21.289754390716553
cnf/sudoku/top870.sdk.txt/457.txt,Grab First,49,44,12011,729,23,94,94,1.6620287895202637
cnf/sudoku/top870.sdk.txt/831.txt,Grab First,13,10,12014,729,26,24,24,1.2815260887145996
cnf/sudoku/top870.sdk.txt/64.txt,Grab First,91,83,12011,729,23,175,175,2.6718268394470215
cnf/sudoku/top870.sdk.txt/3.txt,Grab First,119,114,12005,729,17,234,234,3.144724130630493
cnf/sudoku/top870.sdk.txt/102.txt,Grab First,273,272,12010,729,22,546,546,5.643965482711792
cnf/sudoku/top870.sdk.txt/96.txt,Grab First,78,64,12012,729,24,143,143,1.995894193649292
cnf/sudoku/top870.sdk.txt/804.txt,Grab First,49,44,12011,729,23,94,94,1.6951916217803955
cnf/sudoku/top870.sdk.txt/852.txt,Grab First,15,10,12011,729,23,26,26,1.1809799671173096
cnf/sudoku/top870.sdk.txt/286.txt,Grab First,59,57,12012,729,24,117,117,1.9282541275024414
cnf/sudoku/top870.sdk.txt/283.txt,Grab First,92,90,12005,729,17,183,183,2.264969825744629
cnf/sudoku/top870.sdk.txt/511.txt,Grab First,46,42,12011,729,23,89,89,1.6264057159423828
cnf/sudoku/top870.sdk.txt/748.txt,Grab First,40,36,12014,729,26,77,77,1.6323177814483643
cnf/sudoku/top870.sdk.txt/832.txt,Grab First,35,34,12013,729,25,70,70,1.5630719661712646
cnf/sudoku/top870.sdk.txt/38.txt,Grab First,65,60,12005,729,17,126,126,2.1791915893554688
cnf/sudoku/top870.sdk.txt/134.txt,Grab First,49,40,12013,729,25,90,90,1.686216115951538
cnf/sudoku/top870.sdk.txt/669.txt,Grab First,35,33,12012,729,24,69,69,1.407050371170044
cnf/sudoku/top870.sdk.txt/635.txt,Grab First,53,53,12011,729,23,107,107,1.9290640354156494
cnf/sudoku/top870.sdk.txt/358.txt,Grab First,77,74,12012,729,24,152,152,2.2527501583099365
cnf/sudoku/top870.sdk.txt/640.txt,Grab First,13,9,12010,729,22,23,23,1.2778122425079346
cnf/sudoku/top870.sdk.txt/530.txt,Grab First,105,100,12011,729,23,206,206,2.198174476623535
cnf/sudoku/top870.sdk.txt/705.txt,Grab First,10,7,12012,729,24,18,18,1.19189453125
cnf/sudoku/top870.sdk.txt/660.txt,Grab First,37,32,12011,729,23,70,70,1.7784605026245117
cnf/sudoku/top870.sdk.txt/363.txt,Grab First,51,50,12010,729,22,102,102,2.3164682388305664
cnf/sudoku/top870.sdk.txt/0.txt,Grab First,521,510,12005,729,17,1032,1032,10.08521819114685
cnf/sudoku/top870.sdk.txt/618.txt,Grab First,78,73,12010,729,22,152,152,1.925614595413208
cnf/sudoku/top870.sdk.txt/103.txt,Grab First,61,54,12005,729,17,116,116,1.7166848182678223
cnf/sudoku/top870.sdk.txt/568.txt,Grab First,91,89,12011,729,23,181,181,2.5118484497070312
cnf/sudoku/top870.sdk.txt/360.txt,Grab First,12,4,12013,729,25,17,17,1.0991625785827637
cnf/sudoku/top870.sdk.txt/269.txt,Grab First,12,5,12012,729,24,18,18,1.133859634399414
cnf/sudoku/top870.sdk.txt/477.txt,Grab First,17,15,12013,729,25,33,33,1.31156325340271
cnf/sudoku/top870.sdk.txt/375.txt,Grab First,18,10,12012,729,24,29,29,1.364506483078003
cnf/sudoku/top870.sdk.txt/374.txt,Grab First,20,16,12011,729,23,37,37,1.223816156387329
cnf/sudoku/top870.sdk.txt/273.txt,Grab First,73,68,12010,729,22,142,142,1.959383487701416
cnf/sudoku/top870.sdk.txt/507.txt,Grab First,7,4,12010,729,22,12,12,1.0776290893554688
cnf/sudoku/top870.sdk.txt/458.txt,Grab First,62,61,12011,729,23,124,124,2.3135735988616943
cnf/sudoku/top870.sdk.txt/812.txt,Grab First,60,57,12015,729,27,118,118,1.7907593250274658
cnf/sudoku/top870.sdk.txt/188.txt,Grab First,83,78,12009,729,21,162,162,2.4491641521453857
cnf/sudoku/top870.sdk.txt/306.txt,Grab First,85,84,12009,729,21,170,170,2.333014965057373
cnf/sudoku/top870.sdk.txt/210.txt,Grab First,788,781,12005,729,17,1570,1570,18.11367678642273
cnf/sudoku/top870.sdk.txt/26.txt,Grab First,182,171,12011,729,23,354,354,3.6380841732025146
cnf/sudoku/top870.sdk.txt/287.txt,Grab First,34,29,12011,729,23,64,64,1.4298958778381348
cnf/sudoku/top870.sdk.txt/770.txt,Grab First,77,73,12012,729,24,151,151,2.22921085357666
cnf/sudoku/top870.sdk.txt/148.txt,Grab First,100,91,12011,729,23,192,192,3.0444185733795166
cnf/sudoku/top870.sdk.txt/133.txt,Grab First,14,6,12011,729,23,21,21,1.1727080345153809
cnf/sudoku/top870.sdk.txt/246.txt,Grab First,127,127,12009,729,21,255,255,3.561145067214966
cnf/sudoku/top870.sdk.txt/580.txt,Grab First,7,3,12011,729,23,11,11,1.0176045894622803
cnf/sudoku/top870.sdk.txt/528.txt,Grab First,168,161,12011,729,23,330,330,3.5523345470428467
cnf/sudoku/top870.sdk.txt/293.txt,Grab First,107,103,12011,729,23,211,211,1.9396202564239502
cnf/sudoku/top870.sdk.txt/11.txt,Grab First,175,166,12005,729,17,342,342,3.876669406890869
cnf/sudoku/top870.sdk.txt/404.txt,Grab First,56,54,12011,729,23,111,111,1.7722861766815186
cnf/sudoku/top870.sdk.txt/842.txt,Grab First,42,39,12011,729,23,82,82,1.7033405303955078
cnf/sudoku/top870.sdk.txt/294.txt,Grab First,13,8,12013,729,25,22,22,1.2354557514190674
cnf/sudoku/top870.sdk.txt/112.txt,Grab First,259,256,12005,729,17,516,516,4.154922962188721
cnf/sudoku/top870.sdk.txt/25.txt,Grab First,262,258,12011,729,23,521,521,5.096505880355835
cnf/sudoku/top870.sdk.txt/189.txt,Grab First,3,1,12011,729,23,5,5,1.0884926319122314
cnf/sudoku/top870.sdk.txt/489.txt,Grab First,10,7,12013,729,25,18,18,1.1221137046813965
cnf/sudoku/top870.sdk.txt/510.txt,Grab First,32,30,12012,729,24,63,63,1.775578260421753
cnf/sudoku/top870.sdk.txt/706.txt,Grab First,9,4,12010,729,22,14,14,1.120222568511963
cnf/sudoku/top870.sdk.txt/281.txt,Grab First,34,30,12012,729,24,65,65,1.4294836521148682
cnf/sudoku/top870.sdk.txt/180.txt,Grab First,92,86,12011,729,23,179,179,2.802619695663452
cnf/sudoku/top870.sdk.txt/556.txt,Grab First,31,24,12012,729,24,56,56,1.390718936920166
cnf/sudoku/top870.sdk.txt/316.txt,Grab First,36,33,12012,729,24,70,70,1.6662564277648926
cnf/sudoku/top870.sdk.txt/132.txt,Grab First,37,36,12010,729,22,74,74,1.6880552768707275
cnf/sudoku/top870.sdk.txt/232.txt,Grab First,3,1,12013,729,25,5,5,1.034090280532837
cnf/sudoku/top870.sdk.txt/553.txt,Grab First,24,21,12012,729,24,46,46,1.2949633598327637
cnf/sudoku/top870.sdk.txt/747.txt,Grab First,28,26,12013,729,25,55,55,1.435448169708252
cnf/sudoku/top870.sdk.txt/455.txt,Grab First,967,962,12005,729,17,1930,1930,21.938212871551514
cnf/sudoku/top870.sdk.txt/663.txt,Grab First,39,29,12012,729,24,69,69,1.3754549026489258
cnf/sudoku/top870.sdk.txt/450.txt,Grab First,98,94,12011,729,23,193,193,2.8881442546844482
cnf/sudoku/top870.sdk.txt/62.txt,Grab First,43,42,12012,729,24,86,86,1.5441596508026123
cnf/sudoku/top870.sdk.txt/829.txt,Grab First,23,19,12011,729,23,43,43,1.1679251194000244
cnf/sudoku/top870.sdk.txt/456.txt,Grab First,106,102,12011,729,23,209,209,2.7772624492645264
cnf/sudoku/top870.sdk.txt/605.txt,Grab First,30,24,12014,729,26,55,55,1.3542473316192627
cnf/sudoku/top870.sdk.txt/600.txt,Grab First,19,17,12011,729,23,37,37,1.1784629821777344
cnf/sudoku/top870.sdk.txt/741.txt,Grab First,44,41,12011,729,23,86,86,1.503202199935913
cnf/sudoku/top870.sdk.txt/408.txt,Grab First,17,13,12010,729,22,31,31,1.2398409843444824
cnf/sudoku/top870.sdk.txt/111.txt,Grab First,16,10,12011,729,23,27,27,1.121248722076416
cnf/sudoku/top870.sdk.txt/42.txt,Grab First,12,7,12011,729,23,20,20,1.1026618480682373
cnf/sudoku/top870.sdk.txt/259.txt,Grab First,74,69,12011,729,23,144,144,2.2448034286499023
cnf/sudoku/top870.sdk.txt/868.txt,Grab First,22,13,12012,729,24,36,36,1.3057563304901123
cnf/sudoku/top870.sdk.txt/362.txt,Grab First,258,251,12005,729,17,510,510,5.241758823394775
cnf/sudoku/top870.sdk.txt/534.txt,Grab First,23,16,12012,729,24,40,40,1.3454105854034424
cnf/sudoku/top870.sdk.txt/802.txt,Grab First,7,4,12013,729,25,12,12,1.06461501121521
cnf/sudoku/top870.sdk.txt/623.txt,Grab First,32,29,12012,729,24,62,62,1.4886958599090576
cnf/sudoku/top870.sdk.txt/305.txt,Grab First,61,60,12011,729,23,122,122,1.8322725296020508
cnf/sudoku/top870.sdk.txt/769.txt,Grab First,126,120,12011,729,23,247,247,3.2415101528167725
cnf/sudoku/top870.sdk.txt/196.txt,Grab First,6,2,12011,729,23,9,9,1.0914881229400635
cnf/sudoku/top870.sdk.txt/552.txt,Grab First,31,26,12013,729,25,58,58,1.3244609832763672
cnf/sudoku/top870.sdk.txt/661.txt,Grab First,117,116,12011,729,23,234,234,3.0811429023742676
cnf/sudoku/top870.sdk.txt/772.txt,Grab First,86,82,12011,729,23,169,169,2.5231845378875732
cnf/sudoku/top870.sdk.txt/629.txt,Grab First,30,26,12012,729,24,57,57,1.3920674324035645
cnf/sudoku/top870.sdk.txt/270.txt,Grab First,18,12,12010,729,22,31,31,1.1925647258758545
cnf/sudoku/top870.sdk.txt/337.txt,Grab First,156,147,12009,729,21,304,304,4.299767017364502
cnf/sudoku/top870.sdk.txt/34.txt,Grab First,265,265,12010,729,22,531,531,5.431610345840454
cnf/sudoku/top870.sdk.txt/178.txt,Grab First,6,4,12012,729,24,11,11,0.9899814128875732
cnf/sudoku/top870.sdk.txt/144.txt,Grab First,34,33,12010,729,22,68,68,1.3240180015563965
cnf/sudoku/top870.sdk.txt/233.txt,Grab First,27,23,12010,729,22,51,51,1.2615177631378174
cnf/sudoku/top870.sdk.txt/435.txt,Grab First,15,12,12012,729,24,28,28,1.1811366081237793
cnf/sudoku/top870.sdk.txt/341.txt,Grab First,49,44,12008,729,20,94,94,2.1904399394989014
cnf/sudoku/top870.sdk.txt/271.txt,Grab First,69,65,12012,729,24,135,135,1.8421647548675537
cnf/sudoku/top870.sdk.txt/445.txt,Grab First,75,73,12013,729,25,149,149,2.3093061447143555
cnf/sudoku/top870.sdk.txt/691.txt,Grab First,135,133,12011,729,23,269,269,3.237642765045166
cnf/sudoku/top870.sdk.txt/862.txt,Grab First,41,34,12013,729,25,76,76,1.6339726448059082
cnf/sudoku/top870.sdk.txt/258.txt,Grab First,4,2,12011,729,23,7,7,1.0814812183380127
cnf/sudoku/top870.sdk.txt/787.txt,Grab First,65,63,12012,729,24,129,129,2.078289747238159
cnf/sudoku/top870.sdk.txt/670.txt,Grab First,29,27,12011,729,23,57,57,1.271662950515747
cnf/sudoku/top870.sdk.txt/559.txt,Grab First,7,5,12012,729,24,13,13,1.1628992557525635
cnf/sudoku/top870.sdk.txt/681.txt,Grab First,54,50,12013,729,25,105,105,1.6532385349273682
cnf/sudoku/top870.sdk.txt/537.txt,Grab First,33,27,12011,729,23,61,61,1.5298943519592285
cnf/sudoku/top870.sdk.txt/65.txt,Grab First,154,149,12005,729,17,304,304,3.9744014739990234
cnf/sudoku/top870.sdk.txt/323.txt,Grab First,71,60,12012,729,24,132,132,1.897836446762085
cnf/sudoku/top870.sdk.txt/396.txt,Grab First,38,29,12012,729,24,68,68,1.471836805343628
cnf/sudoku/top870.sdk.txt/310.txt,Grab First,73,71,12011,729,23,145,145,1.9493696689605713
cnf/sudoku/top870.sdk.txt/641.txt,Grab First,8,3,12012,729,24,12,12,1.0374782085418701
cnf/sudoku/top870.sdk.txt/678.txt,Grab First,66,62,12009,729,21,129,129,2.074094295501709
cnf/sudoku/top870.sdk.txt/547.txt,Grab First,79,77,12010,729,22,157,157,2.4686696529388428
cnf/sudoku/top870.sdk.txt/177.txt,Grab First,200,197,12005,729,17,398,398,4.351288557052612
cnf/sudoku/top870.sdk.txt/98.txt,Grab First,38,31,12012,729,24,70,70,1.534273624420166
